timestamp,location_name,latitude,longitude,current_speed,free_flow_speed,current_travel_time,free_flow_travel_time,confidence,road_type,road_closure
2026-02-09T06:59:10.413349,EM_Bypass_North,22.5726,88.3639,12,22,270,147,0.556777,FRC3,False
2026-02-09T06:59:11.550522,Park_Street,22.5535,88.3531,10,19,658,346,0.99,FRC4,False
2026-02-09T06:59:12.689750,Howrah_Bridge,22.5851,88.3467,14,24,906,528,1.0,FRC3,False
2026-02-09T06:59:13.829413,Gariahat,22.5189,88.3647,14,22,639,406,0.996573,FRC7,False
2026-02-09T06:59:14.967689,Salt_Lake_V,22.5744,88.4323,17,24,572,405,0.93385,FRC5,False
2026-02-09T07:03:47.126077,EM_Bypass_North,22.5726,88.3639,12,23,270,141,0.55,FRC3,False
2026-02-09T07:03:48.270656,Park_Street,22.5535,88.3531,10,19,658,346,0.99,FRC4,False
2026-02-09T07:03:49.419444,Howrah_Bridge,22.5851,88.3467,15,24,846,528,1.0,FRC3,False
2026-02-09T07:03:50.575212,Gariahat,22.5189,88.3647,15,22,596,406,0.994867,FRC7,False
2026-02-09T07:03:51.717367,Salt_Lake_V,22.5744,88.4323,18,24,540,405,0.926058,FRC5,False
2026-02-09T07:04:52.949356,EM_Bypass_North,22.5726,88.3639,12,23,270,141,0.55,FRC3,False
2026-02-09T07:04:54.087174,Park_Street,22.5535,88.3531,10,19,658,346,0.99,FRC4,False
2026-02-09T07:04:55.226710,Howrah_Bridge,22.5851,88.3467,14,24,906,528,1.0,FRC3,False
2026-02-09T07:04:56.361201,Gariahat,22.5189,88.3647,14,22,639,406,0.994867,FRC7,False
2026-02-09T07:04:57.502420,Salt_Lake_V,22.5744,88.4323,17,24,572,405,0.926058,FRC5,False
2026-02-09T07:05:58.679475,EM_Bypass_North,22.5726,88.3639,12,23,270,141,0.55,FRC3,False
2026-02-09T07:05:59.811095,Park_Street,22.5535,88.3531,11,19,598,346,0.998232,FRC4,False
2026-02-09T07:06:00.954480,Howrah_Bridge,22.5851,88.3467,14,24,906,528,1.0,FRC3,False
2026-02-09T07:06:02.095022,Gariahat,22.5189,88.3647,14,22,639,406,0.996573,FRC7,False
2026-02-09T07:06:03.233400,Salt_Lake_V,22.5744,88.4323,19,24,511,405,0.927239,FRC5,False
2026-02-09T07:07:04.435537,EM_Bypass_North,22.5726,88.3639,12,23,270,141,0.55,FRC3,False
2026-02-09T07:07:05.573629,Park_Street,22.5535,88.3531,9,18,731,365,1.0,FRC4,False
2026-02-09T07:07:06.710920,Howrah_Bridge,22.5851,88.3467,14,24,906,528,1.0,FRC3,False
2026-02-09T07:07:07.851463,Gariahat,22.5189,88.3647,13,22,688,406,0.996573,FRC7,False
2026-02-09T07:07:08.986643,Salt_Lake_V,22.5744,88.4323,24,24,405,405,1.0,FRC5,False
2026-02-09T07:08:10.179935,EM_Bypass_North,22.5726,88.3639,12,23,270,141,0.55,FRC3,False
2026-02-09T07:08:11.323497,Park_Street,22.5535,88.3531,11,19,598,346,1.0,FRC4,False
2026-02-09T07:08:12.462154,Howrah_Bridge,22.5851,88.3467,15,24,846,528,1.0,FRC3,False
2026-02-09T07:08:13.596262,Gariahat,22.5189,88.3647,14,22,639,406,0.995716,FRC7,False
2026-02-09T07:08:14.736958,Salt_Lake_V,22.5744,88.4323,20,24,486,405,0.932351,FRC5,False
2026-02-09T07:09:15.995184,EM_Bypass_North,22.5726,88.3639,12,23,270,141,0.55,FRC3,False
2026-02-09T07:09:17.132599,Park_Street,22.5535,88.3531,11,18,598,365,1.0,FRC4,False
2026-02-09T07:09:18.270650,Howrah_Bridge,22.5851,88.3467,15,24,846,528,1.0,FRC3,False
2026-02-09T07:09:19.411580,Gariahat,22.5189,88.3647,14,23,639,389,0.995716,FRC7,False
2026-02-09T07:09:20.547829,Salt_Lake_V,22.5744,88.4323,19,24,511,405,0.932351,FRC5,False
2026-02-09T07:10:21.750684,EM_Bypass_North,22.5726,88.3639,12,23,270,141,0.55,FRC3,False
2026-02-09T07:10:22.893274,Park_Street,22.5535,88.3531,11,18,598,365,1.0,FRC4,False
2026-02-09T07:10:24.033470,Howrah_Bridge,22.5851,88.3467,15,24,846,528,1.0,FRC3,False
2026-02-09T07:10:25.176279,Gariahat,22.5189,88.3647,15,23,596,389,0.995716,FRC7,False
2026-02-09T07:10:26.305611,Salt_Lake_V,22.5744,88.4323,19,24,511,405,0.932351,FRC5,False
2026-02-09T07:11:27.568933,EM_Bypass_North,22.5726,88.3639,12,23,270,141,0.55,FRC3,False
2026-02-09T07:11:28.707856,Park_Street,22.5535,88.3531,11,19,598,346,1.0,FRC4,False
2026-02-09T07:11:29.846526,Howrah_Bridge,22.5851,88.3467,15,24,846,528,1.0,FRC3,False
2026-02-09T07:11:30.989032,Gariahat,22.5189,88.3647,15,23,596,389,0.995716,FRC7,False
2026-02-09T07:11:32.119082,Salt_Lake_V,22.5744,88.4323,18,24,540,405,0.932351,FRC5,False
2026-02-09T07:12:33.314356,EM_Bypass_North,22.5726,88.3639,12,22,270,147,0.55,FRC3,False
2026-02-09T07:12:34.451673,Park_Street,22.5535,88.3531,9,18,731,365,1.0,FRC4,False
2026-02-09T07:12:35.585718,Howrah_Bridge,22.5851,88.3467,15,24,846,528,1.0,FRC3,False
2026-02-09T07:12:36.724878,Gariahat,22.5189,88.3647,16,23,559,389,0.994859,FRC7,False
2026-02-09T07:12:37.867946,Salt_Lake_V,22.5744,88.4323,18,24,540,405,0.935412,FRC5,False
2026-02-09T07:13:39.065227,EM_Bypass_North,22.5726,88.3639,15,23,216,141,0.55,FRC3,False
2026-02-09T07:13:40.206361,Park_Street,22.5535,88.3531,10,18,658,365,1.0,FRC4,False
2026-02-09T07:13:41.347949,Howrah_Bridge,22.5851,88.3467,16,24,793,528,1.0,FRC3,False
2026-02-09T07:13:42.481887,Gariahat,22.5189,88.3647,15,23,596,389,0.995716,FRC7,False
2026-02-09T07:13:43.627428,Salt_Lake_V,22.5744,88.4323,17,23,572,422,0.935412,FRC5,False
2026-02-09T07:14:44.806325,EM_Bypass_North,22.5726,88.3639,17,23,191,141,0.55,FRC3,False
2026-02-09T07:14:45.950140,Park_Street,22.5535,88.3531,12,17,548,387,0.998397,FRC4,False
2026-02-09T07:14:47.088516,Howrah_Bridge,22.5851,88.3467,15,24,846,528,1.0,FRC3,False
2026-02-09T07:14:48.229840,Gariahat,22.5189,88.3647,16,22,559,406,0.994859,FRC7,False
2026-02-09T07:14:49.363570,Salt_Lake_V,22.5744,88.4323,16,24,607,405,0.927235,FRC5,False
2026-02-09T07:15:50.545896,EM_Bypass_North,22.5726,88.3639,18,23,180,141,0.54,FRC3,False
2026-02-09T07:15:51.690869,Park_Street,22.5535,88.3531,12,18,548,365,0.998397,FRC4,False
2026-02-09T07:15:52.827744,Howrah_Bridge,22.5851,88.3467,15,23,846,551,1.0,FRC3,False
2026-02-09T07:15:53.965720,Gariahat,22.5189,88.3647,17,23,526,389,0.994855,FRC7,False
2026-02-09T07:15:55.105467,Salt_Lake_V,22.5744,88.4323,16,23,607,422,0.927339,FRC5,False
2026-02-09T07:16:56.301643,EM_Bypass_North,22.5726,88.3639,18,23,180,141,0.54,FRC3,False
2026-02-09T07:16:57.439857,Park_Street,22.5535,88.3531,9,18,731,365,1.0,FRC4,False
2026-02-09T07:16:58.579185,Howrah_Bridge,22.5851,88.3467,16,24,793,528,1.0,FRC3,False
2026-02-09T07:16:59.721519,Gariahat,22.5189,88.3647,16,23,559,389,0.995716,FRC7,False
2026-02-09T07:17:00.865379,Salt_Lake_V,22.5744,88.4323,16,24,607,405,0.932351,FRC5,False
2026-02-09T07:18:02.051157,EM_Bypass_North,22.5726,88.3639,23,23,141,141,1.0,FRC3,False
2026-02-09T07:18:03.199312,Park_Street,22.5535,88.3531,9,18,731,365,1.0,FRC4,False
2026-02-09T07:18:04.341029,Howrah_Bridge,22.5851,88.3467,15,24,846,528,1.0,FRC3,False
2026-02-09T07:18:05.476888,Gariahat,22.5189,88.3647,16,23,559,389,0.995716,FRC7,False
2026-02-09T07:18:06.611489,Salt_Lake_V,22.5744,88.4323,17,24,572,405,0.932351,FRC5,False
2026-02-09T07:19:07.785109,EM_Bypass_North,22.5726,88.3639,23,23,141,141,1.0,FRC3,False
2026-02-09T07:19:08.920992,Park_Street,22.5535,88.3531,10,19,658,346,1.0,FRC4,False
2026-02-09T07:19:10.058710,Howrah_Bridge,22.5851,88.3467,16,24,793,528,1.0,FRC3,False
2026-02-09T07:19:11.194426,Gariahat,22.5189,88.3647,16,22,559,406,0.996573,FRC7,False
2026-02-09T07:19:12.327712,Salt_Lake_V,22.5744,88.4323,16,24,607,405,0.932351,FRC5,False
2026-02-09T07:20:13.512661,EM_Bypass_North,22.5726,88.3639,23,23,141,141,1.0,FRC3,False
2026-02-09T07:20:14.650196,Park_Street,22.5535,88.3531,9,18,731,365,0.99,FRC4,False
2026-02-09T07:20:15.793096,Howrah_Bridge,22.5851,88.3467,15,24,846,528,1.0,FRC3,False
2026-02-09T07:20:16.931187,Gariahat,22.5189,88.3647,16,22,559,406,0.99817,FRC7,False
2026-02-09T07:20:18.074515,Salt_Lake_V,22.5744,88.4323,17,24,572,405,0.930778,FRC5,False
2026-02-09T07:21:19.267462,EM_Bypass_North,22.5726,88.3639,23,23,141,141,1.0,FRC3,False
2026-02-09T07:21:20.401143,Park_Street,22.5535,88.3531,10,19,658,346,0.99,FRC4,False
2026-02-09T07:21:21.536162,Howrah_Bridge,22.5851,88.3467,15,24,846,528,1.0,FRC3,False
2026-02-09T07:21:22.664425,Gariahat,22.5189,88.3647,16,22,559,406,0.996573,FRC7,False
2026-02-09T07:21:23.802041,Salt_Lake_V,22.5744,88.4323,15,24,648,405,0.935412,FRC5,False
2026-02-09T07:22:24.988384,EM_Bypass_North,22.5726,88.3639,23,23,141,141,1.0,FRC3,False
2026-02-09T07:22:26.134071,Park_Street,22.5535,88.3531,11,19,598,346,0.99,FRC4,False
2026-02-09T07:22:27.267762,Howrah_Bridge,22.5851,88.3467,14,23,906,551,1.0,FRC3,False
2026-02-09T07:22:28.407417,Gariahat,22.5189,88.3647,16,22,559,406,0.996573,FRC7,False
2026-02-09T07:22:29.545936,Salt_Lake_V,22.5744,88.4323,17,24,572,405,0.935412,FRC5,False
2026-02-09T07:23:30.733860,EM_Bypass_North,22.5726,88.3639,23,23,141,141,1.0,FRC3,False
2026-02-09T07:23:31.875555,Park_Street,22.5535,88.3531,10,19,658,346,0.99,FRC4,False
2026-02-09T07:23:33.013064,Howrah_Bridge,22.5851,88.3467,14,24,906,528,1.0,FRC3,False
2026-02-09T07:23:34.153958,Gariahat,22.5189,88.3647,16,22,559,406,0.996573,FRC7,False
2026-02-09T07:23:35.295527,Salt_Lake_V,22.5744,88.4323,15,24,648,405,0.935412,FRC5,False
2026-02-09T07:24:36.485580,EM_Bypass_North,22.5726,88.3639,23,23,141,141,1.0,FRC3,False
2026-02-09T07:24:37.624057,Park_Street,22.5535,88.3531,11,19,598,346,0.99,FRC4,False
2026-02-09T07:24:38.755701,Howrah_Bridge,22.5851,88.3467,13,23,976,551,1.0,FRC3,False
2026-02-09T07:24:39.888508,Gariahat,22.5189,88.3647,15,22,596,406,0.996573,FRC7,False
2026-02-09T07:24:41.034858,Salt_Lake_V,22.5744,88.4323,17,24,572,405,0.927235,FRC5,False
2026-02-09T07:25:42.267680,EM_Bypass_North,22.5726,88.3639,23,23,141,141,1.0,FRC3,False
2026-02-09T07:25:43.411192,Park_Street,22.5535,88.3531,10,18,658,365,0.99,FRC4,False
2026-02-09T07:25:44.545280,Howrah_Bridge,22.5851,88.3467,14,23,906,551,1.0,FRC3,False
2026-02-09T07:25:45.678256,Gariahat,22.5189,88.3647,15,22,596,406,0.994859,FRC7,False
2026-02-09T07:25:46.815514,Salt_Lake_V,22.5744,88.4323,18,23,540,422,0.927339,FRC5,False
2026-02-09T07:26:47.989894,EM_Bypass_North,22.5726,88.3639,23,23,141,141,1.0,FRC3,False
2026-02-09T07:26:49.119937,Park_Street,22.5535,88.3531,12,18,548,365,0.990213,FRC4,False
2026-02-09T07:26:50.264487,Howrah_Bridge,22.5851,88.3467,14,24,906,528,1.0,FRC3,False
2026-02-09T07:26:51.403990,Gariahat,22.5189,88.3647,16,22,559,406,0.994859,FRC7,False
2026-02-09T07:26:52.536306,Salt_Lake_V,22.5744,88.4323,20,24,486,405,0.929205,FRC5,False
2026-02-09T07:27:53.741748,EM_Bypass_North,22.5726,88.3639,23,23,141,141,1.0,FRC3,False
2026-02-09T07:27:54.885698,Park_Street,22.5535,88.3531,12,19,548,346,0.9899,FRC4,False
2026-02-09T07:27:56.026474,Howrah_Bridge,22.5851,88.3467,14,24,906,528,1.0,FRC3,False
2026-02-09T07:27:57.164720,Gariahat,22.5189,88.3647,16,22,559,406,0.994859,FRC7,False
2026-02-09T07:27:58.302090,Salt_Lake_V,22.5744,88.4323,21,24,463,405,0.916844,FRC5,False
2026-02-10T05:18:16.663511,EM_Bypass_North,22.5726,88.3639,23,23,141,141,1.0,FRC3,False
2026-02-10T05:18:17.827750,Park_Street,22.5535,88.3531,13,18,506,365,0.995192,FRC4,False
2026-02-10T05:18:18.992168,Howrah_Bridge,22.5851,88.3467,16,24,793,528,1.0,FRC3,False
2026-02-10T05:18:20.162092,Gariahat,22.5189,88.3647,19,23,471,389,0.99743,FRC7,False
2026-02-10T05:18:21.318949,Salt_Lake_V,22.5744,88.4323,17,25,572,389,0.923241,FRC5,False
2026-02-10T05:19:22.617572,EM_Bypass_North,22.5726,88.3639,23,23,141,141,1.0,FRC3,False
2026-02-10T05:19:23.777677,Park_Street,22.5535,88.3531,13,19,506,346,0.99,FRC4,False
2026-02-10T05:19:24.937349,Howrah_Bridge,22.5851,88.3467,16,23,793,551,1.0,FRC3,False
2026-02-10T05:19:26.097717,Gariahat,22.5189,88.3647,18,22,497,406,0.99817,FRC7,False
2026-02-10T05:19:27.257981,Salt_Lake_V,22.5744,88.4323,15,25,648,389,0.927631,FRC5,False
2026-02-10T05:20:28.527552,EM_Bypass_North,22.5726,88.3639,23,23,141,141,1.0,FRC3,False
2026-02-10T05:20:29.683494,Park_Street,22.5535,88.3531,11,18,598,365,0.99,FRC4,False
2026-02-10T05:20:30.840104,Howrah_Bridge,22.5851,88.3467,17,23,746,551,1.0,FRC3,False
2026-02-10T05:20:31.994107,Gariahat,22.5189,88.3647,18,21,497,426,0.99743,FRC7,False
2026-02-10T05:20:33.151933,Salt_Lake_V,22.5744,88.4323,17,24,572,405,0.927631,FRC5,False
2026-02-10T05:21:34.431365,EM_Bypass_North,22.5726,88.3639,23,23,141,141,1.0,FRC3,False
2026-02-10T05:21:35.591606,Park_Street,22.5535,88.3531,13,19,506,346,0.99,FRC4,False
2026-02-10T05:21:36.751570,Howrah_Bridge,22.5851,88.3467,18,24,705,528,1.0,FRC3,False
2026-02-10T05:21:37.905748,Gariahat,22.5189,88.3647,18,23,497,389,0.996573,FRC7,False
2026-02-10T05:21:39.072374,Salt_Lake_V,22.5744,88.4323,15,24,648,405,0.925869,FRC5,False
2026-02-10T05:22:40.367224,EM_Bypass_North,22.5726,88.3639,23,23,141,141,1.0,FRC3,False
2026-02-10T05:22:41.535745,Park_Street,22.5535,88.3531,14,18,470,365,0.993589,FRC4,False
2026-02-10T05:22:42.687438,Howrah_Bridge,22.5851,88.3467,18,24,705,528,1.0,FRC3,False
2026-02-10T05:22:43.855676,Gariahat,22.5189,88.3647,18,22,497,406,0.996573,FRC7,False
2026-02-10T05:22:45.018073,Salt_Lake_V,22.5744,88.4323,16,24,607,405,0.923689,FRC5,False
2026-02-10T05:23:46.267607,EM_Bypass_North,22.5726,88.3639,23,23,141,141,1.0,FRC3,False
2026-02-10T05:23:47.421053,Park_Street,22.5535,88.3531,14,18,470,365,0.993589,FRC4,False
2026-02-10T05:23:48.588170,Howrah_Bridge,22.5851,88.3467,19,24,668,528,1.0,FRC3,False
2026-02-10T05:23:49.745322,Gariahat,22.5189,88.3647,17,22,526,406,0.996573,FRC7,False
2026-02-10T05:23:50.907266,Salt_Lake_V,22.5744,88.4323,18,24,540,405,0.92805,FRC5,False
2026-02-10T05:24:52.213430,EM_Bypass_North,22.5726,88.3639,23,23,141,141,1.0,FRC3,False
2026-02-10T05:24:53.370840,Park_Street,22.5535,88.3531,13,18,506,365,0.99,FRC4,False
2026-02-10T05:24:54.533201,Howrah_Bridge,22.5851,88.3467,18,24,705,528,1.0,FRC3,False
2026-02-10T05:24:55.687233,Gariahat,22.5189,88.3647,16,23,559,389,0.99817,FRC7,False
2026-02-10T05:24:56.844589,Salt_Lake_V,22.5744,88.4323,17,24,572,405,0.923689,FRC5,False
2026-02-10T05:25:58.123645,EM_Bypass_North,22.5726,88.3639,23,23,141,141,1.0,FRC3,False
2026-02-10T05:25:59.294245,Park_Street,22.5535,88.3531,14,19,470,346,0.99,FRC4,False
2026-02-10T05:26:00.450507,Howrah_Bridge,22.5851,88.3467,16,23,793,551,1.0,FRC3,False
2026-02-10T05:26:01.607040,Gariahat,22.5189,88.3647,15,22,596,406,0.99817,FRC7,False
2026-02-10T05:26:02.759188,Salt_Lake_V,22.5744,88.4323,16,24,607,405,0.923689,FRC5,False
2026-02-10T05:27:04.032673,EM_Bypass_North,22.5726,88.3639,23,23,141,141,1.0,FRC3,False
2026-02-10T05:27:05.187581,Park_Street,22.5535,88.3531,14,19,470,346,0.99,FRC4,False
2026-02-10T05:27:06.347038,Howrah_Bridge,22.5851,88.3467,16,23,793,551,1.0,FRC3,False
2026-02-10T05:27:07.508263,Gariahat,22.5189,88.3647,15,22,596,406,0.99817,FRC7,False
2026-02-10T05:27:08.668196,Salt_Lake_V,22.5744,88.4323,16,25,607,389,0.927631,FRC5,False
2026-02-10T05:28:09.878509,EM_Bypass_North,22.5726,88.3639,19,22,170,147,0.506175,FRC3,False
2026-02-10T05:28:11.037947,Park_Street,22.5535,88.3531,13,18,506,365,0.99,FRC4,False
2026-02-10T05:28:12.197263,Howrah_Bridge,22.5851,88.3467,17,24,746,528,1.0,FRC3,False
2026-02-10T05:28:13.355454,Gariahat,22.5189,88.3647,15,22,596,406,0.99743,FRC7,False
2026-02-10T05:28:14.507727,Salt_Lake_V,22.5744,88.4323,17,24,572,405,0.927631,FRC5,False
2026-02-10T05:29:15.802256,EM_Bypass_North,22.5726,88.3639,19,22,170,147,0.506175,FRC3,False
2026-02-10T05:29:16.958446,Park_Street,22.5535,88.3531,11,18,598,365,0.99,FRC4,False
2026-02-10T05:29:18.127106,Howrah_Bridge,22.5851,88.3467,18,23,705,551,1.0,FRC3,False
2026-02-10T05:29:19.293837,Gariahat,22.5189,88.3647,15,23,596,389,0.99743,FRC7,False
2026-02-10T05:29:20.453682,Salt_Lake_V,22.5744,88.4323,18,24,540,405,0.927631,FRC5,False
2026-02-10T05:30:21.727130,EM_Bypass_North,22.5726,88.3639,19,22,170,147,0.506175,FRC3,False
2026-02-10T05:30:22.885467,Park_Street,22.5535,88.3531,11,18,598,365,0.99,FRC4,False
2026-02-10T05:30:24.043841,Howrah_Bridge,22.5851,88.3467,16,23,793,551,1.0,FRC3,False
2026-02-10T05:30:25.213655,Gariahat,22.5189,88.3647,15,22,596,406,0.99743,FRC7,False
2026-02-10T05:30:26.371949,Salt_Lake_V,22.5744,88.4323,16,24,607,405,0.927631,FRC5,False
2026-02-10T05:31:27.663174,EM_Bypass_North,22.5726,88.3639,19,22,170,147,0.506175,FRC3,False
2026-02-10T05:31:28.820647,Park_Street,22.5535,88.3531,11,19,598,346,0.99,FRC4,False
2026-02-10T05:31:29.977706,Howrah_Bridge,22.5851,88.3467,17,24,746,528,1.0,FRC3,False
2026-02-10T05:31:31.131042,Gariahat,22.5189,88.3647,15,22,596,406,0.99743,FRC7,False
2026-02-10T05:31:32.285875,Salt_Lake_V,22.5744,88.4323,14,24,694,405,0.927631,FRC5,False
2026-02-10T05:32:33.566442,EM_Bypass_North,22.5726,88.3639,19,22,170,147,0.506175,FRC3,False
2026-02-10T05:32:34.727098,Park_Street,22.5535,88.3531,10,17,658,387,0.995192,FRC4,False
2026-02-10T05:32:35.882843,Howrah_Bridge,22.5851,88.3467,16,24,793,528,1.0,FRC3,False
2026-02-10T05:32:37.040946,Gariahat,22.5189,88.3647,15,22,596,406,0.99817,FRC7,False
2026-02-10T05:32:38.194318,Salt_Lake_V,22.5744,88.4323,14,24,694,405,0.924929,FRC5,False
2026-02-10T05:33:39.481331,EM_Bypass_North,22.5726,88.3639,23,23,141,141,1.0,FRC3,False
2026-02-10T05:33:40.635884,Park_Street,22.5535,88.3531,10,18,658,365,0.995192,FRC4,False
2026-02-10T05:33:41.793544,Howrah_Bridge,22.5851,88.3467,16,23,793,551,1.0,FRC3,False
2026-02-10T05:33:42.949702,Gariahat,22.5189,88.3647,15,22,596,406,0.996573,FRC7,False
2026-02-10T05:33:44.104555,Salt_Lake_V,22.5744,88.4323,16,24,607,405,0.925373,FRC5,False
2026-02-10T05:34:45.384825,EM_Bypass_North,22.5726,88.3639,23,23,141,141,1.0,FRC3,False
2026-02-10T05:34:46.544206,Park_Street,22.5535,88.3531,10,17,658,387,0.995192,FRC4,False
2026-02-10T05:34:47.702093,Howrah_Bridge,22.5851,88.3467,17,24,746,528,1.0,FRC3,False
2026-02-10T05:34:48.855564,Gariahat,22.5189,88.3647,15,23,596,389,0.996573,FRC7,False
2026-02-10T05:34:50.013786,Salt_Lake_V,22.5744,88.4323,15,24,648,405,0.93177,FRC5,False
2026-02-10T05:35:51.225312,EM_Bypass_North,22.5726,88.3639,23,23,141,141,1.0,FRC3,False
2026-02-10T05:35:52.381531,Park_Street,22.5535,88.3531,10,17,658,387,0.995192,FRC4,False
2026-02-10T05:35:53.536781,Howrah_Bridge,22.5851,88.3467,17,23,746,551,1.0,FRC3,False
2026-02-10T05:35:54.691169,Gariahat,22.5189,88.3647,15,22,596,406,0.996573,FRC7,False
2026-02-10T05:35:55.844424,Salt_Lake_V,22.5744,88.4323,16,24,607,405,0.92805,FRC5,False
2026-02-10T05:36:57.127944,EM_Bypass_North,22.5726,88.3639,23,23,141,141,1.0,FRC3,False
2026-02-10T05:36:58.283346,Park_Street,22.5535,88.3531,10,18,658,365,0.996795,FRC4,False
2026-02-10T05:36:59.440552,Howrah_Bridge,22.5851,88.3467,17,23,746,551,1.0,FRC3,False
2026-02-10T05:37:00.598836,Gariahat,22.5189,88.3647,15,23,596,389,0.996573,FRC7,False
2026-02-10T05:37:01.756610,Salt_Lake_V,22.5744,88.4323,17,25,572,389,0.927631,FRC5,False
2026-02-10T05:38:02.963035,EM_Bypass_North,22.5726,88.3639,23,23,141,141,1.0,FRC3,False
2026-02-10T05:38:04.119736,Park_Street,22.5535,88.3531,11,19,598,346,0.99,FRC4,False
2026-02-10T05:38:05.276869,Howrah_Bridge,22.5851,88.3467,17,23,746,551,1.0,FRC3,False
2026-02-10T05:38:06.434034,Gariahat,22.5189,88.3647,17,23,526,389,0.995716,FRC7,False
2026-02-10T05:38:07.595030,Salt_Lake_V,22.5744,88.4323,16,24,607,405,0.927631,FRC5,False
2026-02-10T05:39:08.809254,EM_Bypass_North,22.5726,88.3639,23,23,141,141,1.0,FRC3,False
2026-02-10T05:39:09.963875,Park_Street,22.5535,88.3531,11,18,598,365,0.99,FRC4,False
2026-02-10T05:39:11.116856,Howrah_Bridge,22.5851,88.3467,17,24,746,528,1.0,FRC3,False
2026-02-10T05:39:12.268422,Gariahat,22.5189,88.3647,17,22,526,406,0.995716,FRC7,False
2026-02-10T05:39:13.427669,Salt_Lake_V,22.5744,88.4323,16,25,607,389,0.931215,FRC5,False
2026-02-10T05:40:14.702536,EM_Bypass_North,22.5726,88.3639,23,23,141,141,1.0,FRC3,False
2026-02-10T05:40:15.861687,Park_Street,22.5535,88.3531,11,19,598,346,0.99,FRC4,False
2026-02-10T05:40:17.022120,Howrah_Bridge,22.5851,88.3467,17,23,746,551,1.0,FRC3,False
2026-02-10T05:40:18.189536,Gariahat,22.5189,88.3647,17,23,526,389,0.995716,FRC7,False
2026-02-10T05:40:19.345497,Salt_Lake_V,22.5744,88.4323,16,25,607,389,0.931215,FRC5,False
2026-02-10T05:41:20.555647,EM_Bypass_North,22.5726,88.3639,18,22,180,147,0.512349,FRC3,False
2026-02-10T05:41:21.710456,Park_Street,22.5535,88.3531,11,18,598,365,0.99,FRC4,False
2026-02-10T05:41:22.869193,Howrah_Bridge,22.5851,88.3467,17,23,746,551,1.0,FRC3,False
2026-02-10T05:41:24.024918,Gariahat,22.5189,88.3647,17,22,526,406,0.995716,FRC7,False
2026-02-10T05:41:25.181296,Salt_Lake_V,22.5744,88.4323,15,25,648,389,0.927631,FRC5,False
2026-02-10T05:42:26.382361,EM_Bypass_North,22.5726,88.3639,18,22,180,147,0.512349,FRC3,False
2026-02-10T05:42:27.540436,Park_Street,22.5535,88.3531,11,19,598,346,0.99,FRC4,False
2026-02-10T05:42:28.693333,Howrah_Bridge,22.5851,88.3467,17,24,746,528,1.0,FRC3,False
2026-02-10T05:42:29.845491,Gariahat,22.5189,88.3647,17,22,526,406,0.996573,FRC7,False
2026-02-10T05:42:31.002667,Salt_Lake_V,22.5744,88.4323,14,23,694,422,0.927631,FRC5,False
2026-02-10T05:43:32.213822,EM_Bypass_North,22.5726,88.3639,18,22,180,147,0.512349,FRC3,False
2026-02-10T05:43:33.372680,Park_Street,22.5535,88.3531,13,19,506,346,0.99,FRC4,False
2026-02-10T05:43:34.532060,Howrah_Bridge,22.5851,88.3467,16,24,793,528,1.0,FRC3,False
2026-02-10T05:43:35.687391,Gariahat,22.5189,88.3647,18,22,497,406,0.996573,FRC7,False
2026-02-10T05:43:36.858123,Salt_Lake_V,22.5744,88.4323,16,24,607,405,0.942431,FRC5,False
2026-02-10T05:44:38.077181,EM_Bypass_North,22.5726,88.3639,18,22,180,147,0.512349,FRC3,False
2026-02-10T05:44:39.232548,Park_Street,22.5535,88.3531,11,19,598,346,0.99,FRC4,False
2026-02-10T05:44:40.388399,Howrah_Bridge,22.5851,88.3467,17,24,746,528,1.0,FRC3,False
2026-02-10T05:44:41.541308,Gariahat,22.5189,88.3647,18,23,497,389,0.995716,FRC7,False
2026-02-10T05:44:42.695080,Salt_Lake_V,22.5744,88.4323,15,25,648,389,0.942431,FRC5,False
2026-02-10T05:45:43.969977,EM_Bypass_North,22.5726,88.3639,18,22,180,147,0.512349,FRC3,False
2026-02-10T05:45:45.124158,Park_Street,22.5535,88.3531,11,18,598,365,0.99,FRC4,False
2026-02-10T05:45:46.286306,Howrah_Bridge,22.5851,88.3467,15,23,846,551,1.0,FRC3,False
2026-02-10T05:45:47.439629,Gariahat,22.5189,88.3647,17,22,526,406,0.996573,FRC7,False
2026-02-10T05:45:48.591951,Salt_Lake_V,22.5744,88.4323,16,24,607,405,0.939551,FRC5,False
2026-02-10T05:46:49.799326,EM_Bypass_North,22.5726,88.3639,18,22,180,147,0.512349,FRC3,False
2026-02-10T05:46:50.957863,Park_Street,22.5535,88.3531,11,19,598,346,0.99,FRC4,False
2026-02-10T05:46:52.118624,Howrah_Bridge,22.5851,88.3467,18,24,705,528,1.0,FRC3,False
2026-02-10T05:46:53.275888,Gariahat,22.5189,88.3647,16,22,559,406,0.996573,FRC7,False
2026-02-10T05:46:54.435116,Salt_Lake_V,22.5744,88.4323,13,25,748,389,0.937352,FRC5,False
2026-02-10T05:47:55.645117,EM_Bypass_North,22.5726,88.3639,18,22,180,147,0.512349,FRC3,False
2026-02-10T05:47:56.802210,Park_Street,22.5535,88.3531,13,18,506,365,0.99,FRC4,False
2026-02-10T05:47:57.953958,Howrah_Bridge,22.5851,88.3467,17,24,746,528,1.0,FRC3,False
2026-02-10T05:47:59.114039,Gariahat,22.5189,88.3647,16,22,559,406,0.996573,FRC7,False
2026-02-10T05:48:00.273168,Salt_Lake_V,22.5744,88.4323,13,24,748,405,0.926058,FRC5,False
2026-02-10T05:49:01.488095,EM_Bypass_North,22.5726,88.3639,18,22,180,147,0.518524,FRC3,False
2026-02-10T05:49:02.639279,Park_Street,22.5535,88.3531,13,18,506,365,0.99,FRC4,False
2026-02-10T05:49:03.791340,Howrah_Bridge,22.5851,88.3467,18,24,705,528,1.0,FRC3,False
2026-02-10T05:49:04.942840,Gariahat,22.5189,88.3647,17,22,526,406,0.995716,FRC7,False
2026-02-10T05:49:06.102738,Salt_Lake_V,22.5744,88.4323,13,24,748,405,0.926058,FRC5,False
2026-02-10T05:50:07.375876,EM_Bypass_North,22.5726,88.3639,18,22,180,147,0.518524,FRC3,False
2026-02-10T05:50:08.527544,Park_Street,22.5535,88.3531,11,18,598,365,1.0,FRC4,False
2026-02-10T05:50:09.685466,Howrah_Bridge,22.5851,88.3467,16,24,793,528,1.0,FRC3,False
2026-02-10T05:50:10.840952,Gariahat,22.5189,88.3647,15,23,596,389,0.996573,FRC7,False
2026-02-10T05:50:11.996488,Salt_Lake_V,22.5744,88.4323,13,24,748,405,0.926058,FRC5,False
2026-02-10T05:51:13.303816,EM_Bypass_North,22.5726,88.3639,18,22,180,147,0.518524,FRC3,False
2026-02-10T05:51:14.469643,Park_Street,22.5535,88.3531,11,18,598,365,1.0,FRC4,False
2026-02-10T05:51:15.629423,Howrah_Bridge,22.5851,88.3467,16,24,793,528,1.0,FRC3,False
2026-02-10T05:51:16.786546,Gariahat,22.5189,88.3647,16,22,559,406,0.996573,FRC7,False
2026-02-10T05:51:17.941985,Salt_Lake_V,22.5744,88.4323,12,23,810,422,0.926058,FRC5,False
2026-02-10T05:52:19.141253,EM_Bypass_North,22.5726,88.3639,18,22,180,147,0.518524,FRC3,False
2026-02-10T05:52:20.297863,Park_Street,22.5535,88.3531,12,18,548,365,0.996464,FRC4,False
2026-02-10T05:52:21.452408,Howrah_Bridge,22.5851,88.3467,17,24,746,528,1.0,FRC3,False
2026-02-10T05:52:22.611444,Gariahat,22.5189,88.3647,16,21,559,426,0.995716,FRC7,False
2026-02-10T05:52:23.766412,Salt_Lake_V,22.5744,88.4323,15,25,648,389,0.926058,FRC5,False
2026-02-10T05:53:24.972058,EM_Bypass_North,22.5726,88.3639,18,22,180,147,0.518524,FRC3,False
2026-02-10T05:53:26.129638,Park_Street,22.5535,88.3531,11,18,598,365,0.994839,FRC4,False
2026-02-10T05:53:27.291966,Howrah_Bridge,22.5851,88.3467,18,24,705,528,1.0,FRC3,False
2026-02-10T05:53:28.456984,Gariahat,22.5189,88.3647,16,21,559,426,0.996573,FRC7,False
2026-02-10T05:53:29.613200,Salt_Lake_V,22.5744,88.4323,16,25,607,389,0.926058,FRC5,False
2026-02-10T05:54:30.829337,EM_Bypass_North,22.5726,88.3639,19,22,170,147,0.512349,FRC3,False
2026-02-10T05:54:31.987721,Park_Street,22.5535,88.3531,11,19,598,346,0.996464,FRC4,False
2026-02-10T05:54:33.140345,Howrah_Bridge,22.5851,88.3467,17,24,746,528,1.0,FRC3,False
2026-02-10T05:54:34.298376,Gariahat,22.5189,88.3647,17,22,526,406,0.996573,FRC7,False
2026-02-10T05:54:35.451947,Salt_Lake_V,22.5744,88.4323,15,25,648,389,0.926058,FRC5,False
2026-02-10T05:55:36.655820,EM_Bypass_North,22.5726,88.3639,19,22,170,147,0.512349,FRC3,False
2026-02-10T05:55:37.812408,Park_Street,22.5535,88.3531,12,19,548,346,0.996464,FRC4,False
2026-02-10T05:55:38.966481,Howrah_Bridge,22.5851,88.3467,17,24,746,528,1.0,FRC3,False
2026-02-10T05:55:40.122875,Gariahat,22.5189,88.3647,17,23,526,389,0.995716,FRC7,False
2026-02-10T05:55:41.282409,Salt_Lake_V,22.5744,88.4323,14,24,694,405,0.926058,FRC5,False
2026-02-10T05:56:42.565039,EM_Bypass_North,22.5726,88.3639,17,22,191,147,0.518524,FRC3,False
2026-02-10T05:56:43.720803,Park_Street,22.5535,88.3531,12,18,548,365,0.996464,FRC4,False
2026-02-10T05:56:44.884294,Howrah_Bridge,22.5851,88.3467,18,24,705,528,1.0,FRC3,False
2026-02-10T05:56:46.040164,Gariahat,22.5189,88.3647,18,22,497,406,0.995716,FRC7,False
2026-02-10T05:56:47.195239,Salt_Lake_V,22.5744,88.4323,17,24,572,405,0.924929,FRC5,False
2026-02-10T05:57:48.404825,EM_Bypass_North,22.5726,88.3639,17,22,191,147,0.518524,FRC3,False
2026-02-10T05:57:49.564970,Park_Street,22.5535,88.3531,11,19,598,346,0.996464,FRC4,False
2026-02-10T05:57:50.720235,Howrah_Bridge,22.5851,88.3467,18,23,705,551,1.0,FRC3,False
2026-02-10T05:57:51.877812,Gariahat,22.5189,88.3647,17,22,526,406,0.994859,FRC7,False
2026-02-10T05:57:53.034708,Salt_Lake_V,22.5744,88.4323,16,25,607,389,0.924929,FRC5,False
2026-02-10T05:58:54.245200,EM_Bypass_North,22.5726,88.3639,23,23,141,141,1.0,FRC3,False
2026-02-10T05:58:55.406507,Park_Street,22.5535,88.3531,10,19,658,346,0.996464,FRC4,False
2026-02-10T05:58:56.564334,Howrah_Bridge,22.5851,88.3467,17,24,746,528,1.0,FRC3,False
2026-02-10T05:58:57.726056,Gariahat,22.5189,88.3647,17,22,526,406,0.994859,FRC7,False
2026-02-10T05:58:58.886869,Salt_Lake_V,22.5744,88.4323,15,24,648,405,0.92487,FRC5,False
2026-02-10T06:00:00.087334,EM_Bypass_North,22.5726,88.3639,23,23,141,141,1.0,FRC3,False
2026-02-10T06:00:01.242074,Park_Street,22.5535,88.3531,10,18,658,365,0.996464,FRC4,False
2026-02-10T06:00:02.396050,Howrah_Bridge,22.5851,88.3467,17,24,746,528,1.0,FRC3,False
2026-02-10T06:00:03.560963,Gariahat,22.5189,88.3647,17,22,526,406,0.994859,FRC7,False
2026-02-10T06:00:04.716889,Salt_Lake_V,22.5744,88.4323,15,24,648,405,0.926617,FRC5,False
2026-02-10T06:01:05.989267,EM_Bypass_North,22.5726,88.3639,23,23,141,141,1.0,FRC3,False
2026-02-10T06:01:07.148417,Park_Street,22.5535,88.3531,10,18,658,365,0.99,FRC4,False
2026-02-10T06:01:08.304575,Howrah_Bridge,22.5851,88.3467,17,24,746,528,1.0,FRC3,False
2026-02-10T06:01:09.464019,Gariahat,22.5189,88.3647,16,22,559,406,0.995716,FRC7,False
2026-02-10T06:01:10.620580,Salt_Lake_V,22.5744,88.4323,15,24,648,405,0.926617,FRC5,False
2026-02-10T06:02:11.829252,EM_Bypass_North,22.5726,88.3639,23,23,141,141,1.0,FRC3,False
2026-02-10T06:02:12.982806,Park_Street,22.5535,88.3531,11,18,598,365,0.99,FRC4,False
2026-02-10T06:02:14.137617,Howrah_Bridge,22.5851,88.3467,17,24,746,528,1.0,FRC3,False
2026-02-10T06:02:15.294719,Gariahat,22.5189,88.3647,16,22,559,406,0.995716,FRC7,False
2026-02-10T06:02:16.451626,Salt_Lake_V,22.5744,88.4323,15,25,648,389,0.931859,FRC5,False
2026-02-10T06:03:17.661708,EM_Bypass_North,22.5726,88.3639,23,23,141,141,1.0,FRC3,False
2026-02-10T06:03:18.819686,Park_Street,22.5535,88.3531,12,18,548,365,0.99,FRC4,False
2026-02-10T06:03:19.971430,Howrah_Bridge,22.5851,88.3467,16,24,793,528,1.0,FRC3,False
2026-02-10T06:03:21.123643,Gariahat,22.5189,88.3647,16,23,559,389,0.995716,FRC7,False
2026-02-10T06:03:22.280271,Salt_Lake_V,22.5744,88.4323,16,25,607,389,0.925906,FRC5,False
2026-02-10T06:04:23.486886,EM_Bypass_North,22.5726,88.3639,23,23,141,141,1.0,FRC3,False
2026-02-10T06:04:24.639699,Park_Street,22.5535,88.3531,11,17,598,387,0.998397,FRC4,False
2026-02-10T06:04:25.797458,Howrah_Bridge,22.5851,88.3467,17,24,746,528,1.0,FRC3,False
2026-02-10T06:04:26.952621,Gariahat,22.5189,88.3647,17,23,526,389,0.995716,FRC7,False
2026-02-10T06:04:28.104721,Salt_Lake_V,22.5744,88.4323,15,24,648,405,0.930111,FRC5,False
2026-02-10T06:05:29.307425,EM_Bypass_North,22.5726,88.3639,23,23,141,141,1.0,FRC3,False
2026-02-10T06:05:30.465031,Park_Street,22.5535,88.3531,10,19,658,346,0.99,FRC4,False
2026-02-10T06:05:31.617081,Howrah_Bridge,22.5851,88.3467,17,24,746,528,1.0,FRC3,False
2026-02-10T06:05:32.774734,Gariahat,22.5189,88.3647,16,22,559,406,0.995716,FRC7,False
2026-02-10T06:05:33.925700,Salt_Lake_V,22.5744,88.4323,17,25,572,389,0.928364,FRC5,False
2026-02-10T06:06:35.128157,EM_Bypass_North,22.5726,88.3639,18,22,180,147,0.522349,FRC3,False
2026-02-10T06:06:36.281964,Park_Street,22.5535,88.3531,12,19,548,346,0.99,FRC4,False
2026-02-10T06:06:37.438868,Howrah_Bridge,22.5851,88.3467,17,24,746,528,1.0,FRC3,False
2026-02-10T06:06:38.592746,Gariahat,22.5189,88.3647,16,22,559,406,0.995716,FRC7,False
2026-02-10T06:06:39.759182,Salt_Lake_V,22.5744,88.4323,17,24,572,405,0.925373,FRC5,False
2026-02-10T06:07:40.966019,EM_Bypass_North,22.5726,88.3639,23,23,141,141,1.0,FRC3,False
2026-02-10T06:07:42.120597,Park_Street,22.5535,88.3531,12,19,548,346,0.99,FRC4,False
2026-02-10T06:07:43.285170,Howrah_Bridge,22.5851,88.3467,17,24,746,528,1.0,FRC3,False
2026-02-10T06:07:44.443205,Gariahat,22.5189,88.3647,15,22,596,406,0.995716,FRC7,False
2026-02-10T06:07:45.595886,Salt_Lake_V,22.5744,88.4323,16,24,607,405,0.926058,FRC5,False
2026-02-10T06:08:46.795123,EM_Bypass_North,22.5726,88.3639,23,23,141,141,1.0,FRC3,False
2026-02-10T06:08:47.947083,Park_Street,22.5535,88.3531,12,19,548,346,0.998999,FRC4,False
2026-02-10T06:08:49.097428,Howrah_Bridge,22.5851,88.3467,17,24,746,528,1.0,FRC3,False
2026-02-10T06:08:50.253079,Gariahat,22.5189,88.3647,15,23,596,389,0.996339,FRC7,False
2026-02-10T06:08:51.405630,Salt_Lake_V,22.5744,88.4323,14,24,694,405,0.933902,FRC5,False
2026-02-10T06:09:52.616597,EM_Bypass_North,22.5726,88.3639,23,23,141,141,1.0,FRC3,False
2026-02-10T06:09:53.777950,Park_Street,22.5535,88.3531,11,18,598,365,0.998999,FRC4,False
2026-02-10T06:09:54.934664,Howrah_Bridge,22.5851,88.3467,16,24,793,528,1.0,FRC3,False
2026-02-10T06:09:56.092231,Gariahat,22.5189,88.3647,14,21,639,426,0.992759,FRC7,False
2026-02-10T06:09:57.250294,Salt_Lake_V,22.5744,88.4323,14,25,694,389,0.940217,FRC5,False
2026-02-10T06:10:58.463936,EM_Bypass_North,22.5726,88.3639,23,23,141,141,1.0,FRC3,False
2026-02-10T06:10:59.620583,Park_Street,22.5535,88.3531,12,18,548,365,0.997998,FRC4,False
2026-02-10T06:11:00.777118,Howrah_Bridge,22.5851,88.3467,16,23,793,551,1.0,FRC3,False
2026-02-10T06:11:01.934105,Gariahat,22.5189,88.3647,15,23,596,389,0.995716,FRC7,False
2026-02-10T06:11:03.090801,Salt_Lake_V,22.5744,88.4323,13,25,748,389,0.938848,FRC5,False
2026-02-10T06:12:04.301646,EM_Bypass_North,22.5726,88.3639,23,23,141,141,1.0,FRC3,False
2026-02-10T06:12:05.459552,Park_Street,22.5535,88.3531,13,18,506,365,0.998999,FRC4,False
2026-02-10T06:12:06.631393,Howrah_Bridge,22.5851,88.3467,17,24,746,528,1.0,FRC3,False
2026-02-10T06:12:07.789116,Gariahat,22.5189,88.3647,15,21,596,426,0.995716,FRC7,False
2026-02-10T06:12:08.957397,Salt_Lake_V,22.5744,88.4323,13,24,748,405,0.933902,FRC5,False
2026-02-10T06:13:10.249928,EM_Bypass_North,22.5726,88.3639,23,23,141,141,1.0,FRC3,False
2026-02-10T06:13:11.407472,Park_Street,22.5535,88.3531,11,18,598,365,0.997998,FRC4,False
2026-02-10T06:13:12.566117,Howrah_Bridge,22.5851,88.3467,16,24,793,528,1.0,FRC3,False
2026-02-10T06:13:13.726676,Gariahat,22.5189,88.3647,15,22,596,406,0.995716,FRC7,False
2026-02-10T06:13:14.879518,Salt_Lake_V,22.5744,88.4323,12,24,810,405,0.93177,FRC5,False
2026-02-10T06:14:16.091613,EM_Bypass_North,22.5726,88.3639,23,23,141,141,1.0,FRC3,False
2026-02-10T06:14:17.250373,Park_Street,22.5535,88.3531,11,18,598,365,0.99444,FRC4,False
2026-02-10T06:14:18.409957,Howrah_Bridge,22.5851,88.3467,14,24,906,528,1.0,FRC3,False
2026-02-10T06:14:19.568913,Gariahat,22.5189,88.3647,15,22,596,406,0.992759,FRC7,False
2026-02-10T06:14:20.726947,Salt_Lake_V,22.5744,88.4323,13,24,748,405,0.959488,FRC5,False
2026-02-10T06:15:21.940473,EM_Bypass_North,22.5726,88.3639,23,23,141,141,1.0,FRC3,False
2026-02-10T06:15:23.100156,Park_Street,22.5535,88.3531,11,18,598,365,0.99444,FRC4,False
2026-02-10T06:15:24.258064,Howrah_Bridge,22.5851,88.3467,15,24,846,528,1.0,FRC3,False
2026-02-10T06:15:25.411247,Gariahat,22.5189,88.3647,15,22,596,406,0.992759,FRC7,False
2026-02-10T06:15:26.568748,Salt_Lake_V,22.5744,88.4323,14,25,694,389,0.961987,FRC5,False
2026-02-10T06:16:27.777224,EM_Bypass_North,22.5726,88.3639,23,23,141,141,1.0,FRC3,False
2026-02-10T06:16:28.936693,Park_Street,22.5535,88.3531,11,18,598,365,0.99444,FRC4,False
2026-02-10T06:16:30.090839,Howrah_Bridge,22.5851,88.3467,16,24,793,528,1.0,FRC3,False
2026-02-10T06:16:31.244534,Gariahat,22.5189,88.3647,17,22,526,406,0.995716,FRC7,False
2026-02-10T06:16:32.395655,Salt_Lake_V,22.5744,88.4323,13,24,748,405,0.961987,FRC5,False
2026-02-10T06:17:33.613937,EM_Bypass_North,22.5726,88.3639,23,23,141,141,1.0,FRC3,False
2026-02-10T06:17:34.771594,Park_Street,22.5535,88.3531,10,18,658,365,0.992661,FRC4,False
2026-02-10T06:17:35.929962,Howrah_Bridge,22.5851,88.3467,15,24,846,528,1.0,FRC3,False
2026-02-10T06:17:37.084074,Gariahat,22.5189,88.3647,17,21,526,426,0.994859,FRC7,False
2026-02-10T06:17:38.242069,Salt_Lake_V,22.5744,88.4323,14,25,694,389,0.960588,FRC5,False
2026-02-10T06:18:39.442628,EM_Bypass_North,22.5726,88.3639,23,23,141,141,1.0,FRC3,False
2026-02-10T06:18:40.599553,Park_Street,22.5535,88.3531,11,18,598,365,0.99166,FRC4,False
2026-02-10T06:18:41.753604,Howrah_Bridge,22.5851,88.3467,16,24,793,528,1.0,FRC3,False
2026-02-10T06:18:42.904446,Gariahat,22.5189,88.3647,17,22,526,406,0.997325,FRC7,False
2026-02-10T06:18:44.063700,Salt_Lake_V,22.5744,88.4323,13,24,748,405,0.960588,FRC5,False
2026-02-10T06:19:45.275008,EM_Bypass_North,22.5726,88.3639,23,23,141,141,1.0,FRC3,False
2026-02-10T06:19:46.435558,Park_Street,22.5535,88.3531,12,19,548,346,0.99166,FRC4,False
2026-02-10T06:19:47.588530,Howrah_Bridge,22.5851,88.3467,14,23,906,551,1.0,FRC3,False
2026-02-10T06:19:48.742553,Gariahat,22.5189,88.3647,15,21,596,426,0.992759,FRC7,False
2026-02-10T06:19:49.901463,Salt_Lake_V,22.5744,88.4323,14,25,694,389,0.960588,FRC5,False
2026-02-10T06:20:51.108105,EM_Bypass_North,22.5726,88.3639,23,23,141,141,1.0,FRC3,False
2026-02-10T06:20:52.262987,Park_Street,22.5535,88.3531,11,18,598,365,0.99166,FRC4,False
2026-02-10T06:20:53.417358,Howrah_Bridge,22.5851,88.3467,15,23,846,551,1.0,FRC3,False
2026-02-10T06:20:54.571856,Gariahat,22.5189,88.3647,15,21,596,426,0.992759,FRC7,False
2026-02-10T06:20:55.734846,Salt_Lake_V,22.5744,88.4323,12,24,810,405,0.961561,FRC5,False
2026-02-10T06:21:56.944847,EM_Bypass_North,22.5726,88.3639,23,23,141,141,1.0,FRC3,False
2026-02-10T06:21:58.100968,Park_Street,22.5535,88.3531,11,18,598,365,0.99166,FRC4,False
2026-02-10T06:21:59.256579,Howrah_Bridge,22.5851,88.3467,14,23,906,551,1.0,FRC3,False
2026-02-10T06:22:00.416518,Gariahat,22.5189,88.3647,16,22,559,406,0.997325,FRC7,False
2026-02-10T06:22:01.571847,Salt_Lake_V,22.5744,88.4323,12,24,810,405,0.961561,FRC5,False
2026-02-10T06:23:02.781013,EM_Bypass_North,22.5726,88.3639,23,23,141,141,1.0,FRC3,False
2026-02-10T06:23:03.942677,Park_Street,22.5535,88.3531,10,19,658,346,0.986997,FRC4,False
2026-02-10T06:23:05.112058,Howrah_Bridge,22.5851,88.3467,14,23,906,551,1.0,FRC3,False
2026-02-10T06:23:06.263080,Gariahat,22.5189,88.3647,15,21,596,426,0.992759,FRC7,False
2026-02-10T06:23:07.414468,Salt_Lake_V,22.5744,88.4323,13,24,748,405,0.963309,FRC5,False
2026-02-10T06:24:08.679442,EM_Bypass_North,22.5726,88.3639,23,23,141,141,1.0,FRC3,False
2026-02-10T06:24:09.830929,Park_Street,22.5535,88.3531,10,18,658,365,0.985996,FRC4,False
2026-02-10T06:24:10.993141,Howrah_Bridge,22.5851,88.3467,15,24,846,528,1.0,FRC3,False
2026-02-10T06:24:12.154660,Gariahat,22.5189,88.3647,15,21,596,426,0.992759,FRC7,False
2026-02-10T06:24:13.308938,Salt_Lake_V,22.5744,88.4323,16,24,607,405,0.962242,FRC5,False
2026-02-10T06:25:14.519909,EM_Bypass_North,22.5726,88.3639,23,23,141,141,1.0,FRC3,False
2026-02-10T06:25:15.671504,Park_Street,22.5535,88.3531,10,18,658,365,0.985996,FRC4,False
2026-02-10T06:25:16.827967,Howrah_Bridge,22.5851,88.3467,14,23,906,551,1.0,FRC3,False
2026-02-10T06:25:17.990526,Gariahat,22.5189,88.3647,15,22,596,406,0.992759,FRC7,False
2026-02-10T06:25:19.149629,Salt_Lake_V,22.5744,88.4323,16,25,607,389,0.962242,FRC5,False
2026-02-10T06:26:20.411113,EM_Bypass_North,22.5726,88.3639,23,23,141,141,1.0,FRC3,False
2026-02-10T06:26:21.563123,Park_Street,22.5535,88.3531,10,17,658,387,0.985996,FRC4,False
2026-02-10T06:26:22.726247,Howrah_Bridge,22.5851,88.3467,13,23,976,551,1.0,FRC3,False
2026-02-10T06:26:23.885251,Gariahat,22.5189,88.3647,16,22,559,406,0.996573,FRC7,False
2026-02-10T06:26:25.040075,Salt_Lake_V,22.5744,88.4323,15,24,648,405,0.962242,FRC5,False
2026-02-10T06:27:26.289202,EM_Bypass_North,22.5726,88.3639,23,23,141,141,1.0,FRC3,False
2026-02-10T06:27:27.480289,Park_Street,22.5535,88.3531,11,18,598,365,0.99,FRC4,False
2026-02-10T06:27:28.637576,Howrah_Bridge,22.5851,88.3467,14,23,906,551,1.0,FRC3,False
2026-02-10T06:27:29.803390,Gariahat,22.5189,88.3647,15,22,596,406,0.99743,FRC7,False
2026-02-10T06:27:30.956046,Salt_Lake_V,22.5744,88.4323,14,24,694,405,0.962242,FRC5,False
2026-02-10T06:28:32.167481,EM_Bypass_North,22.5726,88.3639,23,23,141,141,1.0,FRC3,False
2026-02-10T06:28:33.323949,Park_Street,22.5535,88.3531,13,19,506,346,0.99,FRC4,False
2026-02-10T06:28:34.528889,Howrah_Bridge,22.5851,88.3467,15,24,846,528,1.0,FRC3,False
2026-02-10T06:28:35.684351,Gariahat,22.5189,88.3647,14,22,639,406,0.996573,FRC7,False
2026-02-10T06:28:36.847450,Salt_Lake_V,22.5744,88.4323,14,24,694,405,0.960177,FRC5,False
2026-02-10T06:29:38.094155,EM_Bypass_North,22.5726,88.3639,23,23,141,141,1.0,FRC3,False
2026-02-10T06:29:39.260997,Park_Street,22.5535,88.3531,13,19,506,346,0.99,FRC4,False
2026-02-10T06:29:40.416926,Howrah_Bridge,22.5851,88.3467,14,23,906,551,1.0,FRC3,False
2026-02-10T06:29:41.570898,Gariahat,22.5189,88.3647,14,22,639,406,0.99743,FRC7,False
2026-02-10T06:29:42.732434,Salt_Lake_V,22.5744,88.4323,16,25,607,389,0.958367,FRC5,False
2026-02-10T06:30:43.972197,EM_Bypass_North,22.5726,88.3639,23,23,141,141,1.0,FRC3,False
2026-02-10T06:30:45.125384,Park_Street,22.5535,88.3531,11,19,598,346,0.99,FRC4,False
2026-02-10T06:30:46.284048,Howrah_Bridge,22.5851,88.3467,15,23,846,551,1.0,FRC3,False
2026-02-10T06:30:47.450335,Gariahat,22.5189,88.3647,14,21,639,426,0.99743,FRC7,False
2026-02-10T06:30:48.605524,Salt_Lake_V,22.5744,88.4323,15,24,648,405,0.954213,FRC5,False
2026-02-10T06:31:49.864527,EM_Bypass_North,22.5726,88.3639,23,23,141,141,1.0,FRC3,False
2026-02-10T06:31:51.029919,Park_Street,22.5535,88.3531,9,18,731,365,0.99,FRC4,False
2026-02-10T06:31:52.185098,Howrah_Bridge,22.5851,88.3467,17,24,746,528,1.0,FRC3,False
2026-02-10T06:31:53.336404,Gariahat,22.5189,88.3647,14,21,639,426,0.99743,FRC7,False
2026-02-10T06:31:54.511907,Salt_Lake_V,22.5744,88.4323,15,25,648,389,0.956394,FRC5,False
2026-02-10T06:32:55.763080,EM_Bypass_North,22.5726,88.3639,23,23,141,141,1.0,FRC3,False
2026-02-10T06:32:56.917292,Park_Street,22.5535,88.3531,10,19,658,346,0.99,FRC4,False
2026-02-10T06:32:58.108111,Howrah_Bridge,22.5851,88.3467,17,24,746,528,1.0,FRC3,False
2026-02-10T06:32:59.283531,Gariahat,22.5189,88.3647,15,22,596,406,0.995716,FRC7,False
2026-02-10T06:33:00.440187,Salt_Lake_V,22.5744,88.4323,15,24,648,405,0.954213,FRC5,False
2026-02-10T06:34:01.696736,EM_Bypass_North,22.5726,88.3639,23,23,141,141,1.0,FRC3,False
2026-02-10T06:34:02.855087,Park_Street,22.5535,88.3531,11,19,598,346,0.99,FRC4,False
2026-02-10T06:34:04.009030,Howrah_Bridge,22.5851,88.3467,17,23,746,551,1.0,FRC3,False
2026-02-10T06:34:05.165740,Gariahat,22.5189,88.3647,15,21,596,426,0.995716,FRC7,False
2026-02-10T06:34:06.334849,Salt_Lake_V,22.5744,88.4323,14,25,694,389,0.954213,FRC5,False
2026-02-10T06:35:07.594819,EM_Bypass_North,22.5726,88.3639,23,23,141,141,1.0,FRC3,False
2026-02-10T06:35:08.746402,Park_Street,22.5535,88.3531,11,18,598,365,0.99,FRC4,False
2026-02-10T06:35:09.908123,Howrah_Bridge,22.5851,88.3467,16,24,793,528,1.0,FRC3,False
2026-02-10T06:35:11.065708,Gariahat,22.5189,88.3647,14,22,639,406,0.995716,FRC7,False
2026-02-10T06:35:12.229415,Salt_Lake_V,22.5744,88.4323,14,24,694,405,0.962242,FRC5,False
2026-02-10T06:36:13.484585,EM_Bypass_North,22.5726,88.3639,23,23,141,141,1.0,FRC3,False
2026-02-10T06:36:14.638361,Park_Street,22.5535,88.3531,10,19,658,346,0.99,FRC4,False
2026-02-10T06:36:15.794683,Howrah_Bridge,22.5851,88.3467,15,23,846,551,1.0,FRC3,False
2026-02-10T06:36:16.949565,Gariahat,22.5189,88.3647,14,21,639,426,0.995716,FRC7,False
2026-02-10T06:36:18.176438,Salt_Lake_V,22.5744,88.4323,15,25,648,389,0.962242,FRC5,False
2026-02-10T06:37:19.378466,EM_Bypass_North,22.5726,88.3639,23,23,141,141,1.0,FRC3,False
2026-02-10T06:37:20.536596,Park_Street,22.5535,88.3531,10,19,658,346,1.0,FRC4,False
2026-02-10T06:37:21.693398,Howrah_Bridge,22.5851,88.3467,14,24,906,528,1.0,FRC3,False
2026-02-10T06:37:22.849961,Gariahat,22.5189,88.3647,14,21,639,426,0.995716,FRC7,False
2026-02-10T06:37:24.009652,Salt_Lake_V,22.5744,88.4323,15,24,648,405,0.953081,FRC5,False
2026-02-10T06:38:25.260695,EM_Bypass_North,22.5726,88.3639,23,23,141,141,1.0,FRC3,False
2026-02-10T06:38:26.419457,Park_Street,22.5535,88.3531,11,19,598,346,1.0,FRC4,False
2026-02-10T06:38:27.583239,Howrah_Bridge,22.5851,88.3467,15,23,846,551,1.0,FRC3,False
2026-02-10T06:38:28.738832,Gariahat,22.5189,88.3647,15,22,596,406,0.996573,FRC7,False
2026-02-10T06:38:29.894229,Salt_Lake_V,22.5744,88.4323,16,24,607,405,0.925869,FRC5,False
2026-02-10T06:39:31.137999,EM_Bypass_North,22.5726,88.3639,23,23,141,141,1.0,FRC3,False
2026-02-10T06:39:32.291975,Park_Street,22.5535,88.3531,11,18,598,365,1.0,FRC4,False
2026-02-10T06:39:33.458185,Howrah_Bridge,22.5851,88.3467,15,24,846,528,1.0,FRC3,False
2026-02-10T06:39:34.611314,Gariahat,22.5189,88.3647,14,22,639,406,0.996573,FRC7,False
2026-02-10T06:39:35.781988,Salt_Lake_V,22.5744,88.4323,16,24,607,405,0.935497,FRC5,False
2026-02-10T06:40:37.044486,EM_Bypass_North,22.5726,88.3639,23,23,141,141,1.0,FRC3,False
2026-02-10T06:40:38.195151,Park_Street,22.5535,88.3531,11,19,598,346,1.0,FRC4,False
2026-02-10T06:40:39.349291,Howrah_Bridge,22.5851,88.3467,15,24,846,528,1.0,FRC3,False
2026-02-10T06:40:40.504292,Gariahat,22.5189,88.3647,15,22,596,406,0.996573,FRC7,False
2026-02-10T06:40:41.659429,Salt_Lake_V,22.5744,88.4323,16,25,607,389,0.935497,FRC5,False
2026-02-10T06:41:42.908477,EM_Bypass_North,22.5726,88.3639,18,21,180,154,0.548624,FRC3,False
2026-02-10T06:41:44.069924,Park_Street,22.5535,88.3531,11,19,598,346,1.0,FRC4,False
2026-02-10T06:41:45.234002,Howrah_Bridge,22.5851,88.3467,14,24,906,528,1.0,FRC3,False
2026-02-10T06:41:46.387115,Gariahat,22.5189,88.3647,15,22,596,406,0.996573,FRC7,False
2026-02-10T06:41:47.544270,Salt_Lake_V,22.5744,88.4323,15,24,648,405,0.92805,FRC5,False
2026-02-10T06:42:48.783619,EM_Bypass_North,22.5726,88.3639,13,23,249,141,0.637216,FRC3,False
2026-02-10T06:42:49.936648,Park_Street,22.5535,88.3531,11,18,598,365,1.0,FRC4,False
2026-02-10T06:42:51.090871,Howrah_Bridge,22.5851,88.3467,13,23,976,551,1.0,FRC3,False
2026-02-10T06:42:52.254293,Gariahat,22.5189,88.3647,15,22,596,406,0.996573,FRC7,False
2026-02-10T06:42:53.413324,Salt_Lake_V,22.5744,88.4323,16,25,607,389,0.925869,FRC5,False
2026-02-10T06:43:54.656500,EM_Bypass_North,22.5726,88.3639,13,23,249,141,0.637216,FRC3,False
2026-02-10T06:43:55.812672,Park_Street,22.5535,88.3531,12,19,548,346,1.0,FRC4,False
2026-02-10T06:43:56.969601,Howrah_Bridge,22.5851,88.3467,14,24,906,528,1.0,FRC3,False
2026-02-10T06:43:58.129600,Gariahat,22.5189,88.3647,14,21,639,426,0.996573,FRC7,False
2026-02-10T06:43:59.282689,Salt_Lake_V,22.5744,88.4323,15,24,648,405,0.92805,FRC5,False
2026-02-10T06:45:00.537192,EM_Bypass_North,22.5726,88.3639,13,23,249,141,0.637216,FRC3,False
2026-02-10T06:45:01.702173,Park_Street,22.5535,88.3531,12,18,548,365,0.998397,FRC4,False
2026-02-10T06:45:02.858659,Howrah_Bridge,22.5851,88.3467,14,24,906,528,1.0,FRC3,False
2026-02-10T06:45:04.012579,Gariahat,22.5189,88.3647,15,21,596,426,0.996573,FRC7,False
2026-02-10T06:45:05.168709,Salt_Lake_V,22.5744,88.4323,15,25,648,389,0.930778,FRC5,False
2026-02-10T06:46:06.377791,EM_Bypass_North,22.5726,88.3639,13,23,249,141,0.637216,FRC3,False
2026-02-10T06:46:07.530875,Park_Street,22.5535,88.3531,13,19,506,346,1.0,FRC4,False
2026-02-10T06:46:08.690177,Howrah_Bridge,22.5851,88.3467,15,24,846,528,1.0,FRC3,False
2026-02-10T06:46:09.852549,Gariahat,22.5189,88.3647,14,21,639,426,0.996573,FRC7,False
2026-02-10T06:46:11.004955,Salt_Lake_V,22.5744,88.4323,15,25,648,389,0.930778,FRC5,False
2026-02-10T06:47:12.206592,EM_Bypass_North,22.5726,88.3639,13,23,249,141,0.637216,FRC3,False
2026-02-10T06:47:13.364477,Park_Street,22.5535,88.3531,13,19,506,346,1.0,FRC4,False
2026-02-10T06:47:14.523735,Howrah_Bridge,22.5851,88.3467,14,24,906,528,1.0,FRC3,False
2026-02-10T06:47:15.678071,Gariahat,22.5189,88.3647,14,22,639,406,0.996573,FRC7,False
2026-02-10T06:47:16.832670,Salt_Lake_V,22.5744,88.4323,16,25,607,389,0.929205,FRC5,False
2026-02-10T05:18:16.663511,EM_Bypass_North,22.5726,88.3639,23,23,141,141,1.0,FRC3,False
2026-02-10T05:18:17.827750,Park_Street,22.5535,88.3531,13,18,506,365,0.995192,FRC4,False
2026-02-10T05:18:18.992168,Howrah_Bridge,22.5851,88.3467,16,24,793,528,1.0,FRC3,False
2026-02-10T05:18:20.162092,Gariahat,22.5189,88.3647,19,23,471,389,0.99743,FRC7,False
2026-02-10T05:18:21.318949,Salt_Lake_V,22.5744,88.4323,17,25,572,389,0.923241,FRC5,False
2026-02-10T05:19:22.617572,EM_Bypass_North,22.5726,88.3639,23,23,141,141,1.0,FRC3,False
2026-02-10T05:19:23.777677,Park_Street,22.5535,88.3531,13,19,506,346,0.99,FRC4,False
2026-02-10T05:19:24.937349,Howrah_Bridge,22.5851,88.3467,16,23,793,551,1.0,FRC3,False
2026-02-10T05:19:26.097717,Gariahat,22.5189,88.3647,18,22,497,406,0.99817,FRC7,False
2026-02-10T05:19:27.257981,Salt_Lake_V,22.5744,88.4323,15,25,648,389,0.927631,FRC5,False
2026-02-10T05:20:28.527552,EM_Bypass_North,22.5726,88.3639,23,23,141,141,1.0,FRC3,False
2026-02-10T05:20:29.683494,Park_Street,22.5535,88.3531,11,18,598,365,0.99,FRC4,False
2026-02-10T05:20:30.840104,Howrah_Bridge,22.5851,88.3467,17,23,746,551,1.0,FRC3,False
2026-02-10T05:20:31.994107,Gariahat,22.5189,88.3647,18,21,497,426,0.99743,FRC7,False
2026-02-10T05:20:33.151933,Salt_Lake_V,22.5744,88.4323,17,24,572,405,0.927631,FRC5,False
2026-02-10T05:21:34.431365,EM_Bypass_North,22.5726,88.3639,23,23,141,141,1.0,FRC3,False
2026-02-10T05:21:35.591606,Park_Street,22.5535,88.3531,13,19,506,346,0.99,FRC4,False
2026-02-10T05:21:36.751570,Howrah_Bridge,22.5851,88.3467,18,24,705,528,1.0,FRC3,False
2026-02-10T05:21:37.905748,Gariahat,22.5189,88.3647,18,23,497,389,0.996573,FRC7,False
2026-02-10T05:21:39.072374,Salt_Lake_V,22.5744,88.4323,15,24,648,405,0.925869,FRC5,False
2026-02-10T05:22:40.367224,EM_Bypass_North,22.5726,88.3639,23,23,141,141,1.0,FRC3,False
2026-02-10T05:22:41.535745,Park_Street,22.5535,88.3531,14,18,470,365,0.993589,FRC4,False
2026-02-10T05:22:42.687438,Howrah_Bridge,22.5851,88.3467,18,24,705,528,1.0,FRC3,False
2026-02-10T05:22:43.855676,Gariahat,22.5189,88.3647,18,22,497,406,0.996573,FRC7,False
2026-02-10T05:22:45.018073,Salt_Lake_V,22.5744,88.4323,16,24,607,405,0.923689,FRC5,False
2026-02-10T05:23:46.267607,EM_Bypass_North,22.5726,88.3639,23,23,141,141,1.0,FRC3,False
2026-02-10T05:23:47.421053,Park_Street,22.5535,88.3531,14,18,470,365,0.993589,FRC4,False
2026-02-10T05:23:48.588170,Howrah_Bridge,22.5851,88.3467,19,24,668,528,1.0,FRC3,False
2026-02-10T05:23:49.745322,Gariahat,22.5189,88.3647,17,22,526,406,0.996573,FRC7,False
2026-02-10T05:23:50.907266,Salt_Lake_V,22.5744,88.4323,18,24,540,405,0.92805,FRC5,False
2026-02-10T05:24:52.213430,EM_Bypass_North,22.5726,88.3639,23,23,141,141,1.0,FRC3,False
2026-02-10T05:24:53.370840,Park_Street,22.5535,88.3531,13,18,506,365,0.99,FRC4,False
2026-02-10T05:24:54.533201,Howrah_Bridge,22.5851,88.3467,18,24,705,528,1.0,FRC3,False
2026-02-10T05:24:55.687233,Gariahat,22.5189,88.3647,16,23,559,389,0.99817,FRC7,False
2026-02-10T05:24:56.844589,Salt_Lake_V,22.5744,88.4323,17,24,572,405,0.923689,FRC5,False
2026-02-10T05:25:58.123645,EM_Bypass_North,22.5726,88.3639,23,23,141,141,1.0,FRC3,False
2026-02-10T05:25:59.294245,Park_Street,22.5535,88.3531,14,19,470,346,0.99,FRC4,False
2026-02-10T05:26:00.450507,Howrah_Bridge,22.5851,88.3467,16,23,793,551,1.0,FRC3,False
2026-02-10T05:26:01.607040,Gariahat,22.5189,88.3647,15,22,596,406,0.99817,FRC7,False
2026-02-10T05:26:02.759188,Salt_Lake_V,22.5744,88.4323,16,24,607,405,0.923689,FRC5,False
2026-02-10T05:27:04.032673,EM_Bypass_North,22.5726,88.3639,23,23,141,141,1.0,FRC3,False
2026-02-10T05:27:05.187581,Park_Street,22.5535,88.3531,14,19,470,346,0.99,FRC4,False
2026-02-10T05:27:06.347038,Howrah_Bridge,22.5851,88.3467,16,23,793,551,1.0,FRC3,False
2026-02-10T05:27:07.508263,Gariahat,22.5189,88.3647,15,22,596,406,0.99817,FRC7,False
2026-02-10T05:27:08.668196,Salt_Lake_V,22.5744,88.4323,16,25,607,389,0.927631,FRC5,False
2026-02-10T05:28:09.878509,EM_Bypass_North,22.5726,88.3639,19,22,170,147,0.506175,FRC3,False
2026-02-10T05:28:11.037947,Park_Street,22.5535,88.3531,13,18,506,365,0.99,FRC4,False
2026-02-10T05:28:12.197263,Howrah_Bridge,22.5851,88.3467,17,24,746,528,1.0,FRC3,False
2026-02-10T05:28:13.355454,Gariahat,22.5189,88.3647,15,22,596,406,0.99743,FRC7,False
2026-02-10T05:28:14.507727,Salt_Lake_V,22.5744,88.4323,17,24,572,405,0.927631,FRC5,False
2026-02-10T05:29:15.802256,EM_Bypass_North,22.5726,88.3639,19,22,170,147,0.506175,FRC3,False
2026-02-10T05:29:16.958446,Park_Street,22.5535,88.3531,11,18,598,365,0.99,FRC4,False
2026-02-10T05:29:18.127106,Howrah_Bridge,22.5851,88.3467,18,23,705,551,1.0,FRC3,False
2026-02-10T05:29:19.293837,Gariahat,22.5189,88.3647,15,23,596,389,0.99743,FRC7,False
2026-02-10T05:29:20.453682,Salt_Lake_V,22.5744,88.4323,18,24,540,405,0.927631,FRC5,False
2026-02-10T05:30:21.727130,EM_Bypass_North,22.5726,88.3639,19,22,170,147,0.506175,FRC3,False
2026-02-10T05:30:22.885467,Park_Street,22.5535,88.3531,11,18,598,365,0.99,FRC4,False
2026-02-10T05:30:24.043841,Howrah_Bridge,22.5851,88.3467,16,23,793,551,1.0,FRC3,False
2026-02-10T05:30:25.213655,Gariahat,22.5189,88.3647,15,22,596,406,0.99743,FRC7,False
2026-02-10T05:30:26.371949,Salt_Lake_V,22.5744,88.4323,16,24,607,405,0.927631,FRC5,False
2026-02-10T05:31:27.663174,EM_Bypass_North,22.5726,88.3639,19,22,170,147,0.506175,FRC3,False
2026-02-10T05:31:28.820647,Park_Street,22.5535,88.3531,11,19,598,346,0.99,FRC4,False
2026-02-10T05:31:29.977706,Howrah_Bridge,22.5851,88.3467,17,24,746,528,1.0,FRC3,False
2026-02-10T05:31:31.131042,Gariahat,22.5189,88.3647,15,22,596,406,0.99743,FRC7,False
2026-02-10T05:31:32.285875,Salt_Lake_V,22.5744,88.4323,14,24,694,405,0.927631,FRC5,False
2026-02-10T05:32:33.566442,EM_Bypass_North,22.5726,88.3639,19,22,170,147,0.506175,FRC3,False
2026-02-10T05:32:34.727098,Park_Street,22.5535,88.3531,10,17,658,387,0.995192,FRC4,False
2026-02-10T05:32:35.882843,Howrah_Bridge,22.5851,88.3467,16,24,793,528,1.0,FRC3,False
2026-02-10T05:32:37.040946,Gariahat,22.5189,88.3647,15,22,596,406,0.99817,FRC7,False
2026-02-10T05:32:38.194318,Salt_Lake_V,22.5744,88.4323,14,24,694,405,0.924929,FRC5,False
2026-02-10T05:33:39.481331,EM_Bypass_North,22.5726,88.3639,23,23,141,141,1.0,FRC3,False
2026-02-10T05:33:40.635884,Park_Street,22.5535,88.3531,10,18,658,365,0.995192,FRC4,False
2026-02-10T05:33:41.793544,Howrah_Bridge,22.5851,88.3467,16,23,793,551,1.0,FRC3,False
2026-02-10T05:33:42.949702,Gariahat,22.5189,88.3647,15,22,596,406,0.996573,FRC7,False
2026-02-10T05:33:44.104555,Salt_Lake_V,22.5744,88.4323,16,24,607,405,0.925373,FRC5,False
2026-02-10T05:34:45.384825,EM_Bypass_North,22.5726,88.3639,23,23,141,141,1.0,FRC3,False
2026-02-10T05:34:46.544206,Park_Street,22.5535,88.3531,10,17,658,387,0.995192,FRC4,False
2026-02-10T05:34:47.702093,Howrah_Bridge,22.5851,88.3467,17,24,746,528,1.0,FRC3,False
2026-02-10T05:34:48.855564,Gariahat,22.5189,88.3647,15,23,596,389,0.996573,FRC7,False
2026-02-10T05:34:50.013786,Salt_Lake_V,22.5744,88.4323,15,24,648,405,0.93177,FRC5,False
2026-02-10T05:35:51.225312,EM_Bypass_North,22.5726,88.3639,23,23,141,141,1.0,FRC3,False
2026-02-10T05:35:52.381531,Park_Street,22.5535,88.3531,10,17,658,387,0.995192,FRC4,False
2026-02-10T05:35:53.536781,Howrah_Bridge,22.5851,88.3467,17,23,746,551,1.0,FRC3,False
2026-02-10T05:35:54.691169,Gariahat,22.5189,88.3647,15,22,596,406,0.996573,FRC7,False
2026-02-10T05:35:55.844424,Salt_Lake_V,22.5744,88.4323,16,24,607,405,0.92805,FRC5,False
2026-02-10T05:36:57.127944,EM_Bypass_North,22.5726,88.3639,23,23,141,141,1.0,FRC3,False
2026-02-10T05:36:58.283346,Park_Street,22.5535,88.3531,10,18,658,365,0.996795,FRC4,False
2026-02-10T05:36:59.440552,Howrah_Bridge,22.5851,88.3467,17,23,746,551,1.0,FRC3,False
2026-02-10T05:37:00.598836,Gariahat,22.5189,88.3647,15,23,596,389,0.996573,FRC7,False
2026-02-10T05:37:01.756610,Salt_Lake_V,22.5744,88.4323,17,25,572,389,0.927631,FRC5,False
2026-02-10T05:38:02.963035,EM_Bypass_North,22.5726,88.3639,23,23,141,141,1.0,FRC3,False
2026-02-10T05:38:04.119736,Park_Street,22.5535,88.3531,11,19,598,346,0.99,FRC4,False
2026-02-10T05:38:05.276869,Howrah_Bridge,22.5851,88.3467,17,23,746,551,1.0,FRC3,False
2026-02-10T05:38:06.434034,Gariahat,22.5189,88.3647,17,23,526,389,0.995716,FRC7,False
2026-02-10T05:38:07.595030,Salt_Lake_V,22.5744,88.4323,16,24,607,405,0.927631,FRC5,False
2026-02-10T05:39:08.809254,EM_Bypass_North,22.5726,88.3639,23,23,141,141,1.0,FRC3,False
2026-02-10T05:39:09.963875,Park_Street,22.5535,88.3531,11,18,598,365,0.99,FRC4,False
2026-02-10T05:39:11.116856,Howrah_Bridge,22.5851,88.3467,17,24,746,528,1.0,FRC3,False
2026-02-10T05:39:12.268422,Gariahat,22.5189,88.3647,17,22,526,406,0.995716,FRC7,False
2026-02-10T05:39:13.427669,Salt_Lake_V,22.5744,88.4323,16,25,607,389,0.931215,FRC5,False
2026-02-10T05:40:14.702536,EM_Bypass_North,22.5726,88.3639,23,23,141,141,1.0,FRC3,False
2026-02-10T05:40:15.861687,Park_Street,22.5535,88.3531,11,19,598,346,0.99,FRC4,False
2026-02-10T05:40:17.022120,Howrah_Bridge,22.5851,88.3467,17,23,746,551,1.0,FRC3,False
2026-02-10T05:40:18.189536,Gariahat,22.5189,88.3647,17,23,526,389,0.995716,FRC7,False
2026-02-10T05:40:19.345497,Salt_Lake_V,22.5744,88.4323,16,25,607,389,0.931215,FRC5,False
2026-02-10T05:41:20.555647,EM_Bypass_North,22.5726,88.3639,18,22,180,147,0.512349,FRC3,False
2026-02-10T05:41:21.710456,Park_Street,22.5535,88.3531,11,18,598,365,0.99,FRC4,False
2026-02-10T05:41:22.869193,Howrah_Bridge,22.5851,88.3467,17,23,746,551,1.0,FRC3,False
2026-02-10T05:41:24.024918,Gariahat,22.5189,88.3647,17,22,526,406,0.995716,FRC7,False
2026-02-10T05:41:25.181296,Salt_Lake_V,22.5744,88.4323,15,25,648,389,0.927631,FRC5,False
2026-02-10T05:42:26.382361,EM_Bypass_North,22.5726,88.3639,18,22,180,147,0.512349,FRC3,False
2026-02-10T05:42:27.540436,Park_Street,22.5535,88.3531,11,19,598,346,0.99,FRC4,False
2026-02-10T05:42:28.693333,Howrah_Bridge,22.5851,88.3467,17,24,746,528,1.0,FRC3,False
2026-02-10T05:42:29.845491,Gariahat,22.5189,88.3647,17,22,526,406,0.996573,FRC7,False
2026-02-10T05:42:31.002667,Salt_Lake_V,22.5744,88.4323,14,23,694,422,0.927631,FRC5,False
2026-02-10T05:43:32.213822,EM_Bypass_North,22.5726,88.3639,18,22,180,147,0.512349,FRC3,False
2026-02-10T05:43:33.372680,Park_Street,22.5535,88.3531,13,19,506,346,0.99,FRC4,False
2026-02-10T05:43:34.532060,Howrah_Bridge,22.5851,88.3467,16,24,793,528,1.0,FRC3,False
2026-02-10T05:43:35.687391,Gariahat,22.5189,88.3647,18,22,497,406,0.996573,FRC7,False
2026-02-10T05:43:36.858123,Salt_Lake_V,22.5744,88.4323,16,24,607,405,0.942431,FRC5,False
2026-02-10T05:44:38.077181,EM_Bypass_North,22.5726,88.3639,18,22,180,147,0.512349,FRC3,False
2026-02-10T05:44:39.232548,Park_Street,22.5535,88.3531,11,19,598,346,0.99,FRC4,False
2026-02-10T05:44:40.388399,Howrah_Bridge,22.5851,88.3467,17,24,746,528,1.0,FRC3,False
2026-02-10T05:44:41.541308,Gariahat,22.5189,88.3647,18,23,497,389,0.995716,FRC7,False
2026-02-10T05:44:42.695080,Salt_Lake_V,22.5744,88.4323,15,25,648,389,0.942431,FRC5,False
2026-02-10T05:45:43.969977,EM_Bypass_North,22.5726,88.3639,18,22,180,147,0.512349,FRC3,False
2026-02-10T05:45:45.124158,Park_Street,22.5535,88.3531,11,18,598,365,0.99,FRC4,False
2026-02-10T05:45:46.286306,Howrah_Bridge,22.5851,88.3467,15,23,846,551,1.0,FRC3,False
2026-02-10T05:45:47.439629,Gariahat,22.5189,88.3647,17,22,526,406,0.996573,FRC7,False
2026-02-10T05:45:48.591951,Salt_Lake_V,22.5744,88.4323,16,24,607,405,0.939551,FRC5,False
2026-02-10T05:46:49.799326,EM_Bypass_North,22.5726,88.3639,18,22,180,147,0.512349,FRC3,False
2026-02-10T05:46:50.957863,Park_Street,22.5535,88.3531,11,19,598,346,0.99,FRC4,False
2026-02-10T05:46:52.118624,Howrah_Bridge,22.5851,88.3467,18,24,705,528,1.0,FRC3,False
2026-02-10T05:46:53.275888,Gariahat,22.5189,88.3647,16,22,559,406,0.996573,FRC7,False
2026-02-10T05:46:54.435116,Salt_Lake_V,22.5744,88.4323,13,25,748,389,0.937352,FRC5,False
2026-02-10T05:47:55.645117,EM_Bypass_North,22.5726,88.3639,18,22,180,147,0.512349,FRC3,False
2026-02-10T05:47:56.802210,Park_Street,22.5535,88.3531,13,18,506,365,0.99,FRC4,False
2026-02-10T05:47:57.953958,Howrah_Bridge,22.5851,88.3467,17,24,746,528,1.0,FRC3,False
2026-02-10T05:47:59.114039,Gariahat,22.5189,88.3647,16,22,559,406,0.996573,FRC7,False
2026-02-10T05:48:00.273168,Salt_Lake_V,22.5744,88.4323,13,24,748,405,0.926058,FRC5,False
2026-02-10T05:49:01.488095,EM_Bypass_North,22.5726,88.3639,18,22,180,147,0.518524,FRC3,False
2026-02-10T05:49:02.639279,Park_Street,22.5535,88.3531,13,18,506,365,0.99,FRC4,False
2026-02-10T05:49:03.791340,Howrah_Bridge,22.5851,88.3467,18,24,705,528,1.0,FRC3,False
2026-02-10T05:49:04.942840,Gariahat,22.5189,88.3647,17,22,526,406,0.995716,FRC7,False
2026-02-10T05:49:06.102738,Salt_Lake_V,22.5744,88.4323,13,24,748,405,0.926058,FRC5,False
2026-02-10T05:50:07.375876,EM_Bypass_North,22.5726,88.3639,18,22,180,147,0.518524,FRC3,False
2026-02-10T05:50:08.527544,Park_Street,22.5535,88.3531,11,18,598,365,1.0,FRC4,False
2026-02-10T05:50:09.685466,Howrah_Bridge,22.5851,88.3467,16,24,793,528,1.0,FRC3,False
2026-02-10T05:50:10.840952,Gariahat,22.5189,88.3647,15,23,596,389,0.996573,FRC7,False
2026-02-10T05:50:11.996488,Salt_Lake_V,22.5744,88.4323,13,24,748,405,0.926058,FRC5,False
2026-02-10T05:51:13.303816,EM_Bypass_North,22.5726,88.3639,18,22,180,147,0.518524,FRC3,False
2026-02-10T05:51:14.469643,Park_Street,22.5535,88.3531,11,18,598,365,1.0,FRC4,False
2026-02-10T05:51:15.629423,Howrah_Bridge,22.5851,88.3467,16,24,793,528,1.0,FRC3,False
2026-02-10T05:51:16.786546,Gariahat,22.5189,88.3647,16,22,559,406,0.996573,FRC7,False
2026-02-10T05:51:17.941985,Salt_Lake_V,22.5744,88.4323,12,23,810,422,0.926058,FRC5,False
2026-02-10T05:52:19.141253,EM_Bypass_North,22.5726,88.3639,18,22,180,147,0.518524,FRC3,False
2026-02-10T05:52:20.297863,Park_Street,22.5535,88.3531,12,18,548,365,0.996464,FRC4,False
2026-02-10T05:52:21.452408,Howrah_Bridge,22.5851,88.3467,17,24,746,528,1.0,FRC3,False
2026-02-10T05:52:22.611444,Gariahat,22.5189,88.3647,16,21,559,426,0.995716,FRC7,False
2026-02-10T05:52:23.766412,Salt_Lake_V,22.5744,88.4323,15,25,648,389,0.926058,FRC5,False
2026-02-10T05:53:24.972058,EM_Bypass_North,22.5726,88.3639,18,22,180,147,0.518524,FRC3,False
2026-02-10T05:53:26.129638,Park_Street,22.5535,88.3531,11,18,598,365,0.994839,FRC4,False
2026-02-10T05:53:27.291966,Howrah_Bridge,22.5851,88.3467,18,24,705,528,1.0,FRC3,False
2026-02-10T05:53:28.456984,Gariahat,22.5189,88.3647,16,21,559,426,0.996573,FRC7,False
2026-02-10T05:53:29.613200,Salt_Lake_V,22.5744,88.4323,16,25,607,389,0.926058,FRC5,False
2026-02-10T05:54:30.829337,EM_Bypass_North,22.5726,88.3639,19,22,170,147,0.512349,FRC3,False
2026-02-10T05:54:31.987721,Park_Street,22.5535,88.3531,11,19,598,346,0.996464,FRC4,False
2026-02-10T05:54:33.140345,Howrah_Bridge,22.5851,88.3467,17,24,746,528,1.0,FRC3,False
2026-02-10T05:54:34.298376,Gariahat,22.5189,88.3647,17,22,526,406,0.996573,FRC7,False
2026-02-10T05:54:35.451947,Salt_Lake_V,22.5744,88.4323,15,25,648,389,0.926058,FRC5,False
2026-02-10T05:55:36.655820,EM_Bypass_North,22.5726,88.3639,19,22,170,147,0.512349,FRC3,False
2026-02-10T05:55:37.812408,Park_Street,22.5535,88.3531,12,19,548,346,0.996464,FRC4,False
2026-02-10T05:55:38.966481,Howrah_Bridge,22.5851,88.3467,17,24,746,528,1.0,FRC3,False
2026-02-10T05:55:40.122875,Gariahat,22.5189,88.3647,17,23,526,389,0.995716,FRC7,False
2026-02-10T05:55:41.282409,Salt_Lake_V,22.5744,88.4323,14,24,694,405,0.926058,FRC5,False
2026-02-10T05:56:42.565039,EM_Bypass_North,22.5726,88.3639,17,22,191,147,0.518524,FRC3,False
2026-02-10T05:56:43.720803,Park_Street,22.5535,88.3531,12,18,548,365,0.996464,FRC4,False
2026-02-10T05:56:44.884294,Howrah_Bridge,22.5851,88.3467,18,24,705,528,1.0,FRC3,False
2026-02-10T05:56:46.040164,Gariahat,22.5189,88.3647,18,22,497,406,0.995716,FRC7,False
2026-02-10T05:56:47.195239,Salt_Lake_V,22.5744,88.4323,17,24,572,405,0.924929,FRC5,False
2026-02-10T05:57:48.404825,EM_Bypass_North,22.5726,88.3639,17,22,191,147,0.518524,FRC3,False
2026-02-10T05:57:49.564970,Park_Street,22.5535,88.3531,11,19,598,346,0.996464,FRC4,False
2026-02-10T05:57:50.720235,Howrah_Bridge,22.5851,88.3467,18,23,705,551,1.0,FRC3,False
2026-02-10T05:57:51.877812,Gariahat,22.5189,88.3647,17,22,526,406,0.994859,FRC7,False
2026-02-10T05:57:53.034708,Salt_Lake_V,22.5744,88.4323,16,25,607,389,0.924929,FRC5,False
2026-02-10T05:58:54.245200,EM_Bypass_North,22.5726,88.3639,23,23,141,141,1.0,FRC3,False
2026-02-10T05:58:55.406507,Park_Street,22.5535,88.3531,10,19,658,346,0.996464,FRC4,False
2026-02-10T05:58:56.564334,Howrah_Bridge,22.5851,88.3467,17,24,746,528,1.0,FRC3,False
2026-02-10T05:58:57.726056,Gariahat,22.5189,88.3647,17,22,526,406,0.994859,FRC7,False
2026-02-10T05:58:58.886869,Salt_Lake_V,22.5744,88.4323,15,24,648,405,0.92487,FRC5,False
2026-02-10T06:00:00.087334,EM_Bypass_North,22.5726,88.3639,23,23,141,141,1.0,FRC3,False
2026-02-10T06:00:01.242074,Park_Street,22.5535,88.3531,10,18,658,365,0.996464,FRC4,False
2026-02-10T06:00:02.396050,Howrah_Bridge,22.5851,88.3467,17,24,746,528,1.0,FRC3,False
2026-02-10T06:00:03.560963,Gariahat,22.5189,88.3647,17,22,526,406,0.994859,FRC7,False
2026-02-10T06:00:04.716889,Salt_Lake_V,22.5744,88.4323,15,24,648,405,0.926617,FRC5,False
2026-02-10T06:01:05.989267,EM_Bypass_North,22.5726,88.3639,23,23,141,141,1.0,FRC3,False
2026-02-10T06:01:07.148417,Park_Street,22.5535,88.3531,10,18,658,365,0.99,FRC4,False
2026-02-10T06:01:08.304575,Howrah_Bridge,22.5851,88.3467,17,24,746,528,1.0,FRC3,False
2026-02-10T06:01:09.464019,Gariahat,22.5189,88.3647,16,22,559,406,0.995716,FRC7,False
2026-02-10T06:01:10.620580,Salt_Lake_V,22.5744,88.4323,15,24,648,405,0.926617,FRC5,False
2026-02-10T06:02:11.829252,EM_Bypass_North,22.5726,88.3639,23,23,141,141,1.0,FRC3,False
2026-02-10T06:02:12.982806,Park_Street,22.5535,88.3531,11,18,598,365,0.99,FRC4,False
2026-02-10T06:02:14.137617,Howrah_Bridge,22.5851,88.3467,17,24,746,528,1.0,FRC3,False
2026-02-10T06:02:15.294719,Gariahat,22.5189,88.3647,16,22,559,406,0.995716,FRC7,False
2026-02-10T06:02:16.451626,Salt_Lake_V,22.5744,88.4323,15,25,648,389,0.931859,FRC5,False
2026-02-10T06:03:17.661708,EM_Bypass_North,22.5726,88.3639,23,23,141,141,1.0,FRC3,False
2026-02-10T06:03:18.819686,Park_Street,22.5535,88.3531,12,18,548,365,0.99,FRC4,False
2026-02-10T06:03:19.971430,Howrah_Bridge,22.5851,88.3467,16,24,793,528,1.0,FRC3,False
2026-02-10T06:03:21.123643,Gariahat,22.5189,88.3647,16,23,559,389,0.995716,FRC7,False
2026-02-10T06:03:22.280271,Salt_Lake_V,22.5744,88.4323,16,25,607,389,0.925906,FRC5,False
2026-02-10T06:04:23.486886,EM_Bypass_North,22.5726,88.3639,23,23,141,141,1.0,FRC3,False
2026-02-10T06:04:24.639699,Park_Street,22.5535,88.3531,11,17,598,387,0.998397,FRC4,False
2026-02-10T06:04:25.797458,Howrah_Bridge,22.5851,88.3467,17,24,746,528,1.0,FRC3,False
2026-02-10T06:04:26.952621,Gariahat,22.5189,88.3647,17,23,526,389,0.995716,FRC7,False
2026-02-10T06:04:28.104721,Salt_Lake_V,22.5744,88.4323,15,24,648,405,0.930111,FRC5,False
2026-02-10T06:05:29.307425,EM_Bypass_North,22.5726,88.3639,23,23,141,141,1.0,FRC3,False
2026-02-10T06:05:30.465031,Park_Street,22.5535,88.3531,10,19,658,346,0.99,FRC4,False
2026-02-10T06:05:31.617081,Howrah_Bridge,22.5851,88.3467,17,24,746,528,1.0,FRC3,False
2026-02-10T06:05:32.774734,Gariahat,22.5189,88.3647,16,22,559,406,0.995716,FRC7,False
2026-02-10T06:05:33.925700,Salt_Lake_V,22.5744,88.4323,17,25,572,389,0.928364,FRC5,False
2026-02-10T06:06:35.128157,EM_Bypass_North,22.5726,88.3639,18,22,180,147,0.522349,FRC3,False
2026-02-10T06:06:36.281964,Park_Street,22.5535,88.3531,12,19,548,346,0.99,FRC4,False
2026-02-10T06:06:37.438868,Howrah_Bridge,22.5851,88.3467,17,24,746,528,1.0,FRC3,False
2026-02-10T06:06:38.592746,Gariahat,22.5189,88.3647,16,22,559,406,0.995716,FRC7,False
2026-02-10T06:06:39.759182,Salt_Lake_V,22.5744,88.4323,17,24,572,405,0.925373,FRC5,False
2026-02-10T06:07:40.966019,EM_Bypass_North,22.5726,88.3639,23,23,141,141,1.0,FRC3,False
2026-02-10T06:07:42.120597,Park_Street,22.5535,88.3531,12,19,548,346,0.99,FRC4,False
2026-02-10T06:07:43.285170,Howrah_Bridge,22.5851,88.3467,17,24,746,528,1.0,FRC3,False
2026-02-10T06:07:44.443205,Gariahat,22.5189,88.3647,15,22,596,406,0.995716,FRC7,False
2026-02-10T06:07:45.595886,Salt_Lake_V,22.5744,88.4323,16,24,607,405,0.926058,FRC5,False
2026-02-10T06:08:46.795123,EM_Bypass_North,22.5726,88.3639,23,23,141,141,1.0,FRC3,False
2026-02-10T06:08:47.947083,Park_Street,22.5535,88.3531,12,19,548,346,0.998999,FRC4,False
2026-02-10T06:08:49.097428,Howrah_Bridge,22.5851,88.3467,17,24,746,528,1.0,FRC3,False
2026-02-10T06:08:50.253079,Gariahat,22.5189,88.3647,15,23,596,389,0.996339,FRC7,False
2026-02-10T06:08:51.405630,Salt_Lake_V,22.5744,88.4323,14,24,694,405,0.933902,FRC5,False
2026-02-10T06:09:52.616597,EM_Bypass_North,22.5726,88.3639,23,23,141,141,1.0,FRC3,False
2026-02-10T06:09:53.777950,Park_Street,22.5535,88.3531,11,18,598,365,0.998999,FRC4,False
2026-02-10T06:09:54.934664,Howrah_Bridge,22.5851,88.3467,16,24,793,528,1.0,FRC3,False
2026-02-10T06:09:56.092231,Gariahat,22.5189,88.3647,14,21,639,426,0.992759,FRC7,False
2026-02-10T06:09:57.250294,Salt_Lake_V,22.5744,88.4323,14,25,694,389,0.940217,FRC5,False
2026-02-10T06:10:58.463936,EM_Bypass_North,22.5726,88.3639,23,23,141,141,1.0,FRC3,False
2026-02-10T06:10:59.620583,Park_Street,22.5535,88.3531,12,18,548,365,0.997998,FRC4,False
2026-02-10T06:11:00.777118,Howrah_Bridge,22.5851,88.3467,16,23,793,551,1.0,FRC3,False
2026-02-10T06:11:01.934105,Gariahat,22.5189,88.3647,15,23,596,389,0.995716,FRC7,False
2026-02-10T06:11:03.090801,Salt_Lake_V,22.5744,88.4323,13,25,748,389,0.938848,FRC5,False
2026-02-10T06:12:04.301646,EM_Bypass_North,22.5726,88.3639,23,23,141,141,1.0,FRC3,False
2026-02-10T06:12:05.459552,Park_Street,22.5535,88.3531,13,18,506,365,0.998999,FRC4,False
2026-02-10T06:12:06.631393,Howrah_Bridge,22.5851,88.3467,17,24,746,528,1.0,FRC3,False
2026-02-10T06:12:07.789116,Gariahat,22.5189,88.3647,15,21,596,426,0.995716,FRC7,False
2026-02-10T06:12:08.957397,Salt_Lake_V,22.5744,88.4323,13,24,748,405,0.933902,FRC5,False
2026-02-10T06:13:10.249928,EM_Bypass_North,22.5726,88.3639,23,23,141,141,1.0,FRC3,False
2026-02-10T06:13:11.407472,Park_Street,22.5535,88.3531,11,18,598,365,0.997998,FRC4,False
2026-02-10T06:13:12.566117,Howrah_Bridge,22.5851,88.3467,16,24,793,528,1.0,FRC3,False
2026-02-10T06:13:13.726676,Gariahat,22.5189,88.3647,15,22,596,406,0.995716,FRC7,False
2026-02-10T06:13:14.879518,Salt_Lake_V,22.5744,88.4323,12,24,810,405,0.93177,FRC5,False
2026-02-10T06:14:16.091613,EM_Bypass_North,22.5726,88.3639,23,23,141,141,1.0,FRC3,False
2026-02-10T06:14:17.250373,Park_Street,22.5535,88.3531,11,18,598,365,0.99444,FRC4,False
2026-02-10T06:14:18.409957,Howrah_Bridge,22.5851,88.3467,14,24,906,528,1.0,FRC3,False
2026-02-10T06:14:19.568913,Gariahat,22.5189,88.3647,15,22,596,406,0.992759,FRC7,False
2026-02-10T06:14:20.726947,Salt_Lake_V,22.5744,88.4323,13,24,748,405,0.959488,FRC5,False
2026-02-10T06:15:21.940473,EM_Bypass_North,22.5726,88.3639,23,23,141,141,1.0,FRC3,False
2026-02-10T06:15:23.100156,Park_Street,22.5535,88.3531,11,18,598,365,0.99444,FRC4,False
2026-02-10T06:15:24.258064,Howrah_Bridge,22.5851,88.3467,15,24,846,528,1.0,FRC3,False
2026-02-10T06:15:25.411247,Gariahat,22.5189,88.3647,15,22,596,406,0.992759,FRC7,False
2026-02-10T06:15:26.568748,Salt_Lake_V,22.5744,88.4323,14,25,694,389,0.961987,FRC5,False
2026-02-10T06:16:27.777224,EM_Bypass_North,22.5726,88.3639,23,23,141,141,1.0,FRC3,False
2026-02-10T06:16:28.936693,Park_Street,22.5535,88.3531,11,18,598,365,0.99444,FRC4,False
2026-02-10T06:16:30.090839,Howrah_Bridge,22.5851,88.3467,16,24,793,528,1.0,FRC3,False
2026-02-10T06:16:31.244534,Gariahat,22.5189,88.3647,17,22,526,406,0.995716,FRC7,False
2026-02-10T06:16:32.395655,Salt_Lake_V,22.5744,88.4323,13,24,748,405,0.961987,FRC5,False
2026-02-10T06:17:33.613937,EM_Bypass_North,22.5726,88.3639,23,23,141,141,1.0,FRC3,False
2026-02-10T06:17:34.771594,Park_Street,22.5535,88.3531,10,18,658,365,0.992661,FRC4,False
2026-02-10T06:17:35.929962,Howrah_Bridge,22.5851,88.3467,15,24,846,528,1.0,FRC3,False
2026-02-10T06:17:37.084074,Gariahat,22.5189,88.3647,17,21,526,426,0.994859,FRC7,False
2026-02-10T06:17:38.242069,Salt_Lake_V,22.5744,88.4323,14,25,694,389,0.960588,FRC5,False
2026-02-10T06:18:39.442628,EM_Bypass_North,22.5726,88.3639,23,23,141,141,1.0,FRC3,False
2026-02-10T06:18:40.599553,Park_Street,22.5535,88.3531,11,18,598,365,0.99166,FRC4,False
2026-02-10T06:18:41.753604,Howrah_Bridge,22.5851,88.3467,16,24,793,528,1.0,FRC3,False
2026-02-10T06:18:42.904446,Gariahat,22.5189,88.3647,17,22,526,406,0.997325,FRC7,False
2026-02-10T06:18:44.063700,Salt_Lake_V,22.5744,88.4323,13,24,748,405,0.960588,FRC5,False
2026-02-10T06:19:45.275008,EM_Bypass_North,22.5726,88.3639,23,23,141,141,1.0,FRC3,False
2026-02-10T06:19:46.435558,Park_Street,22.5535,88.3531,12,19,548,346,0.99166,FRC4,False
2026-02-10T06:19:47.588530,Howrah_Bridge,22.5851,88.3467,14,23,906,551,1.0,FRC3,False
2026-02-10T06:19:48.742553,Gariahat,22.5189,88.3647,15,21,596,426,0.992759,FRC7,False
2026-02-10T06:19:49.901463,Salt_Lake_V,22.5744,88.4323,14,25,694,389,0.960588,FRC5,False
2026-02-10T06:20:51.108105,EM_Bypass_North,22.5726,88.3639,23,23,141,141,1.0,FRC3,False
2026-02-10T06:20:52.262987,Park_Street,22.5535,88.3531,11,18,598,365,0.99166,FRC4,False
2026-02-10T06:20:53.417358,Howrah_Bridge,22.5851,88.3467,15,23,846,551,1.0,FRC3,False
2026-02-10T06:20:54.571856,Gariahat,22.5189,88.3647,15,21,596,426,0.992759,FRC7,False
2026-02-10T06:20:55.734846,Salt_Lake_V,22.5744,88.4323,12,24,810,405,0.961561,FRC5,False
2026-02-10T06:21:56.944847,EM_Bypass_North,22.5726,88.3639,23,23,141,141,1.0,FRC3,False
2026-02-10T06:21:58.100968,Park_Street,22.5535,88.3531,11,18,598,365,0.99166,FRC4,False
2026-02-10T06:21:59.256579,Howrah_Bridge,22.5851,88.3467,14,23,906,551,1.0,FRC3,False
2026-02-10T06:22:00.416518,Gariahat,22.5189,88.3647,16,22,559,406,0.997325,FRC7,False
2026-02-10T06:22:01.571847,Salt_Lake_V,22.5744,88.4323,12,24,810,405,0.961561,FRC5,False
2026-02-10T06:23:02.781013,EM_Bypass_North,22.5726,88.3639,23,23,141,141,1.0,FRC3,False
2026-02-10T06:23:03.942677,Park_Street,22.5535,88.3531,10,19,658,346,0.986997,FRC4,False
2026-02-10T06:23:05.112058,Howrah_Bridge,22.5851,88.3467,14,23,906,551,1.0,FRC3,False
2026-02-10T06:23:06.263080,Gariahat,22.5189,88.3647,15,21,596,426,0.992759,FRC7,False
2026-02-10T06:23:07.414468,Salt_Lake_V,22.5744,88.4323,13,24,748,405,0.963309,FRC5,False
2026-02-10T06:24:08.679442,EM_Bypass_North,22.5726,88.3639,23,23,141,141,1.0,FRC3,False
2026-02-10T06:24:09.830929,Park_Street,22.5535,88.3531,10,18,658,365,0.985996,FRC4,False
2026-02-10T06:24:10.993141,Howrah_Bridge,22.5851,88.3467,15,24,846,528,1.0,FRC3,False
2026-02-10T06:24:12.154660,Gariahat,22.5189,88.3647,15,21,596,426,0.992759,FRC7,False
2026-02-10T06:24:13.308938,Salt_Lake_V,22.5744,88.4323,16,24,607,405,0.962242,FRC5,False
2026-02-10T06:25:14.519909,EM_Bypass_North,22.5726,88.3639,23,23,141,141,1.0,FRC3,False
2026-02-10T06:25:15.671504,Park_Street,22.5535,88.3531,10,18,658,365,0.985996,FRC4,False
2026-02-10T06:25:16.827967,Howrah_Bridge,22.5851,88.3467,14,23,906,551,1.0,FRC3,False
2026-02-10T06:25:17.990526,Gariahat,22.5189,88.3647,15,22,596,406,0.992759,FRC7,False
2026-02-10T06:25:19.149629,Salt_Lake_V,22.5744,88.4323,16,25,607,389,0.962242,FRC5,False
2026-02-10T06:26:20.411113,EM_Bypass_North,22.5726,88.3639,23,23,141,141,1.0,FRC3,False
2026-02-10T06:26:21.563123,Park_Street,22.5535,88.3531,10,17,658,387,0.985996,FRC4,False
2026-02-10T06:26:22.726247,Howrah_Bridge,22.5851,88.3467,13,23,976,551,1.0,FRC3,False
2026-02-10T06:26:23.885251,Gariahat,22.5189,88.3647,16,22,559,406,0.996573,FRC7,False
2026-02-10T06:26:25.040075,Salt_Lake_V,22.5744,88.4323,15,24,648,405,0.962242,FRC5,False
2026-02-10T06:27:26.289202,EM_Bypass_North,22.5726,88.3639,23,23,141,141,1.0,FRC3,False
2026-02-10T06:27:27.480289,Park_Street,22.5535,88.3531,11,18,598,365,0.99,FRC4,False
2026-02-10T06:27:28.637576,Howrah_Bridge,22.5851,88.3467,14,23,906,551,1.0,FRC3,False
2026-02-10T06:27:29.803390,Gariahat,22.5189,88.3647,15,22,596,406,0.99743,FRC7,False
2026-02-10T06:27:30.956046,Salt_Lake_V,22.5744,88.4323,14,24,694,405,0.962242,FRC5,False
2026-02-10T06:28:32.167481,EM_Bypass_North,22.5726,88.3639,23,23,141,141,1.0,FRC3,False
2026-02-10T06:28:33.323949,Park_Street,22.5535,88.3531,13,19,506,346,0.99,FRC4,False
2026-02-10T06:28:34.528889,Howrah_Bridge,22.5851,88.3467,15,24,846,528,1.0,FRC3,False
2026-02-10T06:28:35.684351,Gariahat,22.5189,88.3647,14,22,639,406,0.996573,FRC7,False
2026-02-10T06:28:36.847450,Salt_Lake_V,22.5744,88.4323,14,24,694,405,0.960177,FRC5,False
2026-02-10T06:29:38.094155,EM_Bypass_North,22.5726,88.3639,23,23,141,141,1.0,FRC3,False
2026-02-10T06:29:39.260997,Park_Street,22.5535,88.3531,13,19,506,346,0.99,FRC4,False
2026-02-10T06:29:40.416926,Howrah_Bridge,22.5851,88.3467,14,23,906,551,1.0,FRC3,False
2026-02-10T06:29:41.570898,Gariahat,22.5189,88.3647,14,22,639,406,0.99743,FRC7,False
2026-02-10T06:29:42.732434,Salt_Lake_V,22.5744,88.4323,16,25,607,389,0.958367,FRC5,False
2026-02-10T06:30:43.972197,EM_Bypass_North,22.5726,88.3639,23,23,141,141,1.0,FRC3,False
2026-02-10T06:30:45.125384,Park_Street,22.5535,88.3531,11,19,598,346,0.99,FRC4,False
2026-02-10T06:30:46.284048,Howrah_Bridge,22.5851,88.3467,15,23,846,551,1.0,FRC3,False
2026-02-10T06:30:47.450335,Gariahat,22.5189,88.3647,14,21,639,426,0.99743,FRC7,False
2026-02-10T06:30:48.605524,Salt_Lake_V,22.5744,88.4323,15,24,648,405,0.954213,FRC5,False
2026-02-10T06:31:49.864527,EM_Bypass_North,22.5726,88.3639,23,23,141,141,1.0,FRC3,False
2026-02-10T06:31:51.029919,Park_Street,22.5535,88.3531,9,18,731,365,0.99,FRC4,False
2026-02-10T06:31:52.185098,Howrah_Bridge,22.5851,88.3467,17,24,746,528,1.0,FRC3,False
2026-02-10T06:31:53.336404,Gariahat,22.5189,88.3647,14,21,639,426,0.99743,FRC7,False
2026-02-10T06:31:54.511907,Salt_Lake_V,22.5744,88.4323,15,25,648,389,0.956394,FRC5,False
2026-02-10T06:32:55.763080,EM_Bypass_North,22.5726,88.3639,23,23,141,141,1.0,FRC3,False
2026-02-10T06:32:56.917292,Park_Street,22.5535,88.3531,10,19,658,346,0.99,FRC4,False
2026-02-10T06:32:58.108111,Howrah_Bridge,22.5851,88.3467,17,24,746,528,1.0,FRC3,False
2026-02-10T06:32:59.283531,Gariahat,22.5189,88.3647,15,22,596,406,0.995716,FRC7,False
2026-02-10T06:33:00.440187,Salt_Lake_V,22.5744,88.4323,15,24,648,405,0.954213,FRC5,False
2026-02-10T06:34:01.696736,EM_Bypass_North,22.5726,88.3639,23,23,141,141,1.0,FRC3,False
2026-02-10T06:34:02.855087,Park_Street,22.5535,88.3531,11,19,598,346,0.99,FRC4,False
2026-02-10T06:34:04.009030,Howrah_Bridge,22.5851,88.3467,17,23,746,551,1.0,FRC3,False
2026-02-10T06:34:05.165740,Gariahat,22.5189,88.3647,15,21,596,426,0.995716,FRC7,False
2026-02-10T06:34:06.334849,Salt_Lake_V,22.5744,88.4323,14,25,694,389,0.954213,FRC5,False
2026-02-10T06:35:07.594819,EM_Bypass_North,22.5726,88.3639,23,23,141,141,1.0,FRC3,False
2026-02-10T06:35:08.746402,Park_Street,22.5535,88.3531,11,18,598,365,0.99,FRC4,False
2026-02-10T06:35:09.908123,Howrah_Bridge,22.5851,88.3467,16,24,793,528,1.0,FRC3,False
2026-02-10T06:35:11.065708,Gariahat,22.5189,88.3647,14,22,639,406,0.995716,FRC7,False
2026-02-10T06:35:12.229415,Salt_Lake_V,22.5744,88.4323,14,24,694,405,0.962242,FRC5,False
2026-02-10T06:36:13.484585,EM_Bypass_North,22.5726,88.3639,23,23,141,141,1.0,FRC3,False
2026-02-10T06:36:14.638361,Park_Street,22.5535,88.3531,10,19,658,346,0.99,FRC4,False
2026-02-10T06:36:15.794683,Howrah_Bridge,22.5851,88.3467,15,23,846,551,1.0,FRC3,False
2026-02-10T06:36:16.949565,Gariahat,22.5189,88.3647,14,21,639,426,0.995716,FRC7,False
2026-02-10T06:36:18.176438,Salt_Lake_V,22.5744,88.4323,15,25,648,389,0.962242,FRC5,False
2026-02-10T06:37:19.378466,EM_Bypass_North,22.5726,88.3639,23,23,141,141,1.0,FRC3,False
2026-02-10T06:37:20.536596,Park_Street,22.5535,88.3531,10,19,658,346,1.0,FRC4,False
2026-02-10T06:37:21.693398,Howrah_Bridge,22.5851,88.3467,14,24,906,528,1.0,FRC3,False
2026-02-10T06:37:22.849961,Gariahat,22.5189,88.3647,14,21,639,426,0.995716,FRC7,False
2026-02-10T06:37:24.009652,Salt_Lake_V,22.5744,88.4323,15,24,648,405,0.953081,FRC5,False
2026-02-10T06:38:25.260695,EM_Bypass_North,22.5726,88.3639,23,23,141,141,1.0,FRC3,False
2026-02-10T06:38:26.419457,Park_Street,22.5535,88.3531,11,19,598,346,1.0,FRC4,False
2026-02-10T06:38:27.583239,Howrah_Bridge,22.5851,88.3467,15,23,846,551,1.0,FRC3,False
2026-02-10T06:38:28.738832,Gariahat,22.5189,88.3647,15,22,596,406,0.996573,FRC7,False
2026-02-10T06:38:29.894229,Salt_Lake_V,22.5744,88.4323,16,24,607,405,0.925869,FRC5,False
2026-02-10T06:39:31.137999,EM_Bypass_North,22.5726,88.3639,23,23,141,141,1.0,FRC3,False
2026-02-10T06:39:32.291975,Park_Street,22.5535,88.3531,11,18,598,365,1.0,FRC4,False
2026-02-10T06:39:33.458185,Howrah_Bridge,22.5851,88.3467,15,24,846,528,1.0,FRC3,False
2026-02-10T06:39:34.611314,Gariahat,22.5189,88.3647,14,22,639,406,0.996573,FRC7,False
2026-02-10T06:39:35.781988,Salt_Lake_V,22.5744,88.4323,16,24,607,405,0.935497,FRC5,False
2026-02-10T06:40:37.044486,EM_Bypass_North,22.5726,88.3639,23,23,141,141,1.0,FRC3,False
2026-02-10T06:40:38.195151,Park_Street,22.5535,88.3531,11,19,598,346,1.0,FRC4,False
2026-02-10T06:40:39.349291,Howrah_Bridge,22.5851,88.3467,15,24,846,528,1.0,FRC3,False
2026-02-10T06:40:40.504292,Gariahat,22.5189,88.3647,15,22,596,406,0.996573,FRC7,False
2026-02-10T06:40:41.659429,Salt_Lake_V,22.5744,88.4323,16,25,607,389,0.935497,FRC5,False
2026-02-10T06:41:42.908477,EM_Bypass_North,22.5726,88.3639,18,21,180,154,0.548624,FRC3,False
2026-02-10T06:41:44.069924,Park_Street,22.5535,88.3531,11,19,598,346,1.0,FRC4,False
2026-02-10T06:41:45.234002,Howrah_Bridge,22.5851,88.3467,14,24,906,528,1.0,FRC3,False
2026-02-10T06:41:46.387115,Gariahat,22.5189,88.3647,15,22,596,406,0.996573,FRC7,False
2026-02-10T06:41:47.544270,Salt_Lake_V,22.5744,88.4323,15,24,648,405,0.92805,FRC5,False
2026-02-10T06:42:48.783619,EM_Bypass_North,22.5726,88.3639,13,23,249,141,0.637216,FRC3,False
2026-02-10T06:42:49.936648,Park_Street,22.5535,88.3531,11,18,598,365,1.0,FRC4,False
2026-02-10T06:42:51.090871,Howrah_Bridge,22.5851,88.3467,13,23,976,551,1.0,FRC3,False
2026-02-10T06:42:52.254293,Gariahat,22.5189,88.3647,15,22,596,406,0.996573,FRC7,False
2026-02-10T06:42:53.413324,Salt_Lake_V,22.5744,88.4323,16,25,607,389,0.925869,FRC5,False
2026-02-10T06:43:54.656500,EM_Bypass_North,22.5726,88.3639,13,23,249,141,0.637216,FRC3,False
2026-02-10T06:43:55.812672,Park_Street,22.5535,88.3531,12,19,548,346,1.0,FRC4,False
2026-02-10T06:43:56.969601,Howrah_Bridge,22.5851,88.3467,14,24,906,528,1.0,FRC3,False
2026-02-10T06:43:58.129600,Gariahat,22.5189,88.3647,14,21,639,426,0.996573,FRC7,False
2026-02-10T06:43:59.282689,Salt_Lake_V,22.5744,88.4323,15,24,648,405,0.92805,FRC5,False
2026-02-10T06:45:00.537192,EM_Bypass_North,22.5726,88.3639,13,23,249,141,0.637216,FRC3,False
2026-02-10T06:45:01.702173,Park_Street,22.5535,88.3531,12,18,548,365,0.998397,FRC4,False
2026-02-10T06:45:02.858659,Howrah_Bridge,22.5851,88.3467,14,24,906,528,1.0,FRC3,False
2026-02-10T06:45:04.012579,Gariahat,22.5189,88.3647,15,21,596,426,0.996573,FRC7,False
2026-02-10T06:45:05.168709,Salt_Lake_V,22.5744,88.4323,15,25,648,389,0.930778,FRC5,False
2026-02-10T06:46:06.377791,EM_Bypass_North,22.5726,88.3639,13,23,249,141,0.637216,FRC3,False
2026-02-10T06:46:07.530875,Park_Street,22.5535,88.3531,13,19,506,346,1.0,FRC4,False
2026-02-10T06:46:08.690177,Howrah_Bridge,22.5851,88.3467,15,24,846,528,1.0,FRC3,False
2026-02-10T06:46:09.852549,Gariahat,22.5189,88.3647,14,21,639,426,0.996573,FRC7,False
2026-02-10T06:46:11.004955,Salt_Lake_V,22.5744,88.4323,15,25,648,389,0.930778,FRC5,False
2026-02-10T06:47:12.206592,EM_Bypass_North,22.5726,88.3639,13,23,249,141,0.637216,FRC3,False
2026-02-10T06:47:13.364477,Park_Street,22.5535,88.3531,13,19,506,346,1.0,FRC4,False
2026-02-10T06:47:14.523735,Howrah_Bridge,22.5851,88.3467,14,24,906,528,1.0,FRC3,False
2026-02-10T06:47:15.678071,Gariahat,22.5189,88.3647,14,22,639,406,0.996573,FRC7,False
2026-02-10T06:47:16.832670,Salt_Lake_V,22.5744,88.4323,16,25,607,389,0.929205,FRC5,False
2026-02-10T06:48:18.071641,EM_Bypass_North,22.5726,88.3639,13,23,249,141,0.637216,FRC3,False
2026-02-10T06:48:19.230553,Park_Street,22.5535,88.3531,11,18,598,365,1.0,FRC4,False
2026-02-10T06:48:20.386645,Howrah_Bridge,22.5851,88.3467,14,24,906,528,1.0,FRC3,False
2026-02-10T06:48:21.542293,Gariahat,22.5189,88.3647,14,22,639,406,0.996573,FRC7,False
2026-02-10T06:48:22.695357,Salt_Lake_V,22.5744,88.4323,15,24,648,405,0.930778,FRC5,False
2026-02-10T06:49:24.005148,EM_Bypass_North,22.5726,88.3639,13,23,249,141,0.629766,FRC3,False
2026-02-10T06:49:25.164860,Park_Street,22.5535,88.3531,11,19,598,346,1.0,FRC4,False
2026-02-10T06:49:26.322513,Howrah_Bridge,22.5851,88.3467,15,24,846,528,1.0,FRC3,False
2026-02-10T06:49:27.478449,Gariahat,22.5189,88.3647,14,22,639,406,0.996573,FRC7,False
2026-02-10T06:49:28.630392,Salt_Lake_V,22.5744,88.4323,14,24,694,405,0.929205,FRC5,False
2026-02-10T06:50:29.838079,EM_Bypass_North,22.5726,88.3639,13,23,249,141,0.629766,FRC3,False
2026-02-10T06:50:31.002347,Park_Street,22.5535,88.3531,11,18,598,365,1.0,FRC4,False
2026-02-10T06:50:32.159075,Howrah_Bridge,22.5851,88.3467,14,24,906,528,1.0,FRC3,False
2026-02-10T06:50:33.312740,Gariahat,22.5189,88.3647,14,22,639,406,0.996573,FRC7,False
2026-02-10T06:50:34.470364,Salt_Lake_V,22.5744,88.4323,14,24,694,405,0.924929,FRC5,False
2026-02-10T06:51:35.698500,EM_Bypass_North,22.5726,88.3639,13,23,249,141,0.629766,FRC3,False
2026-02-10T06:51:36.852521,Park_Street,22.5535,88.3531,13,19,506,346,1.0,FRC4,False
2026-02-10T06:51:38.013308,Howrah_Bridge,22.5851,88.3467,15,24,846,528,1.0,FRC3,False
2026-02-10T06:51:39.167667,Gariahat,22.5189,88.3647,14,22,639,406,0.996573,FRC7,False
2026-02-10T06:51:40.326009,Salt_Lake_V,22.5744,88.4323,13,24,748,405,0.923052,FRC5,False
2026-02-10T06:52:41.538723,EM_Bypass_North,22.5726,88.3639,14,23,231,141,0.626042,FRC3,False
2026-02-10T06:52:42.706837,Park_Street,22.5535,88.3531,11,18,598,365,1.0,FRC4,False
2026-02-10T06:52:43.863630,Howrah_Bridge,22.5851,88.3467,14,24,906,528,1.0,FRC3,False
2026-02-10T06:52:45.019929,Gariahat,22.5189,88.3647,13,21,688,426,0.994662,FRC7,False
2026-02-10T06:52:46.178534,Salt_Lake_V,22.5744,88.4323,12,25,810,389,0.924929,FRC5,False
2026-02-10T06:53:47.386386,EM_Bypass_North,22.5726,88.3639,14,23,231,141,0.626042,FRC3,False
2026-02-10T06:53:48.553387,Park_Street,22.5535,88.3531,13,19,506,346,1.0,FRC4,False
2026-02-10T06:53:49.722359,Howrah_Bridge,22.5851,88.3467,15,24,846,528,1.0,FRC3,False
2026-02-10T06:53:50.874062,Gariahat,22.5189,88.3647,13,21,688,426,0.994662,FRC7,False
2026-02-10T06:53:52.030922,Salt_Lake_V,22.5744,88.4323,13,24,748,405,0.924363,FRC5,False
2026-02-10T06:54:53.238475,EM_Bypass_North,22.5726,88.3639,14,23,231,141,0.625631,FRC3,False
2026-02-10T06:54:54.391980,Park_Street,22.5535,88.3531,13,19,506,346,1.0,FRC4,False
2026-02-10T06:54:55.546470,Howrah_Bridge,22.5851,88.3467,15,24,846,528,1.0,FRC3,False
2026-02-10T06:54:56.701460,Gariahat,22.5189,88.3647,13,21,688,426,0.994662,FRC7,False
2026-02-10T06:54:57.858965,Salt_Lake_V,22.5744,88.4323,14,25,694,389,0.922819,FRC5,False
2026-02-10T06:55:59.104874,EM_Bypass_North,22.5726,88.3639,14,22,231,147,0.625631,FRC3,False
2026-02-10T06:56:00.263293,Park_Street,22.5535,88.3531,11,18,598,365,1.0,FRC4,False
2026-02-10T06:56:01.431268,Howrah_Bridge,22.5851,88.3467,14,24,906,528,1.0,FRC3,False
2026-02-10T06:56:02.594671,Gariahat,22.5189,88.3647,13,22,688,406,0.994662,FRC7,False
2026-02-10T06:56:03.749967,Salt_Lake_V,22.5744,88.4323,15,24,648,405,0.923052,FRC5,False
2026-02-10T06:57:05.000316,EM_Bypass_North,22.5726,88.3639,15,23,216,141,0.625631,FRC3,False
2026-02-10T06:57:06.155466,Park_Street,22.5535,88.3531,11,19,598,346,1.0,FRC4,False
2026-02-10T06:57:07.312073,Howrah_Bridge,22.5851,88.3467,14,24,906,528,1.0,FRC3,False
2026-02-10T06:57:08.473736,Gariahat,22.5189,88.3647,12,21,745,426,0.994662,FRC7,False
2026-02-10T06:57:09.629089,Salt_Lake_V,22.5744,88.4323,14,24,694,405,0.923052,FRC5,False
2026-02-10T06:58:10.846228,EM_Bypass_North,22.5726,88.3639,11,23,295,141,0.668855,FRC3,False
2026-02-10T06:58:12.001329,Park_Street,22.5535,88.3531,11,19,598,346,1.0,FRC4,False
2026-02-10T06:58:13.161444,Howrah_Bridge,22.5851,88.3467,14,24,906,528,1.0,FRC3,False
2026-02-10T06:58:14.313972,Gariahat,22.5189,88.3647,12,21,745,426,0.994662,FRC7,False
2026-02-10T06:58:15.470783,Salt_Lake_V,22.5744,88.4323,15,25,648,389,0.923052,FRC5,False
2026-02-10T06:59:16.682183,EM_Bypass_North,22.5726,88.3639,11,23,295,141,0.668855,FRC3,False
2026-02-10T06:59:17.831588,Park_Street,22.5535,88.3531,11,19,598,346,1.0,FRC4,False
2026-02-10T06:59:18.987916,Howrah_Bridge,22.5851,88.3467,14,23,906,551,1.0,FRC3,False
2026-02-10T06:59:20.139595,Gariahat,22.5189,88.3647,12,22,745,406,0.994662,FRC7,False
2026-02-10T06:59:21.299457,Salt_Lake_V,22.5744,88.4323,15,24,648,405,0.921509,FRC5,False
2026-02-10T07:00:22.515059,EM_Bypass_North,22.5726,88.3639,11,23,295,141,0.668855,FRC3,False
2026-02-10T07:00:23.668588,Park_Street,22.5535,88.3531,10,19,658,346,1.0,FRC4,False
2026-02-10T07:00:24.820207,Howrah_Bridge,22.5851,88.3467,14,24,906,528,1.0,FRC3,False
2026-02-10T07:00:25.978624,Gariahat,22.5189,88.3647,13,22,688,406,0.994662,FRC7,False
2026-02-10T07:00:27.136837,Salt_Lake_V,22.5744,88.4323,16,24,607,405,0.921509,FRC5,False
2026-02-10T07:01:28.346167,EM_Bypass_North,22.5726,88.3639,11,23,295,141,0.668855,FRC3,False
2026-02-10T07:01:29.507472,Park_Street,22.5535,88.3531,10,19,658,346,1.0,FRC4,False
2026-02-10T07:01:30.666876,Howrah_Bridge,22.5851,88.3467,14,24,906,528,1.0,FRC3,False
2026-02-10T07:01:31.821491,Gariahat,22.5189,88.3647,13,21,688,426,0.995664,FRC7,False
2026-02-10T07:01:32.979992,Salt_Lake_V,22.5744,88.4323,15,24,648,405,0.921509,FRC5,False
2026-02-10T07:02:34.196988,EM_Bypass_North,22.5726,88.3639,11,23,295,141,0.668855,FRC3,False
2026-02-10T07:02:35.368744,Park_Street,22.5535,88.3531,10,18,658,365,1.0,FRC4,False
2026-02-10T07:02:36.527331,Howrah_Bridge,22.5851,88.3467,15,24,846,528,1.0,FRC3,False
2026-02-10T07:02:37.680979,Gariahat,22.5189,88.3647,14,22,639,406,0.994807,FRC7,False
2026-02-10T07:02:38.831214,Salt_Lake_V,22.5744,88.4323,15,25,648,389,0.924485,FRC5,False
2026-02-10T07:03:40.037811,EM_Bypass_North,22.5726,88.3639,11,23,295,141,0.668855,FRC3,False
2026-02-10T07:03:41.192670,Park_Street,22.5535,88.3531,11,19,598,346,1.0,FRC4,False
2026-02-10T07:03:42.346591,Howrah_Bridge,22.5851,88.3467,14,24,906,528,1.0,FRC3,False
2026-02-10T07:03:43.508161,Gariahat,22.5189,88.3647,14,22,639,406,0.993805,FRC7,False
2026-02-10T07:03:44.660947,Salt_Lake_V,22.5744,88.4323,17,25,572,389,0.924485,FRC5,False
2026-02-10T07:04:45.875601,EM_Bypass_North,22.5726,88.3639,11,23,295,141,0.668855,FRC3,False
2026-02-10T07:04:47.031167,Park_Street,22.5535,88.3531,11,18,598,365,1.0,FRC4,False
2026-02-10T07:04:48.188280,Howrah_Bridge,22.5851,88.3467,15,24,846,528,1.0,FRC3,False
2026-02-10T07:04:49.343045,Gariahat,22.5189,88.3647,14,22,639,406,0.993805,FRC7,False
2026-02-10T07:04:50.497461,Salt_Lake_V,22.5744,88.4323,18,25,540,389,0.924485,FRC5,False
2026-02-10T07:05:51.707272,EM_Bypass_North,22.5726,88.3639,11,23,295,141,0.668855,FRC3,False
2026-02-10T07:05:52.867681,Park_Street,22.5535,88.3531,11,19,598,346,1.0,FRC4,False
2026-02-10T07:05:54.020341,Howrah_Bridge,22.5851,88.3467,14,24,906,528,1.0,FRC3,False
2026-02-10T07:05:55.190668,Gariahat,22.5189,88.3647,14,22,639,406,0.996573,FRC7,False
2026-02-10T07:05:56.345787,Salt_Lake_V,22.5744,88.4323,18,24,540,405,0.937633,FRC5,False
2026-02-10T07:06:57.558272,EM_Bypass_North,22.5726,88.3639,11,23,295,141,0.668855,FRC3,False
2026-02-10T07:06:58.710700,Park_Street,22.5535,88.3531,11,18,598,365,1.0,FRC4,False
2026-02-10T07:06:59.873502,Howrah_Bridge,22.5851,88.3467,15,23,846,551,1.0,FRC3,False
2026-02-10T07:07:01.039682,Gariahat,22.5189,88.3647,16,23,559,389,0.996573,FRC7,False
2026-02-10T07:07:02.192530,Salt_Lake_V,22.5744,88.4323,18,23,540,422,0.935412,FRC5,False
2026-02-10T07:08:03.402559,EM_Bypass_North,22.5726,88.3639,11,23,295,141,0.668855,FRC3,False
2026-02-10T07:08:04.557707,Park_Street,22.5535,88.3531,11,18,598,365,1.0,FRC4,False
2026-02-10T07:08:05.717086,Howrah_Bridge,22.5851,88.3467,15,24,846,528,1.0,FRC3,False
2026-02-10T07:08:06.882196,Gariahat,22.5189,88.3647,15,22,596,406,1.0,FRC7,False
2026-02-10T07:08:08.034479,Salt_Lake_V,22.5744,88.4323,19,24,511,405,0.935412,FRC5,False
2026-02-10T07:09:09.275350,EM_Bypass_North,22.5726,88.3639,11,23,295,141,0.668855,FRC3,False
2026-02-10T07:09:10.427652,Park_Street,22.5535,88.3531,11,18,598,365,1.0,FRC4,False
2026-02-10T07:09:11.589901,Howrah_Bridge,22.5851,88.3467,14,24,906,528,1.0,FRC3,False
2026-02-10T07:09:12.748677,Gariahat,22.5189,88.3647,15,22,596,406,1.0,FRC7,False
2026-02-10T07:09:13.911700,Salt_Lake_V,22.5744,88.4323,24,24,405,405,1.0,FRC5,False
2026-02-10T07:10:15.133888,EM_Bypass_North,22.5726,88.3639,11,23,295,141,0.649728,FRC3,False
2026-02-10T07:10:16.290601,Park_Street,22.5535,88.3531,11,18,598,365,1.0,FRC4,False
2026-02-10T07:10:17.452598,Howrah_Bridge,22.5851,88.3467,15,24,846,528,1.0,FRC3,False
2026-02-10T07:10:18.612242,Gariahat,22.5189,88.3647,15,22,596,406,1.0,FRC7,False
2026-02-10T07:10:19.771043,Salt_Lake_V,22.5744,88.4323,24,24,405,405,1.0,FRC5,False
2026-02-10T07:11:20.981031,EM_Bypass_North,22.5726,88.3639,11,23,295,141,0.588524,FRC3,False
2026-02-10T07:11:22.136703,Park_Street,22.5535,88.3531,11,19,598,346,1.0,FRC4,False
2026-02-10T07:11:23.397465,Howrah_Bridge,22.5851,88.3467,16,24,793,528,1.0,FRC3,False
2026-02-10T07:11:24.555559,Gariahat,22.5189,88.3647,15,21,596,426,1.0,FRC7,False
2026-02-10T07:11:25.709864,Salt_Lake_V,22.5744,88.4323,24,24,405,405,1.0,FRC5,False
2026-02-10T07:12:26.923585,EM_Bypass_North,22.5726,88.3639,11,22,295,147,0.693495,FRC3,False
2026-02-10T07:12:28.089658,Park_Street,22.5535,88.3531,11,19,598,346,1.0,FRC4,False
2026-02-10T07:12:29.247778,Howrah_Bridge,22.5851,88.3467,16,24,793,528,1.0,FRC3,False
2026-02-10T07:12:30.402066,Gariahat,22.5189,88.3647,15,22,596,406,1.0,FRC7,False
2026-02-10T07:12:31.553818,Salt_Lake_V,22.5744,88.4323,24,24,405,405,1.0,FRC5,False
2026-02-10T07:13:32.780342,EM_Bypass_North,22.5726,88.3639,11,22,295,147,0.693495,FRC3,False
2026-02-10T07:13:33.948677,Park_Street,22.5535,88.3531,11,18,598,365,0.99,FRC4,False
2026-02-10T07:13:35.107699,Howrah_Bridge,22.5851,88.3467,14,23,906,551,0.998934,FRC3,False
2026-02-10T07:13:36.270554,Gariahat,22.5189,88.3647,15,22,596,406,0.99817,FRC7,False
2026-02-10T07:13:37.424922,Salt_Lake_V,22.5744,88.4323,21,24,463,405,0.924485,FRC5,False
2026-02-10T07:14:38.632772,EM_Bypass_North,22.5726,88.3639,16,22,202,147,0.672893,FRC3,False
2026-02-10T07:14:39.792688,Park_Street,22.5535,88.3531,11,18,598,365,0.99,FRC4,False
2026-02-10T07:14:40.950323,Howrah_Bridge,22.5851,88.3467,14,24,906,528,0.998934,FRC3,False
2026-02-10T07:14:42.111402,Gariahat,22.5189,88.3647,15,22,596,406,1.0,FRC7,False
2026-02-10T07:14:43.267588,Salt_Lake_V,22.5744,88.4323,20,23,486,422,0.927235,FRC5,False
2026-02-10T07:15:44.484027,EM_Bypass_North,22.5726,88.3639,16,22,202,147,0.672893,FRC3,False
2026-02-10T07:15:45.637303,Park_Street,22.5535,88.3531,11,18,598,365,0.99,FRC4,False
2026-02-10T07:15:46.809918,Howrah_Bridge,22.5851,88.3467,14,24,906,528,0.99852,FRC3,False
2026-02-10T07:15:47.971592,Gariahat,22.5189,88.3647,14,21,639,426,0.996573,FRC7,False
2026-02-10T07:15:49.137184,Salt_Lake_V,22.5744,88.4323,20,23,486,422,0.927235,FRC5,False
2026-02-10T07:16:50.345504,EM_Bypass_North,22.5726,88.3639,16,22,202,147,0.672893,FRC3,False
2026-02-10T07:16:51.502056,Park_Street,22.5535,88.3531,11,19,598,346,0.99,FRC4,False
2026-02-10T07:16:52.656065,Howrah_Bridge,22.5851,88.3467,15,23,846,551,0.998934,FRC3,False
2026-02-10T07:16:53.810358,Gariahat,22.5189,88.3647,14,21,639,426,0.996573,FRC7,False
2026-02-10T07:16:54.968814,Salt_Lake_V,22.5744,88.4323,19,24,511,405,0.935412,FRC5,False
2026-02-10T07:17:56.181829,EM_Bypass_North,22.5726,88.3639,16,22,202,147,0.672893,FRC3,False
2026-02-10T07:17:57.334265,Park_Street,22.5535,88.3531,11,18,598,365,0.99,FRC4,False
2026-02-10T07:17:58.486685,Howrah_Bridge,22.5851,88.3467,15,24,846,528,0.998934,FRC3,False
2026-02-10T07:17:59.645164,Gariahat,22.5189,88.3647,14,23,639,389,0.996573,FRC7,False
2026-02-10T07:18:00.802641,Salt_Lake_V,22.5744,88.4323,18,24,540,405,0.924485,FRC5,False
2026-02-10T07:19:02.016461,EM_Bypass_North,22.5726,88.3639,16,22,202,147,0.672893,FRC3,False
2026-02-10T07:19:03.169447,Park_Street,22.5535,88.3531,10,19,658,346,1.0,FRC4,False
2026-02-10T07:19:04.327696,Howrah_Bridge,22.5851,88.3467,15,24,846,528,0.998871,FRC3,False
2026-02-10T07:19:05.484052,Gariahat,22.5189,88.3647,14,22,639,406,0.996573,FRC7,False
2026-02-10T07:19:06.638432,Salt_Lake_V,22.5744,88.4323,16,24,607,405,0.924485,FRC5,False
2026-02-10T07:20:07.847406,EM_Bypass_North,22.5726,88.3639,16,22,202,147,0.672893,FRC3,False
2026-02-10T07:20:09.002227,Park_Street,22.5535,88.3531,10,18,658,365,0.991072,FRC4,False
2026-02-10T07:20:10.159461,Howrah_Bridge,22.5851,88.3467,15,24,846,528,0.99852,FRC3,False
2026-02-10T07:20:11.318458,Gariahat,22.5189,88.3647,14,22,639,406,0.996573,FRC7,False
2026-02-10T07:20:12.476132,Salt_Lake_V,22.5744,88.4323,17,25,572,389,0.924485,FRC5,False
2026-02-10T07:21:13.681614,EM_Bypass_North,22.5726,88.3639,15,22,216,147,0.672893,FRC3,False
2026-02-10T07:21:14.840715,Park_Street,22.5535,88.3531,12,19,548,346,0.991072,FRC4,False
2026-02-10T07:21:15.993684,Howrah_Bridge,22.5851,88.3467,15,24,846,528,0.99852,FRC3,False
2026-02-10T07:21:17.147355,Gariahat,22.5189,88.3647,14,21,639,426,1.0,FRC7,False
2026-02-10T07:21:18.306982,Salt_Lake_V,22.5744,88.4323,16,24,607,405,0.924485,FRC5,False
2026-02-10T07:22:19.508991,EM_Bypass_North,22.5726,88.3639,15,22,216,147,0.672893,FRC3,False
2026-02-10T07:22:20.660419,Park_Street,22.5535,88.3531,11,18,598,365,0.991597,FRC4,False
2026-02-10T07:22:21.813916,Howrah_Bridge,22.5851,88.3467,15,24,846,528,0.998934,FRC3,False
2026-02-10T07:22:22.968284,Gariahat,22.5189,88.3647,14,22,639,406,0.996573,FRC7,False
2026-02-10T07:22:24.128955,Salt_Lake_V,22.5744,88.4323,17,24,572,405,0.93385,FRC5,False
2026-02-10T07:23:25.331263,EM_Bypass_North,22.5726,88.3639,15,22,216,147,0.611145,FRC3,False
2026-02-10T07:23:26.495633,Park_Street,22.5535,88.3531,10,18,658,365,0.99,FRC4,False
2026-02-10T07:23:27.651604,Howrah_Bridge,22.5851,88.3467,14,24,906,528,0.998934,FRC3,False
2026-02-10T07:23:28.810234,Gariahat,22.5189,88.3647,14,22,639,406,0.996573,FRC7,False
2026-02-10T07:23:29.967264,Salt_Lake_V,22.5744,88.4323,17,24,572,405,0.924485,FRC5,False
2026-02-10T07:24:31.179563,EM_Bypass_North,22.5726,88.3639,15,22,216,147,0.561747,FRC3,False
2026-02-10T07:24:32.336312,Park_Street,22.5535,88.3531,10,18,658,365,0.99,FRC4,False
2026-02-10T07:24:33.492616,Howrah_Bridge,22.5851,88.3467,15,24,846,528,0.998934,FRC3,False
2026-02-10T07:24:34.644257,Gariahat,22.5189,88.3647,14,22,639,406,0.996573,FRC7,False
2026-02-10T07:24:35.798127,Salt_Lake_V,22.5744,88.4323,18,24,540,405,0.924485,FRC5,False
2026-02-10T07:25:37.011134,EM_Bypass_North,22.5726,88.3639,15,22,216,147,0.561747,FRC3,False
2026-02-10T07:25:38.171684,Park_Street,22.5535,88.3531,12,19,548,346,0.99,FRC4,False
2026-02-10T07:25:39.332827,Howrah_Bridge,22.5851,88.3467,15,24,846,528,0.998871,FRC3,False
2026-02-10T07:25:40.487498,Gariahat,22.5189,88.3647,13,22,688,406,0.996573,FRC7,False
2026-02-10T07:25:41.656164,Salt_Lake_V,22.5744,88.4323,18,23,540,422,0.932436,FRC5,False
2026-02-10T07:26:42.869232,EM_Bypass_North,22.5726,88.3639,15,22,216,147,0.580272,FRC3,False
2026-02-10T07:26:44.028664,Park_Street,22.5535,88.3531,12,19,548,346,0.988232,FRC4,False
2026-02-10T07:26:45.182157,Howrah_Bridge,22.5851,88.3467,16,24,793,528,0.998871,FRC3,False
2026-02-10T07:26:46.339184,Gariahat,22.5189,88.3647,14,22,639,406,0.996573,FRC7,False
2026-02-10T07:26:47.547540,Salt_Lake_V,22.5744,88.4323,18,24,540,405,0.927235,FRC5,False
2026-02-10T07:27:48.760371,EM_Bypass_North,22.5726,88.3639,15,22,216,147,0.580272,FRC3,False
2026-02-10T07:27:49.913998,Park_Street,22.5535,88.3531,11,19,598,346,0.99,FRC4,False
2026-02-10T07:27:51.077955,Howrah_Bridge,22.5851,88.3467,16,24,793,528,0.998157,FRC3,False
2026-02-10T07:27:52.237479,Gariahat,22.5189,88.3647,14,22,639,406,0.996573,FRC7,False
2026-02-10T07:27:53.394347,Salt_Lake_V,22.5744,88.4323,18,24,540,405,0.922912,FRC5,False
2026-02-10T07:28:54.601747,EM_Bypass_North,22.5726,88.3639,15,22,216,147,0.580272,FRC3,False
2026-02-10T07:28:55.756537,Park_Street,22.5535,88.3531,11,18,598,365,0.99,FRC4,False
2026-02-10T07:28:56.912171,Howrah_Bridge,22.5851,88.3467,17,24,746,528,0.998571,FRC3,False
2026-02-10T07:28:58.070737,Gariahat,22.5189,88.3647,13,22,688,406,0.996573,FRC7,False
2026-02-10T07:28:59.228043,Salt_Lake_V,22.5744,88.4323,17,23,572,422,0.927235,FRC5,False
2026-02-10T07:30:00.441891,EM_Bypass_North,22.5726,88.3639,15,22,216,147,0.580272,FRC3,False
2026-02-10T07:30:01.599476,Park_Street,22.5535,88.3531,11,19,598,346,0.99,FRC4,False
2026-02-10T07:30:02.766180,Howrah_Bridge,22.5851,88.3467,16,23,793,551,0.998571,FRC3,False
2026-02-10T07:30:03.920354,Gariahat,22.5189,88.3647,14,22,639,406,0.996573,FRC7,False
2026-02-10T07:30:05.079915,Salt_Lake_V,22.5744,88.4323,19,25,511,389,0.922912,FRC5,False
2026-02-10T07:31:06.294744,EM_Bypass_North,22.5726,88.3639,15,22,216,147,0.580272,FRC3,False
2026-02-10T07:31:07.460903,Park_Street,22.5535,88.3531,10,18,658,365,0.99,FRC4,False
2026-02-10T07:31:08.616563,Howrah_Bridge,22.5851,88.3467,14,23,906,551,0.998571,FRC3,False
2026-02-10T07:31:09.766204,Gariahat,22.5189,88.3647,14,23,639,389,0.996573,FRC7,False
2026-02-10T07:31:10.921625,Salt_Lake_V,22.5744,88.4323,20,24,486,405,0.922912,FRC5,False
2026-02-10T07:32:12.173429,EM_Bypass_North,22.5726,88.3639,15,22,216,147,0.580272,FRC3,False
2026-02-10T07:32:13.325032,Park_Street,22.5535,88.3531,10,19,658,346,0.99,FRC4,False
2026-02-10T07:32:14.487563,Howrah_Bridge,22.5851,88.3467,15,24,846,528,0.998571,FRC3,False
2026-02-10T07:32:15.642540,Gariahat,22.5189,88.3647,14,22,639,406,0.995716,FRC7,False
2026-02-10T07:32:16.797954,Salt_Lake_V,22.5744,88.4323,19,25,511,389,0.922912,FRC5,False
2026-02-10T07:33:18.059351,EM_Bypass_North,22.5726,88.3639,15,22,216,147,0.580272,FRC3,False
2026-02-10T07:33:19.220693,Park_Street,22.5535,88.3531,10,19,658,346,0.99,FRC4,False
2026-02-10T07:33:20.381371,Howrah_Bridge,22.5851,88.3467,15,24,846,528,0.998571,FRC3,False
2026-02-10T07:33:21.536623,Gariahat,22.5189,88.3647,14,22,639,406,0.995716,FRC7,False
2026-02-10T07:33:22.687585,Salt_Lake_V,22.5744,88.4323,19,25,511,389,0.922912,FRC5,False
2026-02-10T07:34:23.898827,EM_Bypass_North,22.5726,88.3639,15,22,216,147,0.580272,FRC3,False
2026-02-10T07:34:25.053499,Park_Street,22.5535,88.3531,9,18,731,365,0.99,FRC4,False
2026-02-10T07:34:26.206338,Howrah_Bridge,22.5851,88.3467,15,24,846,528,0.998508,FRC3,False
2026-02-10T07:34:27.361506,Gariahat,22.5189,88.3647,14,23,639,389,0.996573,FRC7,False
2026-02-10T07:34:28.518218,Salt_Lake_V,22.5744,88.4323,20,25,486,389,0.922912,FRC5,False
2026-02-10T07:35:29.773605,EM_Bypass_North,22.5726,88.3639,15,22,216,147,0.580272,FRC3,False
2026-02-10T07:35:30.934144,Park_Street,22.5535,88.3531,9,18,731,365,0.99,FRC4,False
2026-02-10T07:35:32.092013,Howrah_Bridge,22.5851,88.3467,15,24,846,528,0.998508,FRC3,False
2026-02-10T07:35:33.253841,Gariahat,22.5189,88.3647,15,23,596,389,0.995716,FRC7,False
2026-02-10T07:35:34.405837,Salt_Lake_V,22.5744,88.4323,19,24,511,405,0.932436,FRC5,False
2026-02-10T07:36:35.609940,EM_Bypass_North,22.5726,88.3639,15,22,216,147,0.580272,FRC3,False
2026-02-10T07:36:36.765660,Park_Street,22.5535,88.3531,9,19,731,346,0.98,FRC4,False
2026-02-10T07:36:37.918792,Howrah_Bridge,22.5851,88.3467,16,24,793,528,0.998157,FRC3,False
2026-02-10T07:36:39.072220,Gariahat,22.5189,88.3647,15,22,596,406,0.995716,FRC7,False
2026-02-10T07:36:40.229245,Salt_Lake_V,22.5744,88.4323,19,24,511,405,0.932436,FRC5,False
2026-02-10T07:37:41.479009,EM_Bypass_North,22.5726,88.3639,15,22,216,147,0.580272,FRC3,False
2026-02-10T07:37:42.631088,Park_Street,22.5535,88.3531,9,19,731,346,0.98,FRC4,False
2026-02-10T07:37:43.783265,Howrah_Bridge,22.5851,88.3467,14,23,906,551,0.99852,FRC3,False
2026-02-10T07:37:44.938194,Gariahat,22.5189,88.3647,15,22,596,406,0.994859,FRC7,False
2026-02-10T07:37:46.090646,Salt_Lake_V,22.5744,88.4323,18,24,540,405,0.922912,FRC5,False
2026-02-10T07:38:47.376390,EM_Bypass_North,22.5726,88.3639,17,22,191,147,0.561747,FRC3,False
2026-02-10T07:38:48.528857,Park_Street,22.5535,88.3531,9,20,731,329,0.981634,FRC4,False
2026-02-10T07:38:49.683490,Howrah_Bridge,22.5851,88.3467,14,24,906,528,0.998934,FRC3,False
2026-02-10T07:38:50.839445,Gariahat,22.5189,88.3647,15,22,596,406,0.995716,FRC7,False
2026-02-10T07:38:51.991731,Salt_Lake_V,22.5744,88.4323,24,24,405,405,1.0,FRC5,False
2026-02-10T07:39:53.247137,EM_Bypass_North,22.5726,88.3639,17,22,191,147,0.561747,FRC3,False
2026-02-10T07:39:54.403253,Park_Street,22.5535,88.3531,9,18,731,365,0.98,FRC4,False
2026-02-10T07:39:55.555425,Howrah_Bridge,22.5851,88.3467,13,23,976,551,0.998934,FRC3,False
2026-02-10T07:39:56.709724,Gariahat,22.5189,88.3647,15,22,596,406,0.995716,FRC7,False
2026-02-10T07:39:57.871000,Salt_Lake_V,22.5744,88.4323,24,24,405,405,1.0,FRC5,False
2026-02-10T07:40:59.130192,EM_Bypass_North,22.5726,88.3639,17,22,191,147,0.555573,FRC3,False
2026-02-10T07:41:00.287967,Park_Street,22.5535,88.3531,9,18,731,365,0.98,FRC4,False
2026-02-10T07:41:01.441981,Howrah_Bridge,22.5851,88.3467,13,24,976,528,1.0,FRC3,False
2026-02-10T07:41:02.594127,Gariahat,22.5189,88.3647,15,22,596,406,0.995716,FRC7,False
2026-02-10T07:41:03.751738,Salt_Lake_V,22.5744,88.4323,18,24,540,405,0.922912,FRC5,False
2026-02-10T07:42:04.986166,EM_Bypass_North,22.5726,88.3639,17,22,191,147,0.555573,FRC3,False
2026-02-10T07:42:06.141786,Park_Street,22.5535,88.3531,9,18,731,365,0.98,FRC4,False
2026-02-10T07:42:07.298919,Howrah_Bridge,22.5851,88.3467,15,24,846,528,1.0,FRC3,False
2026-02-10T07:42:08.453720,Gariahat,22.5189,88.3647,15,22,596,406,0.994859,FRC7,False
2026-02-10T07:42:09.612869,Salt_Lake_V,22.5744,88.4323,19,25,511,389,0.922912,FRC5,False
2026-02-10T07:43:10.851318,EM_Bypass_North,22.5726,88.3639,19,22,170,147,0.549398,FRC3,False
2026-02-10T07:43:12.005343,Park_Street,22.5535,88.3531,9,18,731,365,0.976795,FRC4,False
2026-02-10T07:43:13.166346,Howrah_Bridge,22.5851,88.3467,15,23,846,551,1.0,FRC3,False
2026-02-10T07:43:14.320316,Gariahat,22.5189,88.3647,16,22,559,406,0.994859,FRC7,False
2026-02-10T07:43:15.473415,Salt_Lake_V,22.5744,88.4323,18,24,540,405,0.926058,FRC5,False
2026-02-10T07:44:16.728450,EM_Bypass_North,22.5726,88.3639,19,22,170,147,0.549398,FRC3,False
2026-02-10T07:44:17.882624,Park_Street,22.5535,88.3531,9,17,731,387,0.975192,FRC4,False
2026-02-10T07:44:19.038736,Howrah_Bridge,22.5851,88.3467,14,24,906,528,1.0,FRC3,False
2026-02-10T07:44:20.190374,Gariahat,22.5189,88.3647,16,22,559,406,0.995716,FRC7,False
2026-02-10T07:44:21.345621,Salt_Lake_V,22.5744,88.4323,17,24,572,405,0.930778,FRC5,False
2026-02-10T07:45:22.602174,EM_Bypass_North,22.5726,88.3639,23,23,141,141,1.0,FRC3,False
2026-02-10T07:45:23.764672,Park_Street,22.5535,88.3531,9,17,731,387,0.966795,FRC4,False
2026-02-10T07:45:24.918883,Howrah_Bridge,22.5851,88.3467,13,23,976,551,1.0,FRC3,False
2026-02-10T07:45:26.074771,Gariahat,22.5189,88.3647,16,22,559,406,0.994859,FRC7,False
2026-02-10T07:45:27.231350,Salt_Lake_V,22.5744,88.4323,17,24,572,405,0.942831,FRC5,False
2026-02-10T07:46:28.484086,EM_Bypass_North,22.5726,88.3639,23,23,141,141,1.0,FRC3,False
2026-02-10T07:46:29.638686,Park_Street,22.5535,88.3531,9,17,731,387,0.966795,FRC4,False
2026-02-10T07:46:30.789796,Howrah_Bridge,22.5851,88.3467,15,24,846,528,1.0,FRC3,False
2026-02-10T07:46:31.949418,Gariahat,22.5189,88.3647,16,21,559,426,0.995716,FRC7,False
2026-02-10T07:46:33.110838,Salt_Lake_V,22.5744,88.4323,19,24,511,405,0.937071,FRC5,False
2026-02-10T07:47:34.321307,EM_Bypass_North,22.5726,88.3639,23,23,141,141,1.0,FRC3,False
2026-02-10T07:47:35.479426,Park_Street,22.5535,88.3531,9,17,731,387,0.955192,FRC4,False
2026-02-10T07:47:36.634260,Howrah_Bridge,22.5851,88.3467,15,23,846,551,1.0,FRC3,False
2026-02-10T07:47:37.790108,Gariahat,22.5189,88.3647,17,22,526,406,0.995716,FRC7,False
2026-02-10T07:47:38.950246,Salt_Lake_V,22.5744,88.4323,16,23,607,422,0.943486,FRC5,False
2026-02-10T05:18:16.663511,EM_Bypass_North,22.5726,88.3639,23,23,141,141,1.0,FRC3,False
2026-02-10T05:18:17.827750,Park_Street,22.5535,88.3531,13,18,506,365,0.995192,FRC4,False
2026-02-10T05:18:18.992168,Howrah_Bridge,22.5851,88.3467,16,24,793,528,1.0,FRC3,False
2026-02-10T05:18:20.162092,Gariahat,22.5189,88.3647,19,23,471,389,0.99743,FRC7,False
2026-02-10T05:18:21.318949,Salt_Lake_V,22.5744,88.4323,17,25,572,389,0.923241,FRC5,False
2026-02-10T05:19:22.617572,EM_Bypass_North,22.5726,88.3639,23,23,141,141,1.0,FRC3,False
2026-02-10T05:19:23.777677,Park_Street,22.5535,88.3531,13,19,506,346,0.99,FRC4,False
2026-02-10T05:19:24.937349,Howrah_Bridge,22.5851,88.3467,16,23,793,551,1.0,FRC3,False
2026-02-10T05:19:26.097717,Gariahat,22.5189,88.3647,18,22,497,406,0.99817,FRC7,False
2026-02-10T05:19:27.257981,Salt_Lake_V,22.5744,88.4323,15,25,648,389,0.927631,FRC5,False
2026-02-10T05:20:28.527552,EM_Bypass_North,22.5726,88.3639,23,23,141,141,1.0,FRC3,False
2026-02-10T05:20:29.683494,Park_Street,22.5535,88.3531,11,18,598,365,0.99,FRC4,False
2026-02-10T05:20:30.840104,Howrah_Bridge,22.5851,88.3467,17,23,746,551,1.0,FRC3,False
2026-02-10T05:20:31.994107,Gariahat,22.5189,88.3647,18,21,497,426,0.99743,FRC7,False
2026-02-10T05:20:33.151933,Salt_Lake_V,22.5744,88.4323,17,24,572,405,0.927631,FRC5,False
2026-02-10T05:21:34.431365,EM_Bypass_North,22.5726,88.3639,23,23,141,141,1.0,FRC3,False
2026-02-10T05:21:35.591606,Park_Street,22.5535,88.3531,13,19,506,346,0.99,FRC4,False
2026-02-10T05:21:36.751570,Howrah_Bridge,22.5851,88.3467,18,24,705,528,1.0,FRC3,False
2026-02-10T05:21:37.905748,Gariahat,22.5189,88.3647,18,23,497,389,0.996573,FRC7,False
2026-02-10T05:21:39.072374,Salt_Lake_V,22.5744,88.4323,15,24,648,405,0.925869,FRC5,False
2026-02-10T05:22:40.367224,EM_Bypass_North,22.5726,88.3639,23,23,141,141,1.0,FRC3,False
2026-02-10T05:22:41.535745,Park_Street,22.5535,88.3531,14,18,470,365,0.993589,FRC4,False
2026-02-10T05:22:42.687438,Howrah_Bridge,22.5851,88.3467,18,24,705,528,1.0,FRC3,False
2026-02-10T05:22:43.855676,Gariahat,22.5189,88.3647,18,22,497,406,0.996573,FRC7,False
2026-02-10T05:22:45.018073,Salt_Lake_V,22.5744,88.4323,16,24,607,405,0.923689,FRC5,False
2026-02-10T05:23:46.267607,EM_Bypass_North,22.5726,88.3639,23,23,141,141,1.0,FRC3,False
2026-02-10T05:23:47.421053,Park_Street,22.5535,88.3531,14,18,470,365,0.993589,FRC4,False
2026-02-10T05:23:48.588170,Howrah_Bridge,22.5851,88.3467,19,24,668,528,1.0,FRC3,False
2026-02-10T05:23:49.745322,Gariahat,22.5189,88.3647,17,22,526,406,0.996573,FRC7,False
2026-02-10T05:23:50.907266,Salt_Lake_V,22.5744,88.4323,18,24,540,405,0.92805,FRC5,False
2026-02-10T05:24:52.213430,EM_Bypass_North,22.5726,88.3639,23,23,141,141,1.0,FRC3,False
2026-02-10T05:24:53.370840,Park_Street,22.5535,88.3531,13,18,506,365,0.99,FRC4,False
2026-02-10T05:24:54.533201,Howrah_Bridge,22.5851,88.3467,18,24,705,528,1.0,FRC3,False
2026-02-10T05:24:55.687233,Gariahat,22.5189,88.3647,16,23,559,389,0.99817,FRC7,False
2026-02-10T05:24:56.844589,Salt_Lake_V,22.5744,88.4323,17,24,572,405,0.923689,FRC5,False
2026-02-10T05:25:58.123645,EM_Bypass_North,22.5726,88.3639,23,23,141,141,1.0,FRC3,False
2026-02-10T05:25:59.294245,Park_Street,22.5535,88.3531,14,19,470,346,0.99,FRC4,False
2026-02-10T05:26:00.450507,Howrah_Bridge,22.5851,88.3467,16,23,793,551,1.0,FRC3,False
2026-02-10T05:26:01.607040,Gariahat,22.5189,88.3647,15,22,596,406,0.99817,FRC7,False
2026-02-10T05:26:02.759188,Salt_Lake_V,22.5744,88.4323,16,24,607,405,0.923689,FRC5,False
2026-02-10T05:27:04.032673,EM_Bypass_North,22.5726,88.3639,23,23,141,141,1.0,FRC3,False
2026-02-10T05:27:05.187581,Park_Street,22.5535,88.3531,14,19,470,346,0.99,FRC4,False
2026-02-10T05:27:06.347038,Howrah_Bridge,22.5851,88.3467,16,23,793,551,1.0,FRC3,False
2026-02-10T05:27:07.508263,Gariahat,22.5189,88.3647,15,22,596,406,0.99817,FRC7,False
2026-02-10T05:27:08.668196,Salt_Lake_V,22.5744,88.4323,16,25,607,389,0.927631,FRC5,False
2026-02-10T05:28:09.878509,EM_Bypass_North,22.5726,88.3639,19,22,170,147,0.506175,FRC3,False
2026-02-10T05:28:11.037947,Park_Street,22.5535,88.3531,13,18,506,365,0.99,FRC4,False
2026-02-10T05:28:12.197263,Howrah_Bridge,22.5851,88.3467,17,24,746,528,1.0,FRC3,False
2026-02-10T05:28:13.355454,Gariahat,22.5189,88.3647,15,22,596,406,0.99743,FRC7,False
2026-02-10T05:28:14.507727,Salt_Lake_V,22.5744,88.4323,17,24,572,405,0.927631,FRC5,False
2026-02-10T05:29:15.802256,EM_Bypass_North,22.5726,88.3639,19,22,170,147,0.506175,FRC3,False
2026-02-10T05:29:16.958446,Park_Street,22.5535,88.3531,11,18,598,365,0.99,FRC4,False
2026-02-10T05:29:18.127106,Howrah_Bridge,22.5851,88.3467,18,23,705,551,1.0,FRC3,False
2026-02-10T05:29:19.293837,Gariahat,22.5189,88.3647,15,23,596,389,0.99743,FRC7,False
2026-02-10T05:29:20.453682,Salt_Lake_V,22.5744,88.4323,18,24,540,405,0.927631,FRC5,False
2026-02-10T05:30:21.727130,EM_Bypass_North,22.5726,88.3639,19,22,170,147,0.506175,FRC3,False
2026-02-10T05:30:22.885467,Park_Street,22.5535,88.3531,11,18,598,365,0.99,FRC4,False
2026-02-10T05:30:24.043841,Howrah_Bridge,22.5851,88.3467,16,23,793,551,1.0,FRC3,False
2026-02-10T05:30:25.213655,Gariahat,22.5189,88.3647,15,22,596,406,0.99743,FRC7,False
2026-02-10T05:30:26.371949,Salt_Lake_V,22.5744,88.4323,16,24,607,405,0.927631,FRC5,False
2026-02-10T05:31:27.663174,EM_Bypass_North,22.5726,88.3639,19,22,170,147,0.506175,FRC3,False
2026-02-10T05:31:28.820647,Park_Street,22.5535,88.3531,11,19,598,346,0.99,FRC4,False
2026-02-10T05:31:29.977706,Howrah_Bridge,22.5851,88.3467,17,24,746,528,1.0,FRC3,False
2026-02-10T05:31:31.131042,Gariahat,22.5189,88.3647,15,22,596,406,0.99743,FRC7,False
2026-02-10T05:31:32.285875,Salt_Lake_V,22.5744,88.4323,14,24,694,405,0.927631,FRC5,False
2026-02-10T05:32:33.566442,EM_Bypass_North,22.5726,88.3639,19,22,170,147,0.506175,FRC3,False
2026-02-10T05:32:34.727098,Park_Street,22.5535,88.3531,10,17,658,387,0.995192,FRC4,False
2026-02-10T05:32:35.882843,Howrah_Bridge,22.5851,88.3467,16,24,793,528,1.0,FRC3,False
2026-02-10T05:32:37.040946,Gariahat,22.5189,88.3647,15,22,596,406,0.99817,FRC7,False
2026-02-10T05:32:38.194318,Salt_Lake_V,22.5744,88.4323,14,24,694,405,0.924929,FRC5,False
2026-02-10T05:33:39.481331,EM_Bypass_North,22.5726,88.3639,23,23,141,141,1.0,FRC3,False
2026-02-10T05:33:40.635884,Park_Street,22.5535,88.3531,10,18,658,365,0.995192,FRC4,False
2026-02-10T05:33:41.793544,Howrah_Bridge,22.5851,88.3467,16,23,793,551,1.0,FRC3,False
2026-02-10T05:33:42.949702,Gariahat,22.5189,88.3647,15,22,596,406,0.996573,FRC7,False
2026-02-10T05:33:44.104555,Salt_Lake_V,22.5744,88.4323,16,24,607,405,0.925373,FRC5,False
2026-02-10T05:34:45.384825,EM_Bypass_North,22.5726,88.3639,23,23,141,141,1.0,FRC3,False
2026-02-10T05:34:46.544206,Park_Street,22.5535,88.3531,10,17,658,387,0.995192,FRC4,False
2026-02-10T05:34:47.702093,Howrah_Bridge,22.5851,88.3467,17,24,746,528,1.0,FRC3,False
2026-02-10T05:34:48.855564,Gariahat,22.5189,88.3647,15,23,596,389,0.996573,FRC7,False
2026-02-10T05:34:50.013786,Salt_Lake_V,22.5744,88.4323,15,24,648,405,0.93177,FRC5,False
2026-02-10T05:35:51.225312,EM_Bypass_North,22.5726,88.3639,23,23,141,141,1.0,FRC3,False
2026-02-10T05:35:52.381531,Park_Street,22.5535,88.3531,10,17,658,387,0.995192,FRC4,False
2026-02-10T05:35:53.536781,Howrah_Bridge,22.5851,88.3467,17,23,746,551,1.0,FRC3,False
2026-02-10T05:35:54.691169,Gariahat,22.5189,88.3647,15,22,596,406,0.996573,FRC7,False
2026-02-10T05:35:55.844424,Salt_Lake_V,22.5744,88.4323,16,24,607,405,0.92805,FRC5,False
2026-02-10T05:36:57.127944,EM_Bypass_North,22.5726,88.3639,23,23,141,141,1.0,FRC3,False
2026-02-10T05:36:58.283346,Park_Street,22.5535,88.3531,10,18,658,365,0.996795,FRC4,False
2026-02-10T05:36:59.440552,Howrah_Bridge,22.5851,88.3467,17,23,746,551,1.0,FRC3,False
2026-02-10T05:37:00.598836,Gariahat,22.5189,88.3647,15,23,596,389,0.996573,FRC7,False
2026-02-10T05:37:01.756610,Salt_Lake_V,22.5744,88.4323,17,25,572,389,0.927631,FRC5,False
2026-02-10T05:38:02.963035,EM_Bypass_North,22.5726,88.3639,23,23,141,141,1.0,FRC3,False
2026-02-10T05:38:04.119736,Park_Street,22.5535,88.3531,11,19,598,346,0.99,FRC4,False
2026-02-10T05:38:05.276869,Howrah_Bridge,22.5851,88.3467,17,23,746,551,1.0,FRC3,False
2026-02-10T05:38:06.434034,Gariahat,22.5189,88.3647,17,23,526,389,0.995716,FRC7,False
2026-02-10T05:38:07.595030,Salt_Lake_V,22.5744,88.4323,16,24,607,405,0.927631,FRC5,False
2026-02-10T05:39:08.809254,EM_Bypass_North,22.5726,88.3639,23,23,141,141,1.0,FRC3,False
2026-02-10T05:39:09.963875,Park_Street,22.5535,88.3531,11,18,598,365,0.99,FRC4,False
2026-02-10T05:39:11.116856,Howrah_Bridge,22.5851,88.3467,17,24,746,528,1.0,FRC3,False
2026-02-10T05:39:12.268422,Gariahat,22.5189,88.3647,17,22,526,406,0.995716,FRC7,False
2026-02-10T05:39:13.427669,Salt_Lake_V,22.5744,88.4323,16,25,607,389,0.931215,FRC5,False
2026-02-10T05:40:14.702536,EM_Bypass_North,22.5726,88.3639,23,23,141,141,1.0,FRC3,False
2026-02-10T05:40:15.861687,Park_Street,22.5535,88.3531,11,19,598,346,0.99,FRC4,False
2026-02-10T05:40:17.022120,Howrah_Bridge,22.5851,88.3467,17,23,746,551,1.0,FRC3,False
2026-02-10T05:40:18.189536,Gariahat,22.5189,88.3647,17,23,526,389,0.995716,FRC7,False
2026-02-10T05:40:19.345497,Salt_Lake_V,22.5744,88.4323,16,25,607,389,0.931215,FRC5,False
2026-02-10T05:41:20.555647,EM_Bypass_North,22.5726,88.3639,18,22,180,147,0.512349,FRC3,False
2026-02-10T05:41:21.710456,Park_Street,22.5535,88.3531,11,18,598,365,0.99,FRC4,False
2026-02-10T05:41:22.869193,Howrah_Bridge,22.5851,88.3467,17,23,746,551,1.0,FRC3,False
2026-02-10T05:41:24.024918,Gariahat,22.5189,88.3647,17,22,526,406,0.995716,FRC7,False
2026-02-10T05:41:25.181296,Salt_Lake_V,22.5744,88.4323,15,25,648,389,0.927631,FRC5,False
2026-02-10T05:42:26.382361,EM_Bypass_North,22.5726,88.3639,18,22,180,147,0.512349,FRC3,False
2026-02-10T05:42:27.540436,Park_Street,22.5535,88.3531,11,19,598,346,0.99,FRC4,False
2026-02-10T05:42:28.693333,Howrah_Bridge,22.5851,88.3467,17,24,746,528,1.0,FRC3,False
2026-02-10T05:42:29.845491,Gariahat,22.5189,88.3647,17,22,526,406,0.996573,FRC7,False
2026-02-10T05:42:31.002667,Salt_Lake_V,22.5744,88.4323,14,23,694,422,0.927631,FRC5,False
2026-02-10T05:43:32.213822,EM_Bypass_North,22.5726,88.3639,18,22,180,147,0.512349,FRC3,False
2026-02-10T05:43:33.372680,Park_Street,22.5535,88.3531,13,19,506,346,0.99,FRC4,False
2026-02-10T05:43:34.532060,Howrah_Bridge,22.5851,88.3467,16,24,793,528,1.0,FRC3,False
2026-02-10T05:43:35.687391,Gariahat,22.5189,88.3647,18,22,497,406,0.996573,FRC7,False
2026-02-10T05:43:36.858123,Salt_Lake_V,22.5744,88.4323,16,24,607,405,0.942431,FRC5,False
2026-02-10T05:44:38.077181,EM_Bypass_North,22.5726,88.3639,18,22,180,147,0.512349,FRC3,False
2026-02-10T05:44:39.232548,Park_Street,22.5535,88.3531,11,19,598,346,0.99,FRC4,False
2026-02-10T05:44:40.388399,Howrah_Bridge,22.5851,88.3467,17,24,746,528,1.0,FRC3,False
2026-02-10T05:44:41.541308,Gariahat,22.5189,88.3647,18,23,497,389,0.995716,FRC7,False
2026-02-10T05:44:42.695080,Salt_Lake_V,22.5744,88.4323,15,25,648,389,0.942431,FRC5,False
2026-02-10T05:45:43.969977,EM_Bypass_North,22.5726,88.3639,18,22,180,147,0.512349,FRC3,False
2026-02-10T05:45:45.124158,Park_Street,22.5535,88.3531,11,18,598,365,0.99,FRC4,False
2026-02-10T05:45:46.286306,Howrah_Bridge,22.5851,88.3467,15,23,846,551,1.0,FRC3,False
2026-02-10T05:45:47.439629,Gariahat,22.5189,88.3647,17,22,526,406,0.996573,FRC7,False
2026-02-10T05:45:48.591951,Salt_Lake_V,22.5744,88.4323,16,24,607,405,0.939551,FRC5,False
2026-02-10T05:46:49.799326,EM_Bypass_North,22.5726,88.3639,18,22,180,147,0.512349,FRC3,False
2026-02-10T05:46:50.957863,Park_Street,22.5535,88.3531,11,19,598,346,0.99,FRC4,False
2026-02-10T05:46:52.118624,Howrah_Bridge,22.5851,88.3467,18,24,705,528,1.0,FRC3,False
2026-02-10T05:46:53.275888,Gariahat,22.5189,88.3647,16,22,559,406,0.996573,FRC7,False
2026-02-10T05:46:54.435116,Salt_Lake_V,22.5744,88.4323,13,25,748,389,0.937352,FRC5,False
2026-02-10T05:47:55.645117,EM_Bypass_North,22.5726,88.3639,18,22,180,147,0.512349,FRC3,False
2026-02-10T05:47:56.802210,Park_Street,22.5535,88.3531,13,18,506,365,0.99,FRC4,False
2026-02-10T05:47:57.953958,Howrah_Bridge,22.5851,88.3467,17,24,746,528,1.0,FRC3,False
2026-02-10T05:47:59.114039,Gariahat,22.5189,88.3647,16,22,559,406,0.996573,FRC7,False
2026-02-10T05:48:00.273168,Salt_Lake_V,22.5744,88.4323,13,24,748,405,0.926058,FRC5,False
2026-02-10T05:49:01.488095,EM_Bypass_North,22.5726,88.3639,18,22,180,147,0.518524,FRC3,False
2026-02-10T05:49:02.639279,Park_Street,22.5535,88.3531,13,18,506,365,0.99,FRC4,False
2026-02-10T05:49:03.791340,Howrah_Bridge,22.5851,88.3467,18,24,705,528,1.0,FRC3,False
2026-02-10T05:49:04.942840,Gariahat,22.5189,88.3647,17,22,526,406,0.995716,FRC7,False
2026-02-10T05:49:06.102738,Salt_Lake_V,22.5744,88.4323,13,24,748,405,0.926058,FRC5,False
2026-02-10T05:50:07.375876,EM_Bypass_North,22.5726,88.3639,18,22,180,147,0.518524,FRC3,False
2026-02-10T05:50:08.527544,Park_Street,22.5535,88.3531,11,18,598,365,1.0,FRC4,False
2026-02-10T05:50:09.685466,Howrah_Bridge,22.5851,88.3467,16,24,793,528,1.0,FRC3,False
2026-02-10T05:50:10.840952,Gariahat,22.5189,88.3647,15,23,596,389,0.996573,FRC7,False
2026-02-10T05:50:11.996488,Salt_Lake_V,22.5744,88.4323,13,24,748,405,0.926058,FRC5,False
2026-02-10T05:51:13.303816,EM_Bypass_North,22.5726,88.3639,18,22,180,147,0.518524,FRC3,False
2026-02-10T05:51:14.469643,Park_Street,22.5535,88.3531,11,18,598,365,1.0,FRC4,False
2026-02-10T05:51:15.629423,Howrah_Bridge,22.5851,88.3467,16,24,793,528,1.0,FRC3,False
2026-02-10T05:51:16.786546,Gariahat,22.5189,88.3647,16,22,559,406,0.996573,FRC7,False
2026-02-10T05:51:17.941985,Salt_Lake_V,22.5744,88.4323,12,23,810,422,0.926058,FRC5,False
2026-02-10T05:52:19.141253,EM_Bypass_North,22.5726,88.3639,18,22,180,147,0.518524,FRC3,False
2026-02-10T05:52:20.297863,Park_Street,22.5535,88.3531,12,18,548,365,0.996464,FRC4,False
2026-02-10T05:52:21.452408,Howrah_Bridge,22.5851,88.3467,17,24,746,528,1.0,FRC3,False
2026-02-10T05:52:22.611444,Gariahat,22.5189,88.3647,16,21,559,426,0.995716,FRC7,False
2026-02-10T05:52:23.766412,Salt_Lake_V,22.5744,88.4323,15,25,648,389,0.926058,FRC5,False
2026-02-10T05:53:24.972058,EM_Bypass_North,22.5726,88.3639,18,22,180,147,0.518524,FRC3,False
2026-02-10T05:53:26.129638,Park_Street,22.5535,88.3531,11,18,598,365,0.994839,FRC4,False
2026-02-10T05:53:27.291966,Howrah_Bridge,22.5851,88.3467,18,24,705,528,1.0,FRC3,False
2026-02-10T05:53:28.456984,Gariahat,22.5189,88.3647,16,21,559,426,0.996573,FRC7,False
2026-02-10T05:53:29.613200,Salt_Lake_V,22.5744,88.4323,16,25,607,389,0.926058,FRC5,False
2026-02-10T05:54:30.829337,EM_Bypass_North,22.5726,88.3639,19,22,170,147,0.512349,FRC3,False
2026-02-10T05:54:31.987721,Park_Street,22.5535,88.3531,11,19,598,346,0.996464,FRC4,False
2026-02-10T05:54:33.140345,Howrah_Bridge,22.5851,88.3467,17,24,746,528,1.0,FRC3,False
2026-02-10T05:54:34.298376,Gariahat,22.5189,88.3647,17,22,526,406,0.996573,FRC7,False
2026-02-10T05:54:35.451947,Salt_Lake_V,22.5744,88.4323,15,25,648,389,0.926058,FRC5,False
2026-02-10T05:55:36.655820,EM_Bypass_North,22.5726,88.3639,19,22,170,147,0.512349,FRC3,False
2026-02-10T05:55:37.812408,Park_Street,22.5535,88.3531,12,19,548,346,0.996464,FRC4,False
2026-02-10T05:55:38.966481,Howrah_Bridge,22.5851,88.3467,17,24,746,528,1.0,FRC3,False
2026-02-10T05:55:40.122875,Gariahat,22.5189,88.3647,17,23,526,389,0.995716,FRC7,False
2026-02-10T05:55:41.282409,Salt_Lake_V,22.5744,88.4323,14,24,694,405,0.926058,FRC5,False
2026-02-10T05:56:42.565039,EM_Bypass_North,22.5726,88.3639,17,22,191,147,0.518524,FRC3,False
2026-02-10T05:56:43.720803,Park_Street,22.5535,88.3531,12,18,548,365,0.996464,FRC4,False
2026-02-10T05:56:44.884294,Howrah_Bridge,22.5851,88.3467,18,24,705,528,1.0,FRC3,False
2026-02-10T05:56:46.040164,Gariahat,22.5189,88.3647,18,22,497,406,0.995716,FRC7,False
2026-02-10T05:56:47.195239,Salt_Lake_V,22.5744,88.4323,17,24,572,405,0.924929,FRC5,False
2026-02-10T05:57:48.404825,EM_Bypass_North,22.5726,88.3639,17,22,191,147,0.518524,FRC3,False
2026-02-10T05:57:49.564970,Park_Street,22.5535,88.3531,11,19,598,346,0.996464,FRC4,False
2026-02-10T05:57:50.720235,Howrah_Bridge,22.5851,88.3467,18,23,705,551,1.0,FRC3,False
2026-02-10T05:57:51.877812,Gariahat,22.5189,88.3647,17,22,526,406,0.994859,FRC7,False
2026-02-10T05:57:53.034708,Salt_Lake_V,22.5744,88.4323,16,25,607,389,0.924929,FRC5,False
2026-02-10T05:58:54.245200,EM_Bypass_North,22.5726,88.3639,23,23,141,141,1.0,FRC3,False
2026-02-10T05:58:55.406507,Park_Street,22.5535,88.3531,10,19,658,346,0.996464,FRC4,False
2026-02-10T05:58:56.564334,Howrah_Bridge,22.5851,88.3467,17,24,746,528,1.0,FRC3,False
2026-02-10T05:58:57.726056,Gariahat,22.5189,88.3647,17,22,526,406,0.994859,FRC7,False
2026-02-10T05:58:58.886869,Salt_Lake_V,22.5744,88.4323,15,24,648,405,0.92487,FRC5,False
2026-02-10T06:00:00.087334,EM_Bypass_North,22.5726,88.3639,23,23,141,141,1.0,FRC3,False
2026-02-10T06:00:01.242074,Park_Street,22.5535,88.3531,10,18,658,365,0.996464,FRC4,False
2026-02-10T06:00:02.396050,Howrah_Bridge,22.5851,88.3467,17,24,746,528,1.0,FRC3,False
2026-02-10T06:00:03.560963,Gariahat,22.5189,88.3647,17,22,526,406,0.994859,FRC7,False
2026-02-10T06:00:04.716889,Salt_Lake_V,22.5744,88.4323,15,24,648,405,0.926617,FRC5,False
2026-02-10T06:01:05.989267,EM_Bypass_North,22.5726,88.3639,23,23,141,141,1.0,FRC3,False
2026-02-10T06:01:07.148417,Park_Street,22.5535,88.3531,10,18,658,365,0.99,FRC4,False
2026-02-10T06:01:08.304575,Howrah_Bridge,22.5851,88.3467,17,24,746,528,1.0,FRC3,False
2026-02-10T06:01:09.464019,Gariahat,22.5189,88.3647,16,22,559,406,0.995716,FRC7,False
2026-02-10T06:01:10.620580,Salt_Lake_V,22.5744,88.4323,15,24,648,405,0.926617,FRC5,False
2026-02-10T06:02:11.829252,EM_Bypass_North,22.5726,88.3639,23,23,141,141,1.0,FRC3,False
2026-02-10T06:02:12.982806,Park_Street,22.5535,88.3531,11,18,598,365,0.99,FRC4,False
2026-02-10T06:02:14.137617,Howrah_Bridge,22.5851,88.3467,17,24,746,528,1.0,FRC3,False
2026-02-10T06:02:15.294719,Gariahat,22.5189,88.3647,16,22,559,406,0.995716,FRC7,False
2026-02-10T06:02:16.451626,Salt_Lake_V,22.5744,88.4323,15,25,648,389,0.931859,FRC5,False
2026-02-10T06:03:17.661708,EM_Bypass_North,22.5726,88.3639,23,23,141,141,1.0,FRC3,False
2026-02-10T06:03:18.819686,Park_Street,22.5535,88.3531,12,18,548,365,0.99,FRC4,False
2026-02-10T06:03:19.971430,Howrah_Bridge,22.5851,88.3467,16,24,793,528,1.0,FRC3,False
2026-02-10T06:03:21.123643,Gariahat,22.5189,88.3647,16,23,559,389,0.995716,FRC7,False
2026-02-10T06:03:22.280271,Salt_Lake_V,22.5744,88.4323,16,25,607,389,0.925906,FRC5,False
2026-02-10T06:04:23.486886,EM_Bypass_North,22.5726,88.3639,23,23,141,141,1.0,FRC3,False
2026-02-10T06:04:24.639699,Park_Street,22.5535,88.3531,11,17,598,387,0.998397,FRC4,False
2026-02-10T06:04:25.797458,Howrah_Bridge,22.5851,88.3467,17,24,746,528,1.0,FRC3,False
2026-02-10T06:04:26.952621,Gariahat,22.5189,88.3647,17,23,526,389,0.995716,FRC7,False
2026-02-10T06:04:28.104721,Salt_Lake_V,22.5744,88.4323,15,24,648,405,0.930111,FRC5,False
2026-02-10T06:05:29.307425,EM_Bypass_North,22.5726,88.3639,23,23,141,141,1.0,FRC3,False
2026-02-10T06:05:30.465031,Park_Street,22.5535,88.3531,10,19,658,346,0.99,FRC4,False
2026-02-10T06:05:31.617081,Howrah_Bridge,22.5851,88.3467,17,24,746,528,1.0,FRC3,False
2026-02-10T06:05:32.774734,Gariahat,22.5189,88.3647,16,22,559,406,0.995716,FRC7,False
2026-02-10T06:05:33.925700,Salt_Lake_V,22.5744,88.4323,17,25,572,389,0.928364,FRC5,False
2026-02-10T06:06:35.128157,EM_Bypass_North,22.5726,88.3639,18,22,180,147,0.522349,FRC3,False
2026-02-10T06:06:36.281964,Park_Street,22.5535,88.3531,12,19,548,346,0.99,FRC4,False
2026-02-10T06:06:37.438868,Howrah_Bridge,22.5851,88.3467,17,24,746,528,1.0,FRC3,False
2026-02-10T06:06:38.592746,Gariahat,22.5189,88.3647,16,22,559,406,0.995716,FRC7,False
2026-02-10T06:06:39.759182,Salt_Lake_V,22.5744,88.4323,17,24,572,405,0.925373,FRC5,False
2026-02-10T06:07:40.966019,EM_Bypass_North,22.5726,88.3639,23,23,141,141,1.0,FRC3,False
2026-02-10T06:07:42.120597,Park_Street,22.5535,88.3531,12,19,548,346,0.99,FRC4,False
2026-02-10T06:07:43.285170,Howrah_Bridge,22.5851,88.3467,17,24,746,528,1.0,FRC3,False
2026-02-10T06:07:44.443205,Gariahat,22.5189,88.3647,15,22,596,406,0.995716,FRC7,False
2026-02-10T06:07:45.595886,Salt_Lake_V,22.5744,88.4323,16,24,607,405,0.926058,FRC5,False
2026-02-10T06:08:46.795123,EM_Bypass_North,22.5726,88.3639,23,23,141,141,1.0,FRC3,False
2026-02-10T06:08:47.947083,Park_Street,22.5535,88.3531,12,19,548,346,0.998999,FRC4,False
2026-02-10T06:08:49.097428,Howrah_Bridge,22.5851,88.3467,17,24,746,528,1.0,FRC3,False
2026-02-10T06:08:50.253079,Gariahat,22.5189,88.3647,15,23,596,389,0.996339,FRC7,False
2026-02-10T06:08:51.405630,Salt_Lake_V,22.5744,88.4323,14,24,694,405,0.933902,FRC5,False
2026-02-10T06:09:52.616597,EM_Bypass_North,22.5726,88.3639,23,23,141,141,1.0,FRC3,False
2026-02-10T06:09:53.777950,Park_Street,22.5535,88.3531,11,18,598,365,0.998999,FRC4,False
2026-02-10T06:09:54.934664,Howrah_Bridge,22.5851,88.3467,16,24,793,528,1.0,FRC3,False
2026-02-10T06:09:56.092231,Gariahat,22.5189,88.3647,14,21,639,426,0.992759,FRC7,False
2026-02-10T06:09:57.250294,Salt_Lake_V,22.5744,88.4323,14,25,694,389,0.940217,FRC5,False
2026-02-10T06:10:58.463936,EM_Bypass_North,22.5726,88.3639,23,23,141,141,1.0,FRC3,False
2026-02-10T06:10:59.620583,Park_Street,22.5535,88.3531,12,18,548,365,0.997998,FRC4,False
2026-02-10T06:11:00.777118,Howrah_Bridge,22.5851,88.3467,16,23,793,551,1.0,FRC3,False
2026-02-10T06:11:01.934105,Gariahat,22.5189,88.3647,15,23,596,389,0.995716,FRC7,False
2026-02-10T06:11:03.090801,Salt_Lake_V,22.5744,88.4323,13,25,748,389,0.938848,FRC5,False
2026-02-10T06:12:04.301646,EM_Bypass_North,22.5726,88.3639,23,23,141,141,1.0,FRC3,False
2026-02-10T06:12:05.459552,Park_Street,22.5535,88.3531,13,18,506,365,0.998999,FRC4,False
2026-02-10T06:12:06.631393,Howrah_Bridge,22.5851,88.3467,17,24,746,528,1.0,FRC3,False
2026-02-10T06:12:07.789116,Gariahat,22.5189,88.3647,15,21,596,426,0.995716,FRC7,False
2026-02-10T06:12:08.957397,Salt_Lake_V,22.5744,88.4323,13,24,748,405,0.933902,FRC5,False
2026-02-10T06:13:10.249928,EM_Bypass_North,22.5726,88.3639,23,23,141,141,1.0,FRC3,False
2026-02-10T06:13:11.407472,Park_Street,22.5535,88.3531,11,18,598,365,0.997998,FRC4,False
2026-02-10T06:13:12.566117,Howrah_Bridge,22.5851,88.3467,16,24,793,528,1.0,FRC3,False
2026-02-10T06:13:13.726676,Gariahat,22.5189,88.3647,15,22,596,406,0.995716,FRC7,False
2026-02-10T06:13:14.879518,Salt_Lake_V,22.5744,88.4323,12,24,810,405,0.93177,FRC5,False
2026-02-10T06:14:16.091613,EM_Bypass_North,22.5726,88.3639,23,23,141,141,1.0,FRC3,False
2026-02-10T06:14:17.250373,Park_Street,22.5535,88.3531,11,18,598,365,0.99444,FRC4,False
2026-02-10T06:14:18.409957,Howrah_Bridge,22.5851,88.3467,14,24,906,528,1.0,FRC3,False
2026-02-10T06:14:19.568913,Gariahat,22.5189,88.3647,15,22,596,406,0.992759,FRC7,False
2026-02-10T06:14:20.726947,Salt_Lake_V,22.5744,88.4323,13,24,748,405,0.959488,FRC5,False
2026-02-10T06:15:21.940473,EM_Bypass_North,22.5726,88.3639,23,23,141,141,1.0,FRC3,False
2026-02-10T06:15:23.100156,Park_Street,22.5535,88.3531,11,18,598,365,0.99444,FRC4,False
2026-02-10T06:15:24.258064,Howrah_Bridge,22.5851,88.3467,15,24,846,528,1.0,FRC3,False
2026-02-10T06:15:25.411247,Gariahat,22.5189,88.3647,15,22,596,406,0.992759,FRC7,False
2026-02-10T06:15:26.568748,Salt_Lake_V,22.5744,88.4323,14,25,694,389,0.961987,FRC5,False
2026-02-10T06:16:27.777224,EM_Bypass_North,22.5726,88.3639,23,23,141,141,1.0,FRC3,False
2026-02-10T06:16:28.936693,Park_Street,22.5535,88.3531,11,18,598,365,0.99444,FRC4,False
2026-02-10T06:16:30.090839,Howrah_Bridge,22.5851,88.3467,16,24,793,528,1.0,FRC3,False
2026-02-10T06:16:31.244534,Gariahat,22.5189,88.3647,17,22,526,406,0.995716,FRC7,False
2026-02-10T06:16:32.395655,Salt_Lake_V,22.5744,88.4323,13,24,748,405,0.961987,FRC5,False
2026-02-10T06:17:33.613937,EM_Bypass_North,22.5726,88.3639,23,23,141,141,1.0,FRC3,False
2026-02-10T06:17:34.771594,Park_Street,22.5535,88.3531,10,18,658,365,0.992661,FRC4,False
2026-02-10T06:17:35.929962,Howrah_Bridge,22.5851,88.3467,15,24,846,528,1.0,FRC3,False
2026-02-10T06:17:37.084074,Gariahat,22.5189,88.3647,17,21,526,426,0.994859,FRC7,False
2026-02-10T06:17:38.242069,Salt_Lake_V,22.5744,88.4323,14,25,694,389,0.960588,FRC5,False
2026-02-10T06:18:39.442628,EM_Bypass_North,22.5726,88.3639,23,23,141,141,1.0,FRC3,False
2026-02-10T06:18:40.599553,Park_Street,22.5535,88.3531,11,18,598,365,0.99166,FRC4,False
2026-02-10T06:18:41.753604,Howrah_Bridge,22.5851,88.3467,16,24,793,528,1.0,FRC3,False
2026-02-10T06:18:42.904446,Gariahat,22.5189,88.3647,17,22,526,406,0.997325,FRC7,False
2026-02-10T06:18:44.063700,Salt_Lake_V,22.5744,88.4323,13,24,748,405,0.960588,FRC5,False
2026-02-10T06:19:45.275008,EM_Bypass_North,22.5726,88.3639,23,23,141,141,1.0,FRC3,False
2026-02-10T06:19:46.435558,Park_Street,22.5535,88.3531,12,19,548,346,0.99166,FRC4,False
2026-02-10T06:19:47.588530,Howrah_Bridge,22.5851,88.3467,14,23,906,551,1.0,FRC3,False
2026-02-10T06:19:48.742553,Gariahat,22.5189,88.3647,15,21,596,426,0.992759,FRC7,False
2026-02-10T06:19:49.901463,Salt_Lake_V,22.5744,88.4323,14,25,694,389,0.960588,FRC5,False
2026-02-10T06:20:51.108105,EM_Bypass_North,22.5726,88.3639,23,23,141,141,1.0,FRC3,False
2026-02-10T06:20:52.262987,Park_Street,22.5535,88.3531,11,18,598,365,0.99166,FRC4,False
2026-02-10T06:20:53.417358,Howrah_Bridge,22.5851,88.3467,15,23,846,551,1.0,FRC3,False
2026-02-10T06:20:54.571856,Gariahat,22.5189,88.3647,15,21,596,426,0.992759,FRC7,False
2026-02-10T06:20:55.734846,Salt_Lake_V,22.5744,88.4323,12,24,810,405,0.961561,FRC5,False
2026-02-10T06:21:56.944847,EM_Bypass_North,22.5726,88.3639,23,23,141,141,1.0,FRC3,False
2026-02-10T06:21:58.100968,Park_Street,22.5535,88.3531,11,18,598,365,0.99166,FRC4,False
2026-02-10T06:21:59.256579,Howrah_Bridge,22.5851,88.3467,14,23,906,551,1.0,FRC3,False
2026-02-10T06:22:00.416518,Gariahat,22.5189,88.3647,16,22,559,406,0.997325,FRC7,False
2026-02-10T06:22:01.571847,Salt_Lake_V,22.5744,88.4323,12,24,810,405,0.961561,FRC5,False
2026-02-10T06:23:02.781013,EM_Bypass_North,22.5726,88.3639,23,23,141,141,1.0,FRC3,False
2026-02-10T06:23:03.942677,Park_Street,22.5535,88.3531,10,19,658,346,0.986997,FRC4,False
2026-02-10T06:23:05.112058,Howrah_Bridge,22.5851,88.3467,14,23,906,551,1.0,FRC3,False
2026-02-10T06:23:06.263080,Gariahat,22.5189,88.3647,15,21,596,426,0.992759,FRC7,False
2026-02-10T06:23:07.414468,Salt_Lake_V,22.5744,88.4323,13,24,748,405,0.963309,FRC5,False
2026-02-10T06:24:08.679442,EM_Bypass_North,22.5726,88.3639,23,23,141,141,1.0,FRC3,False
2026-02-10T06:24:09.830929,Park_Street,22.5535,88.3531,10,18,658,365,0.985996,FRC4,False
2026-02-10T06:24:10.993141,Howrah_Bridge,22.5851,88.3467,15,24,846,528,1.0,FRC3,False
2026-02-10T06:24:12.154660,Gariahat,22.5189,88.3647,15,21,596,426,0.992759,FRC7,False
2026-02-10T06:24:13.308938,Salt_Lake_V,22.5744,88.4323,16,24,607,405,0.962242,FRC5,False
2026-02-10T06:25:14.519909,EM_Bypass_North,22.5726,88.3639,23,23,141,141,1.0,FRC3,False
2026-02-10T06:25:15.671504,Park_Street,22.5535,88.3531,10,18,658,365,0.985996,FRC4,False
2026-02-10T06:25:16.827967,Howrah_Bridge,22.5851,88.3467,14,23,906,551,1.0,FRC3,False
2026-02-10T06:25:17.990526,Gariahat,22.5189,88.3647,15,22,596,406,0.992759,FRC7,False
2026-02-10T06:25:19.149629,Salt_Lake_V,22.5744,88.4323,16,25,607,389,0.962242,FRC5,False
2026-02-10T06:26:20.411113,EM_Bypass_North,22.5726,88.3639,23,23,141,141,1.0,FRC3,False
2026-02-10T06:26:21.563123,Park_Street,22.5535,88.3531,10,17,658,387,0.985996,FRC4,False
2026-02-10T06:26:22.726247,Howrah_Bridge,22.5851,88.3467,13,23,976,551,1.0,FRC3,False
2026-02-10T06:26:23.885251,Gariahat,22.5189,88.3647,16,22,559,406,0.996573,FRC7,False
2026-02-10T06:26:25.040075,Salt_Lake_V,22.5744,88.4323,15,24,648,405,0.962242,FRC5,False
2026-02-10T06:27:26.289202,EM_Bypass_North,22.5726,88.3639,23,23,141,141,1.0,FRC3,False
2026-02-10T06:27:27.480289,Park_Street,22.5535,88.3531,11,18,598,365,0.99,FRC4,False
2026-02-10T06:27:28.637576,Howrah_Bridge,22.5851,88.3467,14,23,906,551,1.0,FRC3,False
2026-02-10T06:27:29.803390,Gariahat,22.5189,88.3647,15,22,596,406,0.99743,FRC7,False
2026-02-10T06:27:30.956046,Salt_Lake_V,22.5744,88.4323,14,24,694,405,0.962242,FRC5,False
2026-02-10T06:28:32.167481,EM_Bypass_North,22.5726,88.3639,23,23,141,141,1.0,FRC3,False
2026-02-10T06:28:33.323949,Park_Street,22.5535,88.3531,13,19,506,346,0.99,FRC4,False
2026-02-10T06:28:34.528889,Howrah_Bridge,22.5851,88.3467,15,24,846,528,1.0,FRC3,False
2026-02-10T06:28:35.684351,Gariahat,22.5189,88.3647,14,22,639,406,0.996573,FRC7,False
2026-02-10T06:28:36.847450,Salt_Lake_V,22.5744,88.4323,14,24,694,405,0.960177,FRC5,False
2026-02-10T06:29:38.094155,EM_Bypass_North,22.5726,88.3639,23,23,141,141,1.0,FRC3,False
2026-02-10T06:29:39.260997,Park_Street,22.5535,88.3531,13,19,506,346,0.99,FRC4,False
2026-02-10T06:29:40.416926,Howrah_Bridge,22.5851,88.3467,14,23,906,551,1.0,FRC3,False
2026-02-10T06:29:41.570898,Gariahat,22.5189,88.3647,14,22,639,406,0.99743,FRC7,False
2026-02-10T06:29:42.732434,Salt_Lake_V,22.5744,88.4323,16,25,607,389,0.958367,FRC5,False
2026-02-10T06:30:43.972197,EM_Bypass_North,22.5726,88.3639,23,23,141,141,1.0,FRC3,False
2026-02-10T06:30:45.125384,Park_Street,22.5535,88.3531,11,19,598,346,0.99,FRC4,False
2026-02-10T06:30:46.284048,Howrah_Bridge,22.5851,88.3467,15,23,846,551,1.0,FRC3,False
2026-02-10T06:30:47.450335,Gariahat,22.5189,88.3647,14,21,639,426,0.99743,FRC7,False
2026-02-10T06:30:48.605524,Salt_Lake_V,22.5744,88.4323,15,24,648,405,0.954213,FRC5,False
2026-02-10T06:31:49.864527,EM_Bypass_North,22.5726,88.3639,23,23,141,141,1.0,FRC3,False
2026-02-10T06:31:51.029919,Park_Street,22.5535,88.3531,9,18,731,365,0.99,FRC4,False
2026-02-10T06:31:52.185098,Howrah_Bridge,22.5851,88.3467,17,24,746,528,1.0,FRC3,False
2026-02-10T06:31:53.336404,Gariahat,22.5189,88.3647,14,21,639,426,0.99743,FRC7,False
2026-02-10T06:31:54.511907,Salt_Lake_V,22.5744,88.4323,15,25,648,389,0.956394,FRC5,False
2026-02-10T06:32:55.763080,EM_Bypass_North,22.5726,88.3639,23,23,141,141,1.0,FRC3,False
2026-02-10T06:32:56.917292,Park_Street,22.5535,88.3531,10,19,658,346,0.99,FRC4,False
2026-02-10T06:32:58.108111,Howrah_Bridge,22.5851,88.3467,17,24,746,528,1.0,FRC3,False
2026-02-10T06:32:59.283531,Gariahat,22.5189,88.3647,15,22,596,406,0.995716,FRC7,False
2026-02-10T06:33:00.440187,Salt_Lake_V,22.5744,88.4323,15,24,648,405,0.954213,FRC5,False
2026-02-10T06:34:01.696736,EM_Bypass_North,22.5726,88.3639,23,23,141,141,1.0,FRC3,False
2026-02-10T06:34:02.855087,Park_Street,22.5535,88.3531,11,19,598,346,0.99,FRC4,False
2026-02-10T06:34:04.009030,Howrah_Bridge,22.5851,88.3467,17,23,746,551,1.0,FRC3,False
2026-02-10T06:34:05.165740,Gariahat,22.5189,88.3647,15,21,596,426,0.995716,FRC7,False
2026-02-10T06:34:06.334849,Salt_Lake_V,22.5744,88.4323,14,25,694,389,0.954213,FRC5,False
2026-02-10T06:35:07.594819,EM_Bypass_North,22.5726,88.3639,23,23,141,141,1.0,FRC3,False
2026-02-10T06:35:08.746402,Park_Street,22.5535,88.3531,11,18,598,365,0.99,FRC4,False
2026-02-10T06:35:09.908123,Howrah_Bridge,22.5851,88.3467,16,24,793,528,1.0,FRC3,False
2026-02-10T06:35:11.065708,Gariahat,22.5189,88.3647,14,22,639,406,0.995716,FRC7,False
2026-02-10T06:35:12.229415,Salt_Lake_V,22.5744,88.4323,14,24,694,405,0.962242,FRC5,False
2026-02-10T06:36:13.484585,EM_Bypass_North,22.5726,88.3639,23,23,141,141,1.0,FRC3,False
2026-02-10T06:36:14.638361,Park_Street,22.5535,88.3531,10,19,658,346,0.99,FRC4,False
2026-02-10T06:36:15.794683,Howrah_Bridge,22.5851,88.3467,15,23,846,551,1.0,FRC3,False
2026-02-10T06:36:16.949565,Gariahat,22.5189,88.3647,14,21,639,426,0.995716,FRC7,False
2026-02-10T06:36:18.176438,Salt_Lake_V,22.5744,88.4323,15,25,648,389,0.962242,FRC5,False
2026-02-10T06:37:19.378466,EM_Bypass_North,22.5726,88.3639,23,23,141,141,1.0,FRC3,False
2026-02-10T06:37:20.536596,Park_Street,22.5535,88.3531,10,19,658,346,1.0,FRC4,False
2026-02-10T06:37:21.693398,Howrah_Bridge,22.5851,88.3467,14,24,906,528,1.0,FRC3,False
2026-02-10T06:37:22.849961,Gariahat,22.5189,88.3647,14,21,639,426,0.995716,FRC7,False
2026-02-10T06:37:24.009652,Salt_Lake_V,22.5744,88.4323,15,24,648,405,0.953081,FRC5,False
2026-02-10T06:38:25.260695,EM_Bypass_North,22.5726,88.3639,23,23,141,141,1.0,FRC3,False
2026-02-10T06:38:26.419457,Park_Street,22.5535,88.3531,11,19,598,346,1.0,FRC4,False
2026-02-10T06:38:27.583239,Howrah_Bridge,22.5851,88.3467,15,23,846,551,1.0,FRC3,False
2026-02-10T06:38:28.738832,Gariahat,22.5189,88.3647,15,22,596,406,0.996573,FRC7,False
2026-02-10T06:38:29.894229,Salt_Lake_V,22.5744,88.4323,16,24,607,405,0.925869,FRC5,False
2026-02-10T06:39:31.137999,EM_Bypass_North,22.5726,88.3639,23,23,141,141,1.0,FRC3,False
2026-02-10T06:39:32.291975,Park_Street,22.5535,88.3531,11,18,598,365,1.0,FRC4,False
2026-02-10T06:39:33.458185,Howrah_Bridge,22.5851,88.3467,15,24,846,528,1.0,FRC3,False
2026-02-10T06:39:34.611314,Gariahat,22.5189,88.3647,14,22,639,406,0.996573,FRC7,False
2026-02-10T06:39:35.781988,Salt_Lake_V,22.5744,88.4323,16,24,607,405,0.935497,FRC5,False
2026-02-10T06:40:37.044486,EM_Bypass_North,22.5726,88.3639,23,23,141,141,1.0,FRC3,False
2026-02-10T06:40:38.195151,Park_Street,22.5535,88.3531,11,19,598,346,1.0,FRC4,False
2026-02-10T06:40:39.349291,Howrah_Bridge,22.5851,88.3467,15,24,846,528,1.0,FRC3,False
2026-02-10T06:40:40.504292,Gariahat,22.5189,88.3647,15,22,596,406,0.996573,FRC7,False
2026-02-10T06:40:41.659429,Salt_Lake_V,22.5744,88.4323,16,25,607,389,0.935497,FRC5,False
2026-02-10T06:41:42.908477,EM_Bypass_North,22.5726,88.3639,18,21,180,154,0.548624,FRC3,False
2026-02-10T06:41:44.069924,Park_Street,22.5535,88.3531,11,19,598,346,1.0,FRC4,False
2026-02-10T06:41:45.234002,Howrah_Bridge,22.5851,88.3467,14,24,906,528,1.0,FRC3,False
2026-02-10T06:41:46.387115,Gariahat,22.5189,88.3647,15,22,596,406,0.996573,FRC7,False
2026-02-10T06:41:47.544270,Salt_Lake_V,22.5744,88.4323,15,24,648,405,0.92805,FRC5,False
2026-02-10T06:42:48.783619,EM_Bypass_North,22.5726,88.3639,13,23,249,141,0.637216,FRC3,False
2026-02-10T06:42:49.936648,Park_Street,22.5535,88.3531,11,18,598,365,1.0,FRC4,False
2026-02-10T06:42:51.090871,Howrah_Bridge,22.5851,88.3467,13,23,976,551,1.0,FRC3,False
2026-02-10T06:42:52.254293,Gariahat,22.5189,88.3647,15,22,596,406,0.996573,FRC7,False
2026-02-10T06:42:53.413324,Salt_Lake_V,22.5744,88.4323,16,25,607,389,0.925869,FRC5,False
2026-02-10T06:43:54.656500,EM_Bypass_North,22.5726,88.3639,13,23,249,141,0.637216,FRC3,False
2026-02-10T06:43:55.812672,Park_Street,22.5535,88.3531,12,19,548,346,1.0,FRC4,False
2026-02-10T06:43:56.969601,Howrah_Bridge,22.5851,88.3467,14,24,906,528,1.0,FRC3,False
2026-02-10T06:43:58.129600,Gariahat,22.5189,88.3647,14,21,639,426,0.996573,FRC7,False
2026-02-10T06:43:59.282689,Salt_Lake_V,22.5744,88.4323,15,24,648,405,0.92805,FRC5,False
2026-02-10T06:45:00.537192,EM_Bypass_North,22.5726,88.3639,13,23,249,141,0.637216,FRC3,False
2026-02-10T06:45:01.702173,Park_Street,22.5535,88.3531,12,18,548,365,0.998397,FRC4,False
2026-02-10T06:45:02.858659,Howrah_Bridge,22.5851,88.3467,14,24,906,528,1.0,FRC3,False
2026-02-10T06:45:04.012579,Gariahat,22.5189,88.3647,15,21,596,426,0.996573,FRC7,False
2026-02-10T06:45:05.168709,Salt_Lake_V,22.5744,88.4323,15,25,648,389,0.930778,FRC5,False
2026-02-10T06:46:06.377791,EM_Bypass_North,22.5726,88.3639,13,23,249,141,0.637216,FRC3,False
2026-02-10T06:46:07.530875,Park_Street,22.5535,88.3531,13,19,506,346,1.0,FRC4,False
2026-02-10T06:46:08.690177,Howrah_Bridge,22.5851,88.3467,15,24,846,528,1.0,FRC3,False
2026-02-10T06:46:09.852549,Gariahat,22.5189,88.3647,14,21,639,426,0.996573,FRC7,False
2026-02-10T06:46:11.004955,Salt_Lake_V,22.5744,88.4323,15,25,648,389,0.930778,FRC5,False
2026-02-10T06:47:12.206592,EM_Bypass_North,22.5726,88.3639,13,23,249,141,0.637216,FRC3,False
2026-02-10T06:47:13.364477,Park_Street,22.5535,88.3531,13,19,506,346,1.0,FRC4,False
2026-02-10T06:47:14.523735,Howrah_Bridge,22.5851,88.3467,14,24,906,528,1.0,FRC3,False
2026-02-10T06:47:15.678071,Gariahat,22.5189,88.3647,14,22,639,406,0.996573,FRC7,False
2026-02-10T06:47:16.832670,Salt_Lake_V,22.5744,88.4323,16,25,607,389,0.929205,FRC5,False
2026-02-10T06:48:18.071641,EM_Bypass_North,22.5726,88.3639,13,23,249,141,0.637216,FRC3,False
2026-02-10T06:48:19.230553,Park_Street,22.5535,88.3531,11,18,598,365,1.0,FRC4,False
2026-02-10T06:48:20.386645,Howrah_Bridge,22.5851,88.3467,14,24,906,528,1.0,FRC3,False
2026-02-10T06:48:21.542293,Gariahat,22.5189,88.3647,14,22,639,406,0.996573,FRC7,False
2026-02-10T06:48:22.695357,Salt_Lake_V,22.5744,88.4323,15,24,648,405,0.930778,FRC5,False
2026-02-10T06:49:24.005148,EM_Bypass_North,22.5726,88.3639,13,23,249,141,0.629766,FRC3,False
2026-02-10T06:49:25.164860,Park_Street,22.5535,88.3531,11,19,598,346,1.0,FRC4,False
2026-02-10T06:49:26.322513,Howrah_Bridge,22.5851,88.3467,15,24,846,528,1.0,FRC3,False
2026-02-10T06:49:27.478449,Gariahat,22.5189,88.3647,14,22,639,406,0.996573,FRC7,False
2026-02-10T06:49:28.630392,Salt_Lake_V,22.5744,88.4323,14,24,694,405,0.929205,FRC5,False
2026-02-10T06:50:29.838079,EM_Bypass_North,22.5726,88.3639,13,23,249,141,0.629766,FRC3,False
2026-02-10T06:50:31.002347,Park_Street,22.5535,88.3531,11,18,598,365,1.0,FRC4,False
2026-02-10T06:50:32.159075,Howrah_Bridge,22.5851,88.3467,14,24,906,528,1.0,FRC3,False
2026-02-10T06:50:33.312740,Gariahat,22.5189,88.3647,14,22,639,406,0.996573,FRC7,False
2026-02-10T06:50:34.470364,Salt_Lake_V,22.5744,88.4323,14,24,694,405,0.924929,FRC5,False
2026-02-10T06:51:35.698500,EM_Bypass_North,22.5726,88.3639,13,23,249,141,0.629766,FRC3,False
2026-02-10T06:51:36.852521,Park_Street,22.5535,88.3531,13,19,506,346,1.0,FRC4,False
2026-02-10T06:51:38.013308,Howrah_Bridge,22.5851,88.3467,15,24,846,528,1.0,FRC3,False
2026-02-10T06:51:39.167667,Gariahat,22.5189,88.3647,14,22,639,406,0.996573,FRC7,False
2026-02-10T06:51:40.326009,Salt_Lake_V,22.5744,88.4323,13,24,748,405,0.923052,FRC5,False
2026-02-10T06:52:41.538723,EM_Bypass_North,22.5726,88.3639,14,23,231,141,0.626042,FRC3,False
2026-02-10T06:52:42.706837,Park_Street,22.5535,88.3531,11,18,598,365,1.0,FRC4,False
2026-02-10T06:52:43.863630,Howrah_Bridge,22.5851,88.3467,14,24,906,528,1.0,FRC3,False
2026-02-10T06:52:45.019929,Gariahat,22.5189,88.3647,13,21,688,426,0.994662,FRC7,False
2026-02-10T06:52:46.178534,Salt_Lake_V,22.5744,88.4323,12,25,810,389,0.924929,FRC5,False
2026-02-10T06:53:47.386386,EM_Bypass_North,22.5726,88.3639,14,23,231,141,0.626042,FRC3,False
2026-02-10T06:53:48.553387,Park_Street,22.5535,88.3531,13,19,506,346,1.0,FRC4,False
2026-02-10T06:53:49.722359,Howrah_Bridge,22.5851,88.3467,15,24,846,528,1.0,FRC3,False
2026-02-10T06:53:50.874062,Gariahat,22.5189,88.3647,13,21,688,426,0.994662,FRC7,False
2026-02-10T06:53:52.030922,Salt_Lake_V,22.5744,88.4323,13,24,748,405,0.924363,FRC5,False
2026-02-10T06:54:53.238475,EM_Bypass_North,22.5726,88.3639,14,23,231,141,0.625631,FRC3,False
2026-02-10T06:54:54.391980,Park_Street,22.5535,88.3531,13,19,506,346,1.0,FRC4,False
2026-02-10T06:54:55.546470,Howrah_Bridge,22.5851,88.3467,15,24,846,528,1.0,FRC3,False
2026-02-10T06:54:56.701460,Gariahat,22.5189,88.3647,13,21,688,426,0.994662,FRC7,False
2026-02-10T06:54:57.858965,Salt_Lake_V,22.5744,88.4323,14,25,694,389,0.922819,FRC5,False
2026-02-10T06:55:59.104874,EM_Bypass_North,22.5726,88.3639,14,22,231,147,0.625631,FRC3,False
2026-02-10T06:56:00.263293,Park_Street,22.5535,88.3531,11,18,598,365,1.0,FRC4,False
2026-02-10T06:56:01.431268,Howrah_Bridge,22.5851,88.3467,14,24,906,528,1.0,FRC3,False
2026-02-10T06:56:02.594671,Gariahat,22.5189,88.3647,13,22,688,406,0.994662,FRC7,False
2026-02-10T06:56:03.749967,Salt_Lake_V,22.5744,88.4323,15,24,648,405,0.923052,FRC5,False
2026-02-10T06:57:05.000316,EM_Bypass_North,22.5726,88.3639,15,23,216,141,0.625631,FRC3,False
2026-02-10T06:57:06.155466,Park_Street,22.5535,88.3531,11,19,598,346,1.0,FRC4,False
2026-02-10T06:57:07.312073,Howrah_Bridge,22.5851,88.3467,14,24,906,528,1.0,FRC3,False
2026-02-10T06:57:08.473736,Gariahat,22.5189,88.3647,12,21,745,426,0.994662,FRC7,False
2026-02-10T06:57:09.629089,Salt_Lake_V,22.5744,88.4323,14,24,694,405,0.923052,FRC5,False
2026-02-10T06:58:10.846228,EM_Bypass_North,22.5726,88.3639,11,23,295,141,0.668855,FRC3,False
2026-02-10T06:58:12.001329,Park_Street,22.5535,88.3531,11,19,598,346,1.0,FRC4,False
2026-02-10T06:58:13.161444,Howrah_Bridge,22.5851,88.3467,14,24,906,528,1.0,FRC3,False
2026-02-10T06:58:14.313972,Gariahat,22.5189,88.3647,12,21,745,426,0.994662,FRC7,False
2026-02-10T06:58:15.470783,Salt_Lake_V,22.5744,88.4323,15,25,648,389,0.923052,FRC5,False
2026-02-10T06:59:16.682183,EM_Bypass_North,22.5726,88.3639,11,23,295,141,0.668855,FRC3,False
2026-02-10T06:59:17.831588,Park_Street,22.5535,88.3531,11,19,598,346,1.0,FRC4,False
2026-02-10T06:59:18.987916,Howrah_Bridge,22.5851,88.3467,14,23,906,551,1.0,FRC3,False
2026-02-10T06:59:20.139595,Gariahat,22.5189,88.3647,12,22,745,406,0.994662,FRC7,False
2026-02-10T06:59:21.299457,Salt_Lake_V,22.5744,88.4323,15,24,648,405,0.921509,FRC5,False
2026-02-10T07:00:22.515059,EM_Bypass_North,22.5726,88.3639,11,23,295,141,0.668855,FRC3,False
2026-02-10T07:00:23.668588,Park_Street,22.5535,88.3531,10,19,658,346,1.0,FRC4,False
2026-02-10T07:00:24.820207,Howrah_Bridge,22.5851,88.3467,14,24,906,528,1.0,FRC3,False
2026-02-10T07:00:25.978624,Gariahat,22.5189,88.3647,13,22,688,406,0.994662,FRC7,False
2026-02-10T07:00:27.136837,Salt_Lake_V,22.5744,88.4323,16,24,607,405,0.921509,FRC5,False
2026-02-10T07:01:28.346167,EM_Bypass_North,22.5726,88.3639,11,23,295,141,0.668855,FRC3,False
2026-02-10T07:01:29.507472,Park_Street,22.5535,88.3531,10,19,658,346,1.0,FRC4,False
2026-02-10T07:01:30.666876,Howrah_Bridge,22.5851,88.3467,14,24,906,528,1.0,FRC3,False
2026-02-10T07:01:31.821491,Gariahat,22.5189,88.3647,13,21,688,426,0.995664,FRC7,False
2026-02-10T07:01:32.979992,Salt_Lake_V,22.5744,88.4323,15,24,648,405,0.921509,FRC5,False
2026-02-10T07:02:34.196988,EM_Bypass_North,22.5726,88.3639,11,23,295,141,0.668855,FRC3,False
2026-02-10T07:02:35.368744,Park_Street,22.5535,88.3531,10,18,658,365,1.0,FRC4,False
2026-02-10T07:02:36.527331,Howrah_Bridge,22.5851,88.3467,15,24,846,528,1.0,FRC3,False
2026-02-10T07:02:37.680979,Gariahat,22.5189,88.3647,14,22,639,406,0.994807,FRC7,False
2026-02-10T07:02:38.831214,Salt_Lake_V,22.5744,88.4323,15,25,648,389,0.924485,FRC5,False
2026-02-10T07:03:40.037811,EM_Bypass_North,22.5726,88.3639,11,23,295,141,0.668855,FRC3,False
2026-02-10T07:03:41.192670,Park_Street,22.5535,88.3531,11,19,598,346,1.0,FRC4,False
2026-02-10T07:03:42.346591,Howrah_Bridge,22.5851,88.3467,14,24,906,528,1.0,FRC3,False
2026-02-10T07:03:43.508161,Gariahat,22.5189,88.3647,14,22,639,406,0.993805,FRC7,False
2026-02-10T07:03:44.660947,Salt_Lake_V,22.5744,88.4323,17,25,572,389,0.924485,FRC5,False
2026-02-10T07:04:45.875601,EM_Bypass_North,22.5726,88.3639,11,23,295,141,0.668855,FRC3,False
2026-02-10T07:04:47.031167,Park_Street,22.5535,88.3531,11,18,598,365,1.0,FRC4,False
2026-02-10T07:04:48.188280,Howrah_Bridge,22.5851,88.3467,15,24,846,528,1.0,FRC3,False
2026-02-10T07:04:49.343045,Gariahat,22.5189,88.3647,14,22,639,406,0.993805,FRC7,False
2026-02-10T07:04:50.497461,Salt_Lake_V,22.5744,88.4323,18,25,540,389,0.924485,FRC5,False
2026-02-10T07:05:51.707272,EM_Bypass_North,22.5726,88.3639,11,23,295,141,0.668855,FRC3,False
2026-02-10T07:05:52.867681,Park_Street,22.5535,88.3531,11,19,598,346,1.0,FRC4,False
2026-02-10T07:05:54.020341,Howrah_Bridge,22.5851,88.3467,14,24,906,528,1.0,FRC3,False
2026-02-10T07:05:55.190668,Gariahat,22.5189,88.3647,14,22,639,406,0.996573,FRC7,False
2026-02-10T07:05:56.345787,Salt_Lake_V,22.5744,88.4323,18,24,540,405,0.937633,FRC5,False
2026-02-10T07:06:57.558272,EM_Bypass_North,22.5726,88.3639,11,23,295,141,0.668855,FRC3,False
2026-02-10T07:06:58.710700,Park_Street,22.5535,88.3531,11,18,598,365,1.0,FRC4,False
2026-02-10T07:06:59.873502,Howrah_Bridge,22.5851,88.3467,15,23,846,551,1.0,FRC3,False
2026-02-10T07:07:01.039682,Gariahat,22.5189,88.3647,16,23,559,389,0.996573,FRC7,False
2026-02-10T07:07:02.192530,Salt_Lake_V,22.5744,88.4323,18,23,540,422,0.935412,FRC5,False
2026-02-10T07:08:03.402559,EM_Bypass_North,22.5726,88.3639,11,23,295,141,0.668855,FRC3,False
2026-02-10T07:08:04.557707,Park_Street,22.5535,88.3531,11,18,598,365,1.0,FRC4,False
2026-02-10T07:08:05.717086,Howrah_Bridge,22.5851,88.3467,15,24,846,528,1.0,FRC3,False
2026-02-10T07:08:06.882196,Gariahat,22.5189,88.3647,15,22,596,406,1.0,FRC7,False
2026-02-10T07:08:08.034479,Salt_Lake_V,22.5744,88.4323,19,24,511,405,0.935412,FRC5,False
2026-02-10T07:09:09.275350,EM_Bypass_North,22.5726,88.3639,11,23,295,141,0.668855,FRC3,False
2026-02-10T07:09:10.427652,Park_Street,22.5535,88.3531,11,18,598,365,1.0,FRC4,False
2026-02-10T07:09:11.589901,Howrah_Bridge,22.5851,88.3467,14,24,906,528,1.0,FRC3,False
2026-02-10T07:09:12.748677,Gariahat,22.5189,88.3647,15,22,596,406,1.0,FRC7,False
2026-02-10T07:09:13.911700,Salt_Lake_V,22.5744,88.4323,24,24,405,405,1.0,FRC5,False
2026-02-10T07:10:15.133888,EM_Bypass_North,22.5726,88.3639,11,23,295,141,0.649728,FRC3,False
2026-02-10T07:10:16.290601,Park_Street,22.5535,88.3531,11,18,598,365,1.0,FRC4,False
2026-02-10T07:10:17.452598,Howrah_Bridge,22.5851,88.3467,15,24,846,528,1.0,FRC3,False
2026-02-10T07:10:18.612242,Gariahat,22.5189,88.3647,15,22,596,406,1.0,FRC7,False
2026-02-10T07:10:19.771043,Salt_Lake_V,22.5744,88.4323,24,24,405,405,1.0,FRC5,False
2026-02-10T07:11:20.981031,EM_Bypass_North,22.5726,88.3639,11,23,295,141,0.588524,FRC3,False
2026-02-10T07:11:22.136703,Park_Street,22.5535,88.3531,11,19,598,346,1.0,FRC4,False
2026-02-10T07:11:23.397465,Howrah_Bridge,22.5851,88.3467,16,24,793,528,1.0,FRC3,False
2026-02-10T07:11:24.555559,Gariahat,22.5189,88.3647,15,21,596,426,1.0,FRC7,False
2026-02-10T07:11:25.709864,Salt_Lake_V,22.5744,88.4323,24,24,405,405,1.0,FRC5,False
2026-02-10T07:12:26.923585,EM_Bypass_North,22.5726,88.3639,11,22,295,147,0.693495,FRC3,False
2026-02-10T07:12:28.089658,Park_Street,22.5535,88.3531,11,19,598,346,1.0,FRC4,False
2026-02-10T07:12:29.247778,Howrah_Bridge,22.5851,88.3467,16,24,793,528,1.0,FRC3,False
2026-02-10T07:12:30.402066,Gariahat,22.5189,88.3647,15,22,596,406,1.0,FRC7,False
2026-02-10T07:12:31.553818,Salt_Lake_V,22.5744,88.4323,24,24,405,405,1.0,FRC5,False
2026-02-10T07:13:32.780342,EM_Bypass_North,22.5726,88.3639,11,22,295,147,0.693495,FRC3,False
2026-02-10T07:13:33.948677,Park_Street,22.5535,88.3531,11,18,598,365,0.99,FRC4,False
2026-02-10T07:13:35.107699,Howrah_Bridge,22.5851,88.3467,14,23,906,551,0.998934,FRC3,False
2026-02-10T07:13:36.270554,Gariahat,22.5189,88.3647,15,22,596,406,0.99817,FRC7,False
2026-02-10T07:13:37.424922,Salt_Lake_V,22.5744,88.4323,21,24,463,405,0.924485,FRC5,False
2026-02-10T07:14:38.632772,EM_Bypass_North,22.5726,88.3639,16,22,202,147,0.672893,FRC3,False
2026-02-10T07:14:39.792688,Park_Street,22.5535,88.3531,11,18,598,365,0.99,FRC4,False
2026-02-10T07:14:40.950323,Howrah_Bridge,22.5851,88.3467,14,24,906,528,0.998934,FRC3,False
2026-02-10T07:14:42.111402,Gariahat,22.5189,88.3647,15,22,596,406,1.0,FRC7,False
2026-02-10T07:14:43.267588,Salt_Lake_V,22.5744,88.4323,20,23,486,422,0.927235,FRC5,False
2026-02-10T07:15:44.484027,EM_Bypass_North,22.5726,88.3639,16,22,202,147,0.672893,FRC3,False
2026-02-10T07:15:45.637303,Park_Street,22.5535,88.3531,11,18,598,365,0.99,FRC4,False
2026-02-10T07:15:46.809918,Howrah_Bridge,22.5851,88.3467,14,24,906,528,0.99852,FRC3,False
2026-02-10T07:15:47.971592,Gariahat,22.5189,88.3647,14,21,639,426,0.996573,FRC7,False
2026-02-10T07:15:49.137184,Salt_Lake_V,22.5744,88.4323,20,23,486,422,0.927235,FRC5,False
2026-02-10T07:16:50.345504,EM_Bypass_North,22.5726,88.3639,16,22,202,147,0.672893,FRC3,False
2026-02-10T07:16:51.502056,Park_Street,22.5535,88.3531,11,19,598,346,0.99,FRC4,False
2026-02-10T07:16:52.656065,Howrah_Bridge,22.5851,88.3467,15,23,846,551,0.998934,FRC3,False
2026-02-10T07:16:53.810358,Gariahat,22.5189,88.3647,14,21,639,426,0.996573,FRC7,False
2026-02-10T07:16:54.968814,Salt_Lake_V,22.5744,88.4323,19,24,511,405,0.935412,FRC5,False
2026-02-10T07:17:56.181829,EM_Bypass_North,22.5726,88.3639,16,22,202,147,0.672893,FRC3,False
2026-02-10T07:17:57.334265,Park_Street,22.5535,88.3531,11,18,598,365,0.99,FRC4,False
2026-02-10T07:17:58.486685,Howrah_Bridge,22.5851,88.3467,15,24,846,528,0.998934,FRC3,False
2026-02-10T07:17:59.645164,Gariahat,22.5189,88.3647,14,23,639,389,0.996573,FRC7,False
2026-02-10T07:18:00.802641,Salt_Lake_V,22.5744,88.4323,18,24,540,405,0.924485,FRC5,False
2026-02-10T07:19:02.016461,EM_Bypass_North,22.5726,88.3639,16,22,202,147,0.672893,FRC3,False
2026-02-10T07:19:03.169447,Park_Street,22.5535,88.3531,10,19,658,346,1.0,FRC4,False
2026-02-10T07:19:04.327696,Howrah_Bridge,22.5851,88.3467,15,24,846,528,0.998871,FRC3,False
2026-02-10T07:19:05.484052,Gariahat,22.5189,88.3647,14,22,639,406,0.996573,FRC7,False
2026-02-10T07:19:06.638432,Salt_Lake_V,22.5744,88.4323,16,24,607,405,0.924485,FRC5,False
2026-02-10T07:20:07.847406,EM_Bypass_North,22.5726,88.3639,16,22,202,147,0.672893,FRC3,False
2026-02-10T07:20:09.002227,Park_Street,22.5535,88.3531,10,18,658,365,0.991072,FRC4,False
2026-02-10T07:20:10.159461,Howrah_Bridge,22.5851,88.3467,15,24,846,528,0.99852,FRC3,False
2026-02-10T07:20:11.318458,Gariahat,22.5189,88.3647,14,22,639,406,0.996573,FRC7,False
2026-02-10T07:20:12.476132,Salt_Lake_V,22.5744,88.4323,17,25,572,389,0.924485,FRC5,False
2026-02-10T07:21:13.681614,EM_Bypass_North,22.5726,88.3639,15,22,216,147,0.672893,FRC3,False
2026-02-10T07:21:14.840715,Park_Street,22.5535,88.3531,12,19,548,346,0.991072,FRC4,False
2026-02-10T07:21:15.993684,Howrah_Bridge,22.5851,88.3467,15,24,846,528,0.99852,FRC3,False
2026-02-10T07:21:17.147355,Gariahat,22.5189,88.3647,14,21,639,426,1.0,FRC7,False
2026-02-10T07:21:18.306982,Salt_Lake_V,22.5744,88.4323,16,24,607,405,0.924485,FRC5,False
2026-02-10T07:22:19.508991,EM_Bypass_North,22.5726,88.3639,15,22,216,147,0.672893,FRC3,False
2026-02-10T07:22:20.660419,Park_Street,22.5535,88.3531,11,18,598,365,0.991597,FRC4,False
2026-02-10T07:22:21.813916,Howrah_Bridge,22.5851,88.3467,15,24,846,528,0.998934,FRC3,False
2026-02-10T07:22:22.968284,Gariahat,22.5189,88.3647,14,22,639,406,0.996573,FRC7,False
2026-02-10T07:22:24.128955,Salt_Lake_V,22.5744,88.4323,17,24,572,405,0.93385,FRC5,False
2026-02-10T07:23:25.331263,EM_Bypass_North,22.5726,88.3639,15,22,216,147,0.611145,FRC3,False
2026-02-10T07:23:26.495633,Park_Street,22.5535,88.3531,10,18,658,365,0.99,FRC4,False
2026-02-10T07:23:27.651604,Howrah_Bridge,22.5851,88.3467,14,24,906,528,0.998934,FRC3,False
2026-02-10T07:23:28.810234,Gariahat,22.5189,88.3647,14,22,639,406,0.996573,FRC7,False
2026-02-10T07:23:29.967264,Salt_Lake_V,22.5744,88.4323,17,24,572,405,0.924485,FRC5,False
2026-02-10T07:24:31.179563,EM_Bypass_North,22.5726,88.3639,15,22,216,147,0.561747,FRC3,False
2026-02-10T07:24:32.336312,Park_Street,22.5535,88.3531,10,18,658,365,0.99,FRC4,False
2026-02-10T07:24:33.492616,Howrah_Bridge,22.5851,88.3467,15,24,846,528,0.998934,FRC3,False
2026-02-10T07:24:34.644257,Gariahat,22.5189,88.3647,14,22,639,406,0.996573,FRC7,False
2026-02-10T07:24:35.798127,Salt_Lake_V,22.5744,88.4323,18,24,540,405,0.924485,FRC5,False
2026-02-10T07:25:37.011134,EM_Bypass_North,22.5726,88.3639,15,22,216,147,0.561747,FRC3,False
2026-02-10T07:25:38.171684,Park_Street,22.5535,88.3531,12,19,548,346,0.99,FRC4,False
2026-02-10T07:25:39.332827,Howrah_Bridge,22.5851,88.3467,15,24,846,528,0.998871,FRC3,False
2026-02-10T07:25:40.487498,Gariahat,22.5189,88.3647,13,22,688,406,0.996573,FRC7,False
2026-02-10T07:25:41.656164,Salt_Lake_V,22.5744,88.4323,18,23,540,422,0.932436,FRC5,False
2026-02-10T07:26:42.869232,EM_Bypass_North,22.5726,88.3639,15,22,216,147,0.580272,FRC3,False
2026-02-10T07:26:44.028664,Park_Street,22.5535,88.3531,12,19,548,346,0.988232,FRC4,False
2026-02-10T07:26:45.182157,Howrah_Bridge,22.5851,88.3467,16,24,793,528,0.998871,FRC3,False
2026-02-10T07:26:46.339184,Gariahat,22.5189,88.3647,14,22,639,406,0.996573,FRC7,False
2026-02-10T07:26:47.547540,Salt_Lake_V,22.5744,88.4323,18,24,540,405,0.927235,FRC5,False
2026-02-10T07:27:48.760371,EM_Bypass_North,22.5726,88.3639,15,22,216,147,0.580272,FRC3,False
2026-02-10T07:27:49.913998,Park_Street,22.5535,88.3531,11,19,598,346,0.99,FRC4,False
2026-02-10T07:27:51.077955,Howrah_Bridge,22.5851,88.3467,16,24,793,528,0.998157,FRC3,False
2026-02-10T07:27:52.237479,Gariahat,22.5189,88.3647,14,22,639,406,0.996573,FRC7,False
2026-02-10T07:27:53.394347,Salt_Lake_V,22.5744,88.4323,18,24,540,405,0.922912,FRC5,False
2026-02-10T07:28:54.601747,EM_Bypass_North,22.5726,88.3639,15,22,216,147,0.580272,FRC3,False
2026-02-10T07:28:55.756537,Park_Street,22.5535,88.3531,11,18,598,365,0.99,FRC4,False
2026-02-10T07:28:56.912171,Howrah_Bridge,22.5851,88.3467,17,24,746,528,0.998571,FRC3,False
2026-02-10T07:28:58.070737,Gariahat,22.5189,88.3647,13,22,688,406,0.996573,FRC7,False
2026-02-10T07:28:59.228043,Salt_Lake_V,22.5744,88.4323,17,23,572,422,0.927235,FRC5,False
2026-02-10T07:30:00.441891,EM_Bypass_North,22.5726,88.3639,15,22,216,147,0.580272,FRC3,False
2026-02-10T07:30:01.599476,Park_Street,22.5535,88.3531,11,19,598,346,0.99,FRC4,False
2026-02-10T07:30:02.766180,Howrah_Bridge,22.5851,88.3467,16,23,793,551,0.998571,FRC3,False
2026-02-10T07:30:03.920354,Gariahat,22.5189,88.3647,14,22,639,406,0.996573,FRC7,False
2026-02-10T07:30:05.079915,Salt_Lake_V,22.5744,88.4323,19,25,511,389,0.922912,FRC5,False
2026-02-10T07:31:06.294744,EM_Bypass_North,22.5726,88.3639,15,22,216,147,0.580272,FRC3,False
2026-02-10T07:31:07.460903,Park_Street,22.5535,88.3531,10,18,658,365,0.99,FRC4,False
2026-02-10T07:31:08.616563,Howrah_Bridge,22.5851,88.3467,14,23,906,551,0.998571,FRC3,False
2026-02-10T07:31:09.766204,Gariahat,22.5189,88.3647,14,23,639,389,0.996573,FRC7,False
2026-02-10T07:31:10.921625,Salt_Lake_V,22.5744,88.4323,20,24,486,405,0.922912,FRC5,False
2026-02-10T07:32:12.173429,EM_Bypass_North,22.5726,88.3639,15,22,216,147,0.580272,FRC3,False
2026-02-10T07:32:13.325032,Park_Street,22.5535,88.3531,10,19,658,346,0.99,FRC4,False
2026-02-10T07:32:14.487563,Howrah_Bridge,22.5851,88.3467,15,24,846,528,0.998571,FRC3,False
2026-02-10T07:32:15.642540,Gariahat,22.5189,88.3647,14,22,639,406,0.995716,FRC7,False
2026-02-10T07:32:16.797954,Salt_Lake_V,22.5744,88.4323,19,25,511,389,0.922912,FRC5,False
2026-02-10T07:33:18.059351,EM_Bypass_North,22.5726,88.3639,15,22,216,147,0.580272,FRC3,False
2026-02-10T07:33:19.220693,Park_Street,22.5535,88.3531,10,19,658,346,0.99,FRC4,False
2026-02-10T07:33:20.381371,Howrah_Bridge,22.5851,88.3467,15,24,846,528,0.998571,FRC3,False
2026-02-10T07:33:21.536623,Gariahat,22.5189,88.3647,14,22,639,406,0.995716,FRC7,False
2026-02-10T07:33:22.687585,Salt_Lake_V,22.5744,88.4323,19,25,511,389,0.922912,FRC5,False
2026-02-10T07:34:23.898827,EM_Bypass_North,22.5726,88.3639,15,22,216,147,0.580272,FRC3,False
2026-02-10T07:34:25.053499,Park_Street,22.5535,88.3531,9,18,731,365,0.99,FRC4,False
2026-02-10T07:34:26.206338,Howrah_Bridge,22.5851,88.3467,15,24,846,528,0.998508,FRC3,False
2026-02-10T07:34:27.361506,Gariahat,22.5189,88.3647,14,23,639,389,0.996573,FRC7,False
2026-02-10T07:34:28.518218,Salt_Lake_V,22.5744,88.4323,20,25,486,389,0.922912,FRC5,False
2026-02-10T07:35:29.773605,EM_Bypass_North,22.5726,88.3639,15,22,216,147,0.580272,FRC3,False
2026-02-10T07:35:30.934144,Park_Street,22.5535,88.3531,9,18,731,365,0.99,FRC4,False
2026-02-10T07:35:32.092013,Howrah_Bridge,22.5851,88.3467,15,24,846,528,0.998508,FRC3,False
2026-02-10T07:35:33.253841,Gariahat,22.5189,88.3647,15,23,596,389,0.995716,FRC7,False
2026-02-10T07:35:34.405837,Salt_Lake_V,22.5744,88.4323,19,24,511,405,0.932436,FRC5,False
2026-02-10T07:36:35.609940,EM_Bypass_North,22.5726,88.3639,15,22,216,147,0.580272,FRC3,False
2026-02-10T07:36:36.765660,Park_Street,22.5535,88.3531,9,19,731,346,0.98,FRC4,False
2026-02-10T07:36:37.918792,Howrah_Bridge,22.5851,88.3467,16,24,793,528,0.998157,FRC3,False
2026-02-10T07:36:39.072220,Gariahat,22.5189,88.3647,15,22,596,406,0.995716,FRC7,False
2026-02-10T07:36:40.229245,Salt_Lake_V,22.5744,88.4323,19,24,511,405,0.932436,FRC5,False
2026-02-10T07:37:41.479009,EM_Bypass_North,22.5726,88.3639,15,22,216,147,0.580272,FRC3,False
2026-02-10T07:37:42.631088,Park_Street,22.5535,88.3531,9,19,731,346,0.98,FRC4,False
2026-02-10T07:37:43.783265,Howrah_Bridge,22.5851,88.3467,14,23,906,551,0.99852,FRC3,False
2026-02-10T07:37:44.938194,Gariahat,22.5189,88.3647,15,22,596,406,0.994859,FRC7,False
2026-02-10T07:37:46.090646,Salt_Lake_V,22.5744,88.4323,18,24,540,405,0.922912,FRC5,False
2026-02-10T07:38:47.376390,EM_Bypass_North,22.5726,88.3639,17,22,191,147,0.561747,FRC3,False
2026-02-10T07:38:48.528857,Park_Street,22.5535,88.3531,9,20,731,329,0.981634,FRC4,False
2026-02-10T07:38:49.683490,Howrah_Bridge,22.5851,88.3467,14,24,906,528,0.998934,FRC3,False
2026-02-10T07:38:50.839445,Gariahat,22.5189,88.3647,15,22,596,406,0.995716,FRC7,False
2026-02-10T07:38:51.991731,Salt_Lake_V,22.5744,88.4323,24,24,405,405,1.0,FRC5,False
2026-02-10T07:39:53.247137,EM_Bypass_North,22.5726,88.3639,17,22,191,147,0.561747,FRC3,False
2026-02-10T07:39:54.403253,Park_Street,22.5535,88.3531,9,18,731,365,0.98,FRC4,False
2026-02-10T07:39:55.555425,Howrah_Bridge,22.5851,88.3467,13,23,976,551,0.998934,FRC3,False
2026-02-10T07:39:56.709724,Gariahat,22.5189,88.3647,15,22,596,406,0.995716,FRC7,False
2026-02-10T07:39:57.871000,Salt_Lake_V,22.5744,88.4323,24,24,405,405,1.0,FRC5,False
2026-02-10T07:40:59.130192,EM_Bypass_North,22.5726,88.3639,17,22,191,147,0.555573,FRC3,False
2026-02-10T07:41:00.287967,Park_Street,22.5535,88.3531,9,18,731,365,0.98,FRC4,False
2026-02-10T07:41:01.441981,Howrah_Bridge,22.5851,88.3467,13,24,976,528,1.0,FRC3,False
2026-02-10T07:41:02.594127,Gariahat,22.5189,88.3647,15,22,596,406,0.995716,FRC7,False
2026-02-10T07:41:03.751738,Salt_Lake_V,22.5744,88.4323,18,24,540,405,0.922912,FRC5,False
2026-02-10T07:42:04.986166,EM_Bypass_North,22.5726,88.3639,17,22,191,147,0.555573,FRC3,False
2026-02-10T07:42:06.141786,Park_Street,22.5535,88.3531,9,18,731,365,0.98,FRC4,False
2026-02-10T07:42:07.298919,Howrah_Bridge,22.5851,88.3467,15,24,846,528,1.0,FRC3,False
2026-02-10T07:42:08.453720,Gariahat,22.5189,88.3647,15,22,596,406,0.994859,FRC7,False
2026-02-10T07:42:09.612869,Salt_Lake_V,22.5744,88.4323,19,25,511,389,0.922912,FRC5,False
2026-02-10T07:43:10.851318,EM_Bypass_North,22.5726,88.3639,19,22,170,147,0.549398,FRC3,False
2026-02-10T07:43:12.005343,Park_Street,22.5535,88.3531,9,18,731,365,0.976795,FRC4,False
2026-02-10T07:43:13.166346,Howrah_Bridge,22.5851,88.3467,15,23,846,551,1.0,FRC3,False
2026-02-10T07:43:14.320316,Gariahat,22.5189,88.3647,16,22,559,406,0.994859,FRC7,False
2026-02-10T07:43:15.473415,Salt_Lake_V,22.5744,88.4323,18,24,540,405,0.926058,FRC5,False
2026-02-10T07:44:16.728450,EM_Bypass_North,22.5726,88.3639,19,22,170,147,0.549398,FRC3,False
2026-02-10T07:44:17.882624,Park_Street,22.5535,88.3531,9,17,731,387,0.975192,FRC4,False
2026-02-10T07:44:19.038736,Howrah_Bridge,22.5851,88.3467,14,24,906,528,1.0,FRC3,False
2026-02-10T07:44:20.190374,Gariahat,22.5189,88.3647,16,22,559,406,0.995716,FRC7,False
2026-02-10T07:44:21.345621,Salt_Lake_V,22.5744,88.4323,17,24,572,405,0.930778,FRC5,False
2026-02-10T07:45:22.602174,EM_Bypass_North,22.5726,88.3639,23,23,141,141,1.0,FRC3,False
2026-02-10T07:45:23.764672,Park_Street,22.5535,88.3531,9,17,731,387,0.966795,FRC4,False
2026-02-10T07:45:24.918883,Howrah_Bridge,22.5851,88.3467,13,23,976,551,1.0,FRC3,False
2026-02-10T07:45:26.074771,Gariahat,22.5189,88.3647,16,22,559,406,0.994859,FRC7,False
2026-02-10T07:45:27.231350,Salt_Lake_V,22.5744,88.4323,17,24,572,405,0.942831,FRC5,False
2026-02-10T07:46:28.484086,EM_Bypass_North,22.5726,88.3639,23,23,141,141,1.0,FRC3,False
2026-02-10T07:46:29.638686,Park_Street,22.5535,88.3531,9,17,731,387,0.966795,FRC4,False
2026-02-10T07:46:30.789796,Howrah_Bridge,22.5851,88.3467,15,24,846,528,1.0,FRC3,False
2026-02-10T07:46:31.949418,Gariahat,22.5189,88.3647,16,21,559,426,0.995716,FRC7,False
2026-02-10T07:46:33.110838,Salt_Lake_V,22.5744,88.4323,19,24,511,405,0.937071,FRC5,False
2026-02-10T07:47:34.321307,EM_Bypass_North,22.5726,88.3639,23,23,141,141,1.0,FRC3,False
2026-02-10T07:47:35.479426,Park_Street,22.5535,88.3531,9,17,731,387,0.955192,FRC4,False
2026-02-10T07:47:36.634260,Howrah_Bridge,22.5851,88.3467,15,23,846,551,1.0,FRC3,False
2026-02-10T07:47:37.790108,Gariahat,22.5189,88.3647,17,22,526,406,0.995716,FRC7,False
2026-02-10T07:47:38.950246,Salt_Lake_V,22.5744,88.4323,16,23,607,422,0.943486,FRC5,False
2026-02-10T07:48:40.216302,EM_Bypass_North,22.5726,88.3639,23,23,141,141,1.0,FRC3,False
2026-02-10T07:48:41.367377,Park_Street,22.5535,88.3531,9,18,731,365,0.953589,FRC4,False
2026-02-10T07:48:42.522078,Howrah_Bridge,22.5851,88.3467,15,24,846,528,1.0,FRC3,False
2026-02-10T07:48:43.676323,Gariahat,22.5189,88.3647,17,22,526,406,0.995716,FRC7,False
2026-02-10T07:48:44.835778,Salt_Lake_V,22.5744,88.4323,17,24,572,405,0.94708,FRC5,False
2026-02-10T05:18:16.663511,EM_Bypass_North,22.5726,88.3639,23,23,141,141,1.0,FRC3,False
2026-02-10T05:18:17.827750,Park_Street,22.5535,88.3531,13,18,506,365,0.995192,FRC4,False
2026-02-10T05:18:18.992168,Howrah_Bridge,22.5851,88.3467,16,24,793,528,1.0,FRC3,False
2026-02-10T05:18:20.162092,Gariahat,22.5189,88.3647,19,23,471,389,0.99743,FRC7,False
2026-02-10T05:18:21.318949,Salt_Lake_V,22.5744,88.4323,17,25,572,389,0.923241,FRC5,False
2026-02-10T05:19:22.617572,EM_Bypass_North,22.5726,88.3639,23,23,141,141,1.0,FRC3,False
2026-02-10T05:19:23.777677,Park_Street,22.5535,88.3531,13,19,506,346,0.99,FRC4,False
2026-02-10T05:19:24.937349,Howrah_Bridge,22.5851,88.3467,16,23,793,551,1.0,FRC3,False
2026-02-10T05:19:26.097717,Gariahat,22.5189,88.3647,18,22,497,406,0.99817,FRC7,False
2026-02-10T05:19:27.257981,Salt_Lake_V,22.5744,88.4323,15,25,648,389,0.927631,FRC5,False
2026-02-10T05:20:28.527552,EM_Bypass_North,22.5726,88.3639,23,23,141,141,1.0,FRC3,False
2026-02-10T05:20:29.683494,Park_Street,22.5535,88.3531,11,18,598,365,0.99,FRC4,False
2026-02-10T05:20:30.840104,Howrah_Bridge,22.5851,88.3467,17,23,746,551,1.0,FRC3,False
2026-02-10T05:20:31.994107,Gariahat,22.5189,88.3647,18,21,497,426,0.99743,FRC7,False
2026-02-10T05:20:33.151933,Salt_Lake_V,22.5744,88.4323,17,24,572,405,0.927631,FRC5,False
2026-02-10T05:21:34.431365,EM_Bypass_North,22.5726,88.3639,23,23,141,141,1.0,FRC3,False
2026-02-10T05:21:35.591606,Park_Street,22.5535,88.3531,13,19,506,346,0.99,FRC4,False
2026-02-10T05:21:36.751570,Howrah_Bridge,22.5851,88.3467,18,24,705,528,1.0,FRC3,False
2026-02-10T05:21:37.905748,Gariahat,22.5189,88.3647,18,23,497,389,0.996573,FRC7,False
2026-02-10T05:21:39.072374,Salt_Lake_V,22.5744,88.4323,15,24,648,405,0.925869,FRC5,False
2026-02-10T05:22:40.367224,EM_Bypass_North,22.5726,88.3639,23,23,141,141,1.0,FRC3,False
2026-02-10T05:22:41.535745,Park_Street,22.5535,88.3531,14,18,470,365,0.993589,FRC4,False
2026-02-10T05:22:42.687438,Howrah_Bridge,22.5851,88.3467,18,24,705,528,1.0,FRC3,False
2026-02-10T05:22:43.855676,Gariahat,22.5189,88.3647,18,22,497,406,0.996573,FRC7,False
2026-02-10T05:22:45.018073,Salt_Lake_V,22.5744,88.4323,16,24,607,405,0.923689,FRC5,False
2026-02-10T05:23:46.267607,EM_Bypass_North,22.5726,88.3639,23,23,141,141,1.0,FRC3,False
2026-02-10T05:23:47.421053,Park_Street,22.5535,88.3531,14,18,470,365,0.993589,FRC4,False
2026-02-10T05:23:48.588170,Howrah_Bridge,22.5851,88.3467,19,24,668,528,1.0,FRC3,False
2026-02-10T05:23:49.745322,Gariahat,22.5189,88.3647,17,22,526,406,0.996573,FRC7,False
2026-02-10T05:23:50.907266,Salt_Lake_V,22.5744,88.4323,18,24,540,405,0.92805,FRC5,False
2026-02-10T05:24:52.213430,EM_Bypass_North,22.5726,88.3639,23,23,141,141,1.0,FRC3,False
2026-02-10T05:24:53.370840,Park_Street,22.5535,88.3531,13,18,506,365,0.99,FRC4,False
2026-02-10T05:24:54.533201,Howrah_Bridge,22.5851,88.3467,18,24,705,528,1.0,FRC3,False
2026-02-10T05:24:55.687233,Gariahat,22.5189,88.3647,16,23,559,389,0.99817,FRC7,False
2026-02-10T05:24:56.844589,Salt_Lake_V,22.5744,88.4323,17,24,572,405,0.923689,FRC5,False
2026-02-10T05:25:58.123645,EM_Bypass_North,22.5726,88.3639,23,23,141,141,1.0,FRC3,False
2026-02-10T05:25:59.294245,Park_Street,22.5535,88.3531,14,19,470,346,0.99,FRC4,False
2026-02-10T05:26:00.450507,Howrah_Bridge,22.5851,88.3467,16,23,793,551,1.0,FRC3,False
2026-02-10T05:26:01.607040,Gariahat,22.5189,88.3647,15,22,596,406,0.99817,FRC7,False
2026-02-10T05:26:02.759188,Salt_Lake_V,22.5744,88.4323,16,24,607,405,0.923689,FRC5,False
2026-02-10T05:27:04.032673,EM_Bypass_North,22.5726,88.3639,23,23,141,141,1.0,FRC3,False
2026-02-10T05:27:05.187581,Park_Street,22.5535,88.3531,14,19,470,346,0.99,FRC4,False
2026-02-10T05:27:06.347038,Howrah_Bridge,22.5851,88.3467,16,23,793,551,1.0,FRC3,False
2026-02-10T05:27:07.508263,Gariahat,22.5189,88.3647,15,22,596,406,0.99817,FRC7,False
2026-02-10T05:27:08.668196,Salt_Lake_V,22.5744,88.4323,16,25,607,389,0.927631,FRC5,False
2026-02-10T05:28:09.878509,EM_Bypass_North,22.5726,88.3639,19,22,170,147,0.506175,FRC3,False
2026-02-10T05:28:11.037947,Park_Street,22.5535,88.3531,13,18,506,365,0.99,FRC4,False
2026-02-10T05:28:12.197263,Howrah_Bridge,22.5851,88.3467,17,24,746,528,1.0,FRC3,False
2026-02-10T05:28:13.355454,Gariahat,22.5189,88.3647,15,22,596,406,0.99743,FRC7,False
2026-02-10T05:28:14.507727,Salt_Lake_V,22.5744,88.4323,17,24,572,405,0.927631,FRC5,False
2026-02-10T05:29:15.802256,EM_Bypass_North,22.5726,88.3639,19,22,170,147,0.506175,FRC3,False
2026-02-10T05:29:16.958446,Park_Street,22.5535,88.3531,11,18,598,365,0.99,FRC4,False
2026-02-10T05:29:18.127106,Howrah_Bridge,22.5851,88.3467,18,23,705,551,1.0,FRC3,False
2026-02-10T05:29:19.293837,Gariahat,22.5189,88.3647,15,23,596,389,0.99743,FRC7,False
2026-02-10T05:29:20.453682,Salt_Lake_V,22.5744,88.4323,18,24,540,405,0.927631,FRC5,False
2026-02-10T05:30:21.727130,EM_Bypass_North,22.5726,88.3639,19,22,170,147,0.506175,FRC3,False
2026-02-10T05:30:22.885467,Park_Street,22.5535,88.3531,11,18,598,365,0.99,FRC4,False
2026-02-10T05:30:24.043841,Howrah_Bridge,22.5851,88.3467,16,23,793,551,1.0,FRC3,False
2026-02-10T05:30:25.213655,Gariahat,22.5189,88.3647,15,22,596,406,0.99743,FRC7,False
2026-02-10T05:30:26.371949,Salt_Lake_V,22.5744,88.4323,16,24,607,405,0.927631,FRC5,False
2026-02-10T05:31:27.663174,EM_Bypass_North,22.5726,88.3639,19,22,170,147,0.506175,FRC3,False
2026-02-10T05:31:28.820647,Park_Street,22.5535,88.3531,11,19,598,346,0.99,FRC4,False
2026-02-10T05:31:29.977706,Howrah_Bridge,22.5851,88.3467,17,24,746,528,1.0,FRC3,False
2026-02-10T05:31:31.131042,Gariahat,22.5189,88.3647,15,22,596,406,0.99743,FRC7,False
2026-02-10T05:31:32.285875,Salt_Lake_V,22.5744,88.4323,14,24,694,405,0.927631,FRC5,False
2026-02-10T05:32:33.566442,EM_Bypass_North,22.5726,88.3639,19,22,170,147,0.506175,FRC3,False
2026-02-10T05:32:34.727098,Park_Street,22.5535,88.3531,10,17,658,387,0.995192,FRC4,False
2026-02-10T05:32:35.882843,Howrah_Bridge,22.5851,88.3467,16,24,793,528,1.0,FRC3,False
2026-02-10T05:32:37.040946,Gariahat,22.5189,88.3647,15,22,596,406,0.99817,FRC7,False
2026-02-10T05:32:38.194318,Salt_Lake_V,22.5744,88.4323,14,24,694,405,0.924929,FRC5,False
2026-02-10T05:33:39.481331,EM_Bypass_North,22.5726,88.3639,23,23,141,141,1.0,FRC3,False
2026-02-10T05:33:40.635884,Park_Street,22.5535,88.3531,10,18,658,365,0.995192,FRC4,False
2026-02-10T05:33:41.793544,Howrah_Bridge,22.5851,88.3467,16,23,793,551,1.0,FRC3,False
2026-02-10T05:33:42.949702,Gariahat,22.5189,88.3647,15,22,596,406,0.996573,FRC7,False
2026-02-10T05:33:44.104555,Salt_Lake_V,22.5744,88.4323,16,24,607,405,0.925373,FRC5,False
2026-02-10T05:34:45.384825,EM_Bypass_North,22.5726,88.3639,23,23,141,141,1.0,FRC3,False
2026-02-10T05:34:46.544206,Park_Street,22.5535,88.3531,10,17,658,387,0.995192,FRC4,False
2026-02-10T05:34:47.702093,Howrah_Bridge,22.5851,88.3467,17,24,746,528,1.0,FRC3,False
2026-02-10T05:34:48.855564,Gariahat,22.5189,88.3647,15,23,596,389,0.996573,FRC7,False
2026-02-10T05:34:50.013786,Salt_Lake_V,22.5744,88.4323,15,24,648,405,0.93177,FRC5,False
2026-02-10T05:35:51.225312,EM_Bypass_North,22.5726,88.3639,23,23,141,141,1.0,FRC3,False
2026-02-10T05:35:52.381531,Park_Street,22.5535,88.3531,10,17,658,387,0.995192,FRC4,False
2026-02-10T05:35:53.536781,Howrah_Bridge,22.5851,88.3467,17,23,746,551,1.0,FRC3,False
2026-02-10T05:35:54.691169,Gariahat,22.5189,88.3647,15,22,596,406,0.996573,FRC7,False
2026-02-10T05:35:55.844424,Salt_Lake_V,22.5744,88.4323,16,24,607,405,0.92805,FRC5,False
2026-02-10T05:36:57.127944,EM_Bypass_North,22.5726,88.3639,23,23,141,141,1.0,FRC3,False
2026-02-10T05:36:58.283346,Park_Street,22.5535,88.3531,10,18,658,365,0.996795,FRC4,False
2026-02-10T05:36:59.440552,Howrah_Bridge,22.5851,88.3467,17,23,746,551,1.0,FRC3,False
2026-02-10T05:37:00.598836,Gariahat,22.5189,88.3647,15,23,596,389,0.996573,FRC7,False
2026-02-10T05:37:01.756610,Salt_Lake_V,22.5744,88.4323,17,25,572,389,0.927631,FRC5,False
2026-02-10T05:38:02.963035,EM_Bypass_North,22.5726,88.3639,23,23,141,141,1.0,FRC3,False
2026-02-10T05:38:04.119736,Park_Street,22.5535,88.3531,11,19,598,346,0.99,FRC4,False
2026-02-10T05:38:05.276869,Howrah_Bridge,22.5851,88.3467,17,23,746,551,1.0,FRC3,False
2026-02-10T05:38:06.434034,Gariahat,22.5189,88.3647,17,23,526,389,0.995716,FRC7,False
2026-02-10T05:38:07.595030,Salt_Lake_V,22.5744,88.4323,16,24,607,405,0.927631,FRC5,False
2026-02-10T05:39:08.809254,EM_Bypass_North,22.5726,88.3639,23,23,141,141,1.0,FRC3,False
2026-02-10T05:39:09.963875,Park_Street,22.5535,88.3531,11,18,598,365,0.99,FRC4,False
2026-02-10T05:39:11.116856,Howrah_Bridge,22.5851,88.3467,17,24,746,528,1.0,FRC3,False
2026-02-10T05:39:12.268422,Gariahat,22.5189,88.3647,17,22,526,406,0.995716,FRC7,False
2026-02-10T05:39:13.427669,Salt_Lake_V,22.5744,88.4323,16,25,607,389,0.931215,FRC5,False
2026-02-10T05:40:14.702536,EM_Bypass_North,22.5726,88.3639,23,23,141,141,1.0,FRC3,False
2026-02-10T05:40:15.861687,Park_Street,22.5535,88.3531,11,19,598,346,0.99,FRC4,False
2026-02-10T05:40:17.022120,Howrah_Bridge,22.5851,88.3467,17,23,746,551,1.0,FRC3,False
2026-02-10T05:40:18.189536,Gariahat,22.5189,88.3647,17,23,526,389,0.995716,FRC7,False
2026-02-10T05:40:19.345497,Salt_Lake_V,22.5744,88.4323,16,25,607,389,0.931215,FRC5,False
2026-02-10T05:41:20.555647,EM_Bypass_North,22.5726,88.3639,18,22,180,147,0.512349,FRC3,False
2026-02-10T05:41:21.710456,Park_Street,22.5535,88.3531,11,18,598,365,0.99,FRC4,False
2026-02-10T05:41:22.869193,Howrah_Bridge,22.5851,88.3467,17,23,746,551,1.0,FRC3,False
2026-02-10T05:41:24.024918,Gariahat,22.5189,88.3647,17,22,526,406,0.995716,FRC7,False
2026-02-10T05:41:25.181296,Salt_Lake_V,22.5744,88.4323,15,25,648,389,0.927631,FRC5,False
2026-02-10T05:42:26.382361,EM_Bypass_North,22.5726,88.3639,18,22,180,147,0.512349,FRC3,False
2026-02-10T05:42:27.540436,Park_Street,22.5535,88.3531,11,19,598,346,0.99,FRC4,False
2026-02-10T05:42:28.693333,Howrah_Bridge,22.5851,88.3467,17,24,746,528,1.0,FRC3,False
2026-02-10T05:42:29.845491,Gariahat,22.5189,88.3647,17,22,526,406,0.996573,FRC7,False
2026-02-10T05:42:31.002667,Salt_Lake_V,22.5744,88.4323,14,23,694,422,0.927631,FRC5,False
2026-02-10T05:43:32.213822,EM_Bypass_North,22.5726,88.3639,18,22,180,147,0.512349,FRC3,False
2026-02-10T05:43:33.372680,Park_Street,22.5535,88.3531,13,19,506,346,0.99,FRC4,False
2026-02-10T05:43:34.532060,Howrah_Bridge,22.5851,88.3467,16,24,793,528,1.0,FRC3,False
2026-02-10T05:43:35.687391,Gariahat,22.5189,88.3647,18,22,497,406,0.996573,FRC7,False
2026-02-10T05:43:36.858123,Salt_Lake_V,22.5744,88.4323,16,24,607,405,0.942431,FRC5,False
2026-02-10T05:44:38.077181,EM_Bypass_North,22.5726,88.3639,18,22,180,147,0.512349,FRC3,False
2026-02-10T05:44:39.232548,Park_Street,22.5535,88.3531,11,19,598,346,0.99,FRC4,False
2026-02-10T05:44:40.388399,Howrah_Bridge,22.5851,88.3467,17,24,746,528,1.0,FRC3,False
2026-02-10T05:44:41.541308,Gariahat,22.5189,88.3647,18,23,497,389,0.995716,FRC7,False
2026-02-10T05:44:42.695080,Salt_Lake_V,22.5744,88.4323,15,25,648,389,0.942431,FRC5,False
2026-02-10T05:45:43.969977,EM_Bypass_North,22.5726,88.3639,18,22,180,147,0.512349,FRC3,False
2026-02-10T05:45:45.124158,Park_Street,22.5535,88.3531,11,18,598,365,0.99,FRC4,False
2026-02-10T05:45:46.286306,Howrah_Bridge,22.5851,88.3467,15,23,846,551,1.0,FRC3,False
2026-02-10T05:45:47.439629,Gariahat,22.5189,88.3647,17,22,526,406,0.996573,FRC7,False
2026-02-10T05:45:48.591951,Salt_Lake_V,22.5744,88.4323,16,24,607,405,0.939551,FRC5,False
2026-02-10T05:46:49.799326,EM_Bypass_North,22.5726,88.3639,18,22,180,147,0.512349,FRC3,False
2026-02-10T05:46:50.957863,Park_Street,22.5535,88.3531,11,19,598,346,0.99,FRC4,False
2026-02-10T05:46:52.118624,Howrah_Bridge,22.5851,88.3467,18,24,705,528,1.0,FRC3,False
2026-02-10T05:46:53.275888,Gariahat,22.5189,88.3647,16,22,559,406,0.996573,FRC7,False
2026-02-10T05:46:54.435116,Salt_Lake_V,22.5744,88.4323,13,25,748,389,0.937352,FRC5,False
2026-02-10T05:47:55.645117,EM_Bypass_North,22.5726,88.3639,18,22,180,147,0.512349,FRC3,False
2026-02-10T05:47:56.802210,Park_Street,22.5535,88.3531,13,18,506,365,0.99,FRC4,False
2026-02-10T05:47:57.953958,Howrah_Bridge,22.5851,88.3467,17,24,746,528,1.0,FRC3,False
2026-02-10T05:47:59.114039,Gariahat,22.5189,88.3647,16,22,559,406,0.996573,FRC7,False
2026-02-10T05:48:00.273168,Salt_Lake_V,22.5744,88.4323,13,24,748,405,0.926058,FRC5,False
2026-02-10T05:49:01.488095,EM_Bypass_North,22.5726,88.3639,18,22,180,147,0.518524,FRC3,False
2026-02-10T05:49:02.639279,Park_Street,22.5535,88.3531,13,18,506,365,0.99,FRC4,False
2026-02-10T05:49:03.791340,Howrah_Bridge,22.5851,88.3467,18,24,705,528,1.0,FRC3,False
2026-02-10T05:49:04.942840,Gariahat,22.5189,88.3647,17,22,526,406,0.995716,FRC7,False
2026-02-10T05:49:06.102738,Salt_Lake_V,22.5744,88.4323,13,24,748,405,0.926058,FRC5,False
2026-02-10T05:50:07.375876,EM_Bypass_North,22.5726,88.3639,18,22,180,147,0.518524,FRC3,False
2026-02-10T05:50:08.527544,Park_Street,22.5535,88.3531,11,18,598,365,1.0,FRC4,False
2026-02-10T05:50:09.685466,Howrah_Bridge,22.5851,88.3467,16,24,793,528,1.0,FRC3,False
2026-02-10T05:50:10.840952,Gariahat,22.5189,88.3647,15,23,596,389,0.996573,FRC7,False
2026-02-10T05:50:11.996488,Salt_Lake_V,22.5744,88.4323,13,24,748,405,0.926058,FRC5,False
2026-02-10T05:51:13.303816,EM_Bypass_North,22.5726,88.3639,18,22,180,147,0.518524,FRC3,False
2026-02-10T05:51:14.469643,Park_Street,22.5535,88.3531,11,18,598,365,1.0,FRC4,False
2026-02-10T05:51:15.629423,Howrah_Bridge,22.5851,88.3467,16,24,793,528,1.0,FRC3,False
2026-02-10T05:51:16.786546,Gariahat,22.5189,88.3647,16,22,559,406,0.996573,FRC7,False
2026-02-10T05:51:17.941985,Salt_Lake_V,22.5744,88.4323,12,23,810,422,0.926058,FRC5,False
2026-02-10T05:52:19.141253,EM_Bypass_North,22.5726,88.3639,18,22,180,147,0.518524,FRC3,False
2026-02-10T05:52:20.297863,Park_Street,22.5535,88.3531,12,18,548,365,0.996464,FRC4,False
2026-02-10T05:52:21.452408,Howrah_Bridge,22.5851,88.3467,17,24,746,528,1.0,FRC3,False
2026-02-10T05:52:22.611444,Gariahat,22.5189,88.3647,16,21,559,426,0.995716,FRC7,False
2026-02-10T05:52:23.766412,Salt_Lake_V,22.5744,88.4323,15,25,648,389,0.926058,FRC5,False
2026-02-10T05:53:24.972058,EM_Bypass_North,22.5726,88.3639,18,22,180,147,0.518524,FRC3,False
2026-02-10T05:53:26.129638,Park_Street,22.5535,88.3531,11,18,598,365,0.994839,FRC4,False
2026-02-10T05:53:27.291966,Howrah_Bridge,22.5851,88.3467,18,24,705,528,1.0,FRC3,False
2026-02-10T05:53:28.456984,Gariahat,22.5189,88.3647,16,21,559,426,0.996573,FRC7,False
2026-02-10T05:53:29.613200,Salt_Lake_V,22.5744,88.4323,16,25,607,389,0.926058,FRC5,False
2026-02-10T05:54:30.829337,EM_Bypass_North,22.5726,88.3639,19,22,170,147,0.512349,FRC3,False
2026-02-10T05:54:31.987721,Park_Street,22.5535,88.3531,11,19,598,346,0.996464,FRC4,False
2026-02-10T05:54:33.140345,Howrah_Bridge,22.5851,88.3467,17,24,746,528,1.0,FRC3,False
2026-02-10T05:54:34.298376,Gariahat,22.5189,88.3647,17,22,526,406,0.996573,FRC7,False
2026-02-10T05:54:35.451947,Salt_Lake_V,22.5744,88.4323,15,25,648,389,0.926058,FRC5,False
2026-02-10T05:55:36.655820,EM_Bypass_North,22.5726,88.3639,19,22,170,147,0.512349,FRC3,False
2026-02-10T05:55:37.812408,Park_Street,22.5535,88.3531,12,19,548,346,0.996464,FRC4,False
2026-02-10T05:55:38.966481,Howrah_Bridge,22.5851,88.3467,17,24,746,528,1.0,FRC3,False
2026-02-10T05:55:40.122875,Gariahat,22.5189,88.3647,17,23,526,389,0.995716,FRC7,False
2026-02-10T05:55:41.282409,Salt_Lake_V,22.5744,88.4323,14,24,694,405,0.926058,FRC5,False
2026-02-10T05:56:42.565039,EM_Bypass_North,22.5726,88.3639,17,22,191,147,0.518524,FRC3,False
2026-02-10T05:56:43.720803,Park_Street,22.5535,88.3531,12,18,548,365,0.996464,FRC4,False
2026-02-10T05:56:44.884294,Howrah_Bridge,22.5851,88.3467,18,24,705,528,1.0,FRC3,False
2026-02-10T05:56:46.040164,Gariahat,22.5189,88.3647,18,22,497,406,0.995716,FRC7,False
2026-02-10T05:56:47.195239,Salt_Lake_V,22.5744,88.4323,17,24,572,405,0.924929,FRC5,False
2026-02-10T05:57:48.404825,EM_Bypass_North,22.5726,88.3639,17,22,191,147,0.518524,FRC3,False
2026-02-10T05:57:49.564970,Park_Street,22.5535,88.3531,11,19,598,346,0.996464,FRC4,False
2026-02-10T05:57:50.720235,Howrah_Bridge,22.5851,88.3467,18,23,705,551,1.0,FRC3,False
2026-02-10T05:57:51.877812,Gariahat,22.5189,88.3647,17,22,526,406,0.994859,FRC7,False
2026-02-10T05:57:53.034708,Salt_Lake_V,22.5744,88.4323,16,25,607,389,0.924929,FRC5,False
2026-02-10T05:58:54.245200,EM_Bypass_North,22.5726,88.3639,23,23,141,141,1.0,FRC3,False
2026-02-10T05:58:55.406507,Park_Street,22.5535,88.3531,10,19,658,346,0.996464,FRC4,False
2026-02-10T05:58:56.564334,Howrah_Bridge,22.5851,88.3467,17,24,746,528,1.0,FRC3,False
2026-02-10T05:58:57.726056,Gariahat,22.5189,88.3647,17,22,526,406,0.994859,FRC7,False
2026-02-10T05:58:58.886869,Salt_Lake_V,22.5744,88.4323,15,24,648,405,0.92487,FRC5,False
2026-02-10T06:00:00.087334,EM_Bypass_North,22.5726,88.3639,23,23,141,141,1.0,FRC3,False
2026-02-10T06:00:01.242074,Park_Street,22.5535,88.3531,10,18,658,365,0.996464,FRC4,False
2026-02-10T06:00:02.396050,Howrah_Bridge,22.5851,88.3467,17,24,746,528,1.0,FRC3,False
2026-02-10T06:00:03.560963,Gariahat,22.5189,88.3647,17,22,526,406,0.994859,FRC7,False
2026-02-10T06:00:04.716889,Salt_Lake_V,22.5744,88.4323,15,24,648,405,0.926617,FRC5,False
2026-02-10T06:01:05.989267,EM_Bypass_North,22.5726,88.3639,23,23,141,141,1.0,FRC3,False
2026-02-10T06:01:07.148417,Park_Street,22.5535,88.3531,10,18,658,365,0.99,FRC4,False
2026-02-10T06:01:08.304575,Howrah_Bridge,22.5851,88.3467,17,24,746,528,1.0,FRC3,False
2026-02-10T06:01:09.464019,Gariahat,22.5189,88.3647,16,22,559,406,0.995716,FRC7,False
2026-02-10T06:01:10.620580,Salt_Lake_V,22.5744,88.4323,15,24,648,405,0.926617,FRC5,False
2026-02-10T06:02:11.829252,EM_Bypass_North,22.5726,88.3639,23,23,141,141,1.0,FRC3,False
2026-02-10T06:02:12.982806,Park_Street,22.5535,88.3531,11,18,598,365,0.99,FRC4,False
2026-02-10T06:02:14.137617,Howrah_Bridge,22.5851,88.3467,17,24,746,528,1.0,FRC3,False
2026-02-10T06:02:15.294719,Gariahat,22.5189,88.3647,16,22,559,406,0.995716,FRC7,False
2026-02-10T06:02:16.451626,Salt_Lake_V,22.5744,88.4323,15,25,648,389,0.931859,FRC5,False
2026-02-10T06:03:17.661708,EM_Bypass_North,22.5726,88.3639,23,23,141,141,1.0,FRC3,False
2026-02-10T06:03:18.819686,Park_Street,22.5535,88.3531,12,18,548,365,0.99,FRC4,False
2026-02-10T06:03:19.971430,Howrah_Bridge,22.5851,88.3467,16,24,793,528,1.0,FRC3,False
2026-02-10T06:03:21.123643,Gariahat,22.5189,88.3647,16,23,559,389,0.995716,FRC7,False
2026-02-10T06:03:22.280271,Salt_Lake_V,22.5744,88.4323,16,25,607,389,0.925906,FRC5,False
2026-02-10T06:04:23.486886,EM_Bypass_North,22.5726,88.3639,23,23,141,141,1.0,FRC3,False
2026-02-10T06:04:24.639699,Park_Street,22.5535,88.3531,11,17,598,387,0.998397,FRC4,False
2026-02-10T06:04:25.797458,Howrah_Bridge,22.5851,88.3467,17,24,746,528,1.0,FRC3,False
2026-02-10T06:04:26.952621,Gariahat,22.5189,88.3647,17,23,526,389,0.995716,FRC7,False
2026-02-10T06:04:28.104721,Salt_Lake_V,22.5744,88.4323,15,24,648,405,0.930111,FRC5,False
2026-02-10T06:05:29.307425,EM_Bypass_North,22.5726,88.3639,23,23,141,141,1.0,FRC3,False
2026-02-10T06:05:30.465031,Park_Street,22.5535,88.3531,10,19,658,346,0.99,FRC4,False
2026-02-10T06:05:31.617081,Howrah_Bridge,22.5851,88.3467,17,24,746,528,1.0,FRC3,False
2026-02-10T06:05:32.774734,Gariahat,22.5189,88.3647,16,22,559,406,0.995716,FRC7,False
2026-02-10T06:05:33.925700,Salt_Lake_V,22.5744,88.4323,17,25,572,389,0.928364,FRC5,False
2026-02-10T06:06:35.128157,EM_Bypass_North,22.5726,88.3639,18,22,180,147,0.522349,FRC3,False
2026-02-10T06:06:36.281964,Park_Street,22.5535,88.3531,12,19,548,346,0.99,FRC4,False
2026-02-10T06:06:37.438868,Howrah_Bridge,22.5851,88.3467,17,24,746,528,1.0,FRC3,False
2026-02-10T06:06:38.592746,Gariahat,22.5189,88.3647,16,22,559,406,0.995716,FRC7,False
2026-02-10T06:06:39.759182,Salt_Lake_V,22.5744,88.4323,17,24,572,405,0.925373,FRC5,False
2026-02-10T06:07:40.966019,EM_Bypass_North,22.5726,88.3639,23,23,141,141,1.0,FRC3,False
2026-02-10T06:07:42.120597,Park_Street,22.5535,88.3531,12,19,548,346,0.99,FRC4,False
2026-02-10T06:07:43.285170,Howrah_Bridge,22.5851,88.3467,17,24,746,528,1.0,FRC3,False
2026-02-10T06:07:44.443205,Gariahat,22.5189,88.3647,15,22,596,406,0.995716,FRC7,False
2026-02-10T06:07:45.595886,Salt_Lake_V,22.5744,88.4323,16,24,607,405,0.926058,FRC5,False
2026-02-10T06:08:46.795123,EM_Bypass_North,22.5726,88.3639,23,23,141,141,1.0,FRC3,False
2026-02-10T06:08:47.947083,Park_Street,22.5535,88.3531,12,19,548,346,0.998999,FRC4,False
2026-02-10T06:08:49.097428,Howrah_Bridge,22.5851,88.3467,17,24,746,528,1.0,FRC3,False
2026-02-10T06:08:50.253079,Gariahat,22.5189,88.3647,15,23,596,389,0.996339,FRC7,False
2026-02-10T06:08:51.405630,Salt_Lake_V,22.5744,88.4323,14,24,694,405,0.933902,FRC5,False
2026-02-10T06:09:52.616597,EM_Bypass_North,22.5726,88.3639,23,23,141,141,1.0,FRC3,False
2026-02-10T06:09:53.777950,Park_Street,22.5535,88.3531,11,18,598,365,0.998999,FRC4,False
2026-02-10T06:09:54.934664,Howrah_Bridge,22.5851,88.3467,16,24,793,528,1.0,FRC3,False
2026-02-10T06:09:56.092231,Gariahat,22.5189,88.3647,14,21,639,426,0.992759,FRC7,False
2026-02-10T06:09:57.250294,Salt_Lake_V,22.5744,88.4323,14,25,694,389,0.940217,FRC5,False
2026-02-10T06:10:58.463936,EM_Bypass_North,22.5726,88.3639,23,23,141,141,1.0,FRC3,False
2026-02-10T06:10:59.620583,Park_Street,22.5535,88.3531,12,18,548,365,0.997998,FRC4,False
2026-02-10T06:11:00.777118,Howrah_Bridge,22.5851,88.3467,16,23,793,551,1.0,FRC3,False
2026-02-10T06:11:01.934105,Gariahat,22.5189,88.3647,15,23,596,389,0.995716,FRC7,False
2026-02-10T06:11:03.090801,Salt_Lake_V,22.5744,88.4323,13,25,748,389,0.938848,FRC5,False
2026-02-10T06:12:04.301646,EM_Bypass_North,22.5726,88.3639,23,23,141,141,1.0,FRC3,False
2026-02-10T06:12:05.459552,Park_Street,22.5535,88.3531,13,18,506,365,0.998999,FRC4,False
2026-02-10T06:12:06.631393,Howrah_Bridge,22.5851,88.3467,17,24,746,528,1.0,FRC3,False
2026-02-10T06:12:07.789116,Gariahat,22.5189,88.3647,15,21,596,426,0.995716,FRC7,False
2026-02-10T06:12:08.957397,Salt_Lake_V,22.5744,88.4323,13,24,748,405,0.933902,FRC5,False
2026-02-10T06:13:10.249928,EM_Bypass_North,22.5726,88.3639,23,23,141,141,1.0,FRC3,False
2026-02-10T06:13:11.407472,Park_Street,22.5535,88.3531,11,18,598,365,0.997998,FRC4,False
2026-02-10T06:13:12.566117,Howrah_Bridge,22.5851,88.3467,16,24,793,528,1.0,FRC3,False
2026-02-10T06:13:13.726676,Gariahat,22.5189,88.3647,15,22,596,406,0.995716,FRC7,False
2026-02-10T06:13:14.879518,Salt_Lake_V,22.5744,88.4323,12,24,810,405,0.93177,FRC5,False
2026-02-10T06:14:16.091613,EM_Bypass_North,22.5726,88.3639,23,23,141,141,1.0,FRC3,False
2026-02-10T06:14:17.250373,Park_Street,22.5535,88.3531,11,18,598,365,0.99444,FRC4,False
2026-02-10T06:14:18.409957,Howrah_Bridge,22.5851,88.3467,14,24,906,528,1.0,FRC3,False
2026-02-10T06:14:19.568913,Gariahat,22.5189,88.3647,15,22,596,406,0.992759,FRC7,False
2026-02-10T06:14:20.726947,Salt_Lake_V,22.5744,88.4323,13,24,748,405,0.959488,FRC5,False
2026-02-10T06:15:21.940473,EM_Bypass_North,22.5726,88.3639,23,23,141,141,1.0,FRC3,False
2026-02-10T06:15:23.100156,Park_Street,22.5535,88.3531,11,18,598,365,0.99444,FRC4,False
2026-02-10T06:15:24.258064,Howrah_Bridge,22.5851,88.3467,15,24,846,528,1.0,FRC3,False
2026-02-10T06:15:25.411247,Gariahat,22.5189,88.3647,15,22,596,406,0.992759,FRC7,False
2026-02-10T06:15:26.568748,Salt_Lake_V,22.5744,88.4323,14,25,694,389,0.961987,FRC5,False
2026-02-10T06:16:27.777224,EM_Bypass_North,22.5726,88.3639,23,23,141,141,1.0,FRC3,False
2026-02-10T06:16:28.936693,Park_Street,22.5535,88.3531,11,18,598,365,0.99444,FRC4,False
2026-02-10T06:16:30.090839,Howrah_Bridge,22.5851,88.3467,16,24,793,528,1.0,FRC3,False
2026-02-10T06:16:31.244534,Gariahat,22.5189,88.3647,17,22,526,406,0.995716,FRC7,False
2026-02-10T06:16:32.395655,Salt_Lake_V,22.5744,88.4323,13,24,748,405,0.961987,FRC5,False
2026-02-10T06:17:33.613937,EM_Bypass_North,22.5726,88.3639,23,23,141,141,1.0,FRC3,False
2026-02-10T06:17:34.771594,Park_Street,22.5535,88.3531,10,18,658,365,0.992661,FRC4,False
2026-02-10T06:17:35.929962,Howrah_Bridge,22.5851,88.3467,15,24,846,528,1.0,FRC3,False
2026-02-10T06:17:37.084074,Gariahat,22.5189,88.3647,17,21,526,426,0.994859,FRC7,False
2026-02-10T06:17:38.242069,Salt_Lake_V,22.5744,88.4323,14,25,694,389,0.960588,FRC5,False
2026-02-10T06:18:39.442628,EM_Bypass_North,22.5726,88.3639,23,23,141,141,1.0,FRC3,False
2026-02-10T06:18:40.599553,Park_Street,22.5535,88.3531,11,18,598,365,0.99166,FRC4,False
2026-02-10T06:18:41.753604,Howrah_Bridge,22.5851,88.3467,16,24,793,528,1.0,FRC3,False
2026-02-10T06:18:42.904446,Gariahat,22.5189,88.3647,17,22,526,406,0.997325,FRC7,False
2026-02-10T06:18:44.063700,Salt_Lake_V,22.5744,88.4323,13,24,748,405,0.960588,FRC5,False
2026-02-10T06:19:45.275008,EM_Bypass_North,22.5726,88.3639,23,23,141,141,1.0,FRC3,False
2026-02-10T06:19:46.435558,Park_Street,22.5535,88.3531,12,19,548,346,0.99166,FRC4,False
2026-02-10T06:19:47.588530,Howrah_Bridge,22.5851,88.3467,14,23,906,551,1.0,FRC3,False
2026-02-10T06:19:48.742553,Gariahat,22.5189,88.3647,15,21,596,426,0.992759,FRC7,False
2026-02-10T06:19:49.901463,Salt_Lake_V,22.5744,88.4323,14,25,694,389,0.960588,FRC5,False
2026-02-10T06:20:51.108105,EM_Bypass_North,22.5726,88.3639,23,23,141,141,1.0,FRC3,False
2026-02-10T06:20:52.262987,Park_Street,22.5535,88.3531,11,18,598,365,0.99166,FRC4,False
2026-02-10T06:20:53.417358,Howrah_Bridge,22.5851,88.3467,15,23,846,551,1.0,FRC3,False
2026-02-10T06:20:54.571856,Gariahat,22.5189,88.3647,15,21,596,426,0.992759,FRC7,False
2026-02-10T06:20:55.734846,Salt_Lake_V,22.5744,88.4323,12,24,810,405,0.961561,FRC5,False
2026-02-10T06:21:56.944847,EM_Bypass_North,22.5726,88.3639,23,23,141,141,1.0,FRC3,False
2026-02-10T06:21:58.100968,Park_Street,22.5535,88.3531,11,18,598,365,0.99166,FRC4,False
2026-02-10T06:21:59.256579,Howrah_Bridge,22.5851,88.3467,14,23,906,551,1.0,FRC3,False
2026-02-10T06:22:00.416518,Gariahat,22.5189,88.3647,16,22,559,406,0.997325,FRC7,False
2026-02-10T06:22:01.571847,Salt_Lake_V,22.5744,88.4323,12,24,810,405,0.961561,FRC5,False
2026-02-10T06:23:02.781013,EM_Bypass_North,22.5726,88.3639,23,23,141,141,1.0,FRC3,False
2026-02-10T06:23:03.942677,Park_Street,22.5535,88.3531,10,19,658,346,0.986997,FRC4,False
2026-02-10T06:23:05.112058,Howrah_Bridge,22.5851,88.3467,14,23,906,551,1.0,FRC3,False
2026-02-10T06:23:06.263080,Gariahat,22.5189,88.3647,15,21,596,426,0.992759,FRC7,False
2026-02-10T06:23:07.414468,Salt_Lake_V,22.5744,88.4323,13,24,748,405,0.963309,FRC5,False
2026-02-10T06:24:08.679442,EM_Bypass_North,22.5726,88.3639,23,23,141,141,1.0,FRC3,False
2026-02-10T06:24:09.830929,Park_Street,22.5535,88.3531,10,18,658,365,0.985996,FRC4,False
2026-02-10T06:24:10.993141,Howrah_Bridge,22.5851,88.3467,15,24,846,528,1.0,FRC3,False
2026-02-10T06:24:12.154660,Gariahat,22.5189,88.3647,15,21,596,426,0.992759,FRC7,False
2026-02-10T06:24:13.308938,Salt_Lake_V,22.5744,88.4323,16,24,607,405,0.962242,FRC5,False
2026-02-10T06:25:14.519909,EM_Bypass_North,22.5726,88.3639,23,23,141,141,1.0,FRC3,False
2026-02-10T06:25:15.671504,Park_Street,22.5535,88.3531,10,18,658,365,0.985996,FRC4,False
2026-02-10T06:25:16.827967,Howrah_Bridge,22.5851,88.3467,14,23,906,551,1.0,FRC3,False
2026-02-10T06:25:17.990526,Gariahat,22.5189,88.3647,15,22,596,406,0.992759,FRC7,False
2026-02-10T06:25:19.149629,Salt_Lake_V,22.5744,88.4323,16,25,607,389,0.962242,FRC5,False
2026-02-10T06:26:20.411113,EM_Bypass_North,22.5726,88.3639,23,23,141,141,1.0,FRC3,False
2026-02-10T06:26:21.563123,Park_Street,22.5535,88.3531,10,17,658,387,0.985996,FRC4,False
2026-02-10T06:26:22.726247,Howrah_Bridge,22.5851,88.3467,13,23,976,551,1.0,FRC3,False
2026-02-10T06:26:23.885251,Gariahat,22.5189,88.3647,16,22,559,406,0.996573,FRC7,False
2026-02-10T06:26:25.040075,Salt_Lake_V,22.5744,88.4323,15,24,648,405,0.962242,FRC5,False
2026-02-10T06:27:26.289202,EM_Bypass_North,22.5726,88.3639,23,23,141,141,1.0,FRC3,False
2026-02-10T06:27:27.480289,Park_Street,22.5535,88.3531,11,18,598,365,0.99,FRC4,False
2026-02-10T06:27:28.637576,Howrah_Bridge,22.5851,88.3467,14,23,906,551,1.0,FRC3,False
2026-02-10T06:27:29.803390,Gariahat,22.5189,88.3647,15,22,596,406,0.99743,FRC7,False
2026-02-10T06:27:30.956046,Salt_Lake_V,22.5744,88.4323,14,24,694,405,0.962242,FRC5,False
2026-02-10T06:28:32.167481,EM_Bypass_North,22.5726,88.3639,23,23,141,141,1.0,FRC3,False
2026-02-10T06:28:33.323949,Park_Street,22.5535,88.3531,13,19,506,346,0.99,FRC4,False
2026-02-10T06:28:34.528889,Howrah_Bridge,22.5851,88.3467,15,24,846,528,1.0,FRC3,False
2026-02-10T06:28:35.684351,Gariahat,22.5189,88.3647,14,22,639,406,0.996573,FRC7,False
2026-02-10T06:28:36.847450,Salt_Lake_V,22.5744,88.4323,14,24,694,405,0.960177,FRC5,False
2026-02-10T06:29:38.094155,EM_Bypass_North,22.5726,88.3639,23,23,141,141,1.0,FRC3,False
2026-02-10T06:29:39.260997,Park_Street,22.5535,88.3531,13,19,506,346,0.99,FRC4,False
2026-02-10T06:29:40.416926,Howrah_Bridge,22.5851,88.3467,14,23,906,551,1.0,FRC3,False
2026-02-10T06:29:41.570898,Gariahat,22.5189,88.3647,14,22,639,406,0.99743,FRC7,False
2026-02-10T06:29:42.732434,Salt_Lake_V,22.5744,88.4323,16,25,607,389,0.958367,FRC5,False
2026-02-10T06:30:43.972197,EM_Bypass_North,22.5726,88.3639,23,23,141,141,1.0,FRC3,False
2026-02-10T06:30:45.125384,Park_Street,22.5535,88.3531,11,19,598,346,0.99,FRC4,False
2026-02-10T06:30:46.284048,Howrah_Bridge,22.5851,88.3467,15,23,846,551,1.0,FRC3,False
2026-02-10T06:30:47.450335,Gariahat,22.5189,88.3647,14,21,639,426,0.99743,FRC7,False
2026-02-10T06:30:48.605524,Salt_Lake_V,22.5744,88.4323,15,24,648,405,0.954213,FRC5,False
2026-02-10T06:31:49.864527,EM_Bypass_North,22.5726,88.3639,23,23,141,141,1.0,FRC3,False
2026-02-10T06:31:51.029919,Park_Street,22.5535,88.3531,9,18,731,365,0.99,FRC4,False
2026-02-10T06:31:52.185098,Howrah_Bridge,22.5851,88.3467,17,24,746,528,1.0,FRC3,False
2026-02-10T06:31:53.336404,Gariahat,22.5189,88.3647,14,21,639,426,0.99743,FRC7,False
2026-02-10T06:31:54.511907,Salt_Lake_V,22.5744,88.4323,15,25,648,389,0.956394,FRC5,False
2026-02-10T06:32:55.763080,EM_Bypass_North,22.5726,88.3639,23,23,141,141,1.0,FRC3,False
2026-02-10T06:32:56.917292,Park_Street,22.5535,88.3531,10,19,658,346,0.99,FRC4,False
2026-02-10T06:32:58.108111,Howrah_Bridge,22.5851,88.3467,17,24,746,528,1.0,FRC3,False
2026-02-10T06:32:59.283531,Gariahat,22.5189,88.3647,15,22,596,406,0.995716,FRC7,False
2026-02-10T06:33:00.440187,Salt_Lake_V,22.5744,88.4323,15,24,648,405,0.954213,FRC5,False
2026-02-10T06:34:01.696736,EM_Bypass_North,22.5726,88.3639,23,23,141,141,1.0,FRC3,False
2026-02-10T06:34:02.855087,Park_Street,22.5535,88.3531,11,19,598,346,0.99,FRC4,False
2026-02-10T06:34:04.009030,Howrah_Bridge,22.5851,88.3467,17,23,746,551,1.0,FRC3,False
2026-02-10T06:34:05.165740,Gariahat,22.5189,88.3647,15,21,596,426,0.995716,FRC7,False
2026-02-10T06:34:06.334849,Salt_Lake_V,22.5744,88.4323,14,25,694,389,0.954213,FRC5,False
2026-02-10T06:35:07.594819,EM_Bypass_North,22.5726,88.3639,23,23,141,141,1.0,FRC3,False
2026-02-10T06:35:08.746402,Park_Street,22.5535,88.3531,11,18,598,365,0.99,FRC4,False
2026-02-10T06:35:09.908123,Howrah_Bridge,22.5851,88.3467,16,24,793,528,1.0,FRC3,False
2026-02-10T06:35:11.065708,Gariahat,22.5189,88.3647,14,22,639,406,0.995716,FRC7,False
2026-02-10T06:35:12.229415,Salt_Lake_V,22.5744,88.4323,14,24,694,405,0.962242,FRC5,False
2026-02-10T06:36:13.484585,EM_Bypass_North,22.5726,88.3639,23,23,141,141,1.0,FRC3,False
2026-02-10T06:36:14.638361,Park_Street,22.5535,88.3531,10,19,658,346,0.99,FRC4,False
2026-02-10T06:36:15.794683,Howrah_Bridge,22.5851,88.3467,15,23,846,551,1.0,FRC3,False
2026-02-10T06:36:16.949565,Gariahat,22.5189,88.3647,14,21,639,426,0.995716,FRC7,False
2026-02-10T06:36:18.176438,Salt_Lake_V,22.5744,88.4323,15,25,648,389,0.962242,FRC5,False
2026-02-10T06:37:19.378466,EM_Bypass_North,22.5726,88.3639,23,23,141,141,1.0,FRC3,False
2026-02-10T06:37:20.536596,Park_Street,22.5535,88.3531,10,19,658,346,1.0,FRC4,False
2026-02-10T06:37:21.693398,Howrah_Bridge,22.5851,88.3467,14,24,906,528,1.0,FRC3,False
2026-02-10T06:37:22.849961,Gariahat,22.5189,88.3647,14,21,639,426,0.995716,FRC7,False
2026-02-10T06:37:24.009652,Salt_Lake_V,22.5744,88.4323,15,24,648,405,0.953081,FRC5,False
2026-02-10T06:38:25.260695,EM_Bypass_North,22.5726,88.3639,23,23,141,141,1.0,FRC3,False
2026-02-10T06:38:26.419457,Park_Street,22.5535,88.3531,11,19,598,346,1.0,FRC4,False
2026-02-10T06:38:27.583239,Howrah_Bridge,22.5851,88.3467,15,23,846,551,1.0,FRC3,False
2026-02-10T06:38:28.738832,Gariahat,22.5189,88.3647,15,22,596,406,0.996573,FRC7,False
2026-02-10T06:38:29.894229,Salt_Lake_V,22.5744,88.4323,16,24,607,405,0.925869,FRC5,False
2026-02-10T06:39:31.137999,EM_Bypass_North,22.5726,88.3639,23,23,141,141,1.0,FRC3,False
2026-02-10T06:39:32.291975,Park_Street,22.5535,88.3531,11,18,598,365,1.0,FRC4,False
2026-02-10T06:39:33.458185,Howrah_Bridge,22.5851,88.3467,15,24,846,528,1.0,FRC3,False
2026-02-10T06:39:34.611314,Gariahat,22.5189,88.3647,14,22,639,406,0.996573,FRC7,False
2026-02-10T06:39:35.781988,Salt_Lake_V,22.5744,88.4323,16,24,607,405,0.935497,FRC5,False
2026-02-10T06:40:37.044486,EM_Bypass_North,22.5726,88.3639,23,23,141,141,1.0,FRC3,False
2026-02-10T06:40:38.195151,Park_Street,22.5535,88.3531,11,19,598,346,1.0,FRC4,False
2026-02-10T06:40:39.349291,Howrah_Bridge,22.5851,88.3467,15,24,846,528,1.0,FRC3,False
2026-02-10T06:40:40.504292,Gariahat,22.5189,88.3647,15,22,596,406,0.996573,FRC7,False
2026-02-10T06:40:41.659429,Salt_Lake_V,22.5744,88.4323,16,25,607,389,0.935497,FRC5,False
2026-02-10T06:41:42.908477,EM_Bypass_North,22.5726,88.3639,18,21,180,154,0.548624,FRC3,False
2026-02-10T06:41:44.069924,Park_Street,22.5535,88.3531,11,19,598,346,1.0,FRC4,False
2026-02-10T06:41:45.234002,Howrah_Bridge,22.5851,88.3467,14,24,906,528,1.0,FRC3,False
2026-02-10T06:41:46.387115,Gariahat,22.5189,88.3647,15,22,596,406,0.996573,FRC7,False
2026-02-10T06:41:47.544270,Salt_Lake_V,22.5744,88.4323,15,24,648,405,0.92805,FRC5,False
2026-02-10T06:42:48.783619,EM_Bypass_North,22.5726,88.3639,13,23,249,141,0.637216,FRC3,False
2026-02-10T06:42:49.936648,Park_Street,22.5535,88.3531,11,18,598,365,1.0,FRC4,False
2026-02-10T06:42:51.090871,Howrah_Bridge,22.5851,88.3467,13,23,976,551,1.0,FRC3,False
2026-02-10T06:42:52.254293,Gariahat,22.5189,88.3647,15,22,596,406,0.996573,FRC7,False
2026-02-10T06:42:53.413324,Salt_Lake_V,22.5744,88.4323,16,25,607,389,0.925869,FRC5,False
2026-02-10T06:43:54.656500,EM_Bypass_North,22.5726,88.3639,13,23,249,141,0.637216,FRC3,False
2026-02-10T06:43:55.812672,Park_Street,22.5535,88.3531,12,19,548,346,1.0,FRC4,False
2026-02-10T06:43:56.969601,Howrah_Bridge,22.5851,88.3467,14,24,906,528,1.0,FRC3,False
2026-02-10T06:43:58.129600,Gariahat,22.5189,88.3647,14,21,639,426,0.996573,FRC7,False
2026-02-10T06:43:59.282689,Salt_Lake_V,22.5744,88.4323,15,24,648,405,0.92805,FRC5,False
2026-02-10T06:45:00.537192,EM_Bypass_North,22.5726,88.3639,13,23,249,141,0.637216,FRC3,False
2026-02-10T06:45:01.702173,Park_Street,22.5535,88.3531,12,18,548,365,0.998397,FRC4,False
2026-02-10T06:45:02.858659,Howrah_Bridge,22.5851,88.3467,14,24,906,528,1.0,FRC3,False
2026-02-10T06:45:04.012579,Gariahat,22.5189,88.3647,15,21,596,426,0.996573,FRC7,False
2026-02-10T06:45:05.168709,Salt_Lake_V,22.5744,88.4323,15,25,648,389,0.930778,FRC5,False
2026-02-10T06:46:06.377791,EM_Bypass_North,22.5726,88.3639,13,23,249,141,0.637216,FRC3,False
2026-02-10T06:46:07.530875,Park_Street,22.5535,88.3531,13,19,506,346,1.0,FRC4,False
2026-02-10T06:46:08.690177,Howrah_Bridge,22.5851,88.3467,15,24,846,528,1.0,FRC3,False
2026-02-10T06:46:09.852549,Gariahat,22.5189,88.3647,14,21,639,426,0.996573,FRC7,False
2026-02-10T06:46:11.004955,Salt_Lake_V,22.5744,88.4323,15,25,648,389,0.930778,FRC5,False
2026-02-10T06:47:12.206592,EM_Bypass_North,22.5726,88.3639,13,23,249,141,0.637216,FRC3,False
2026-02-10T06:47:13.364477,Park_Street,22.5535,88.3531,13,19,506,346,1.0,FRC4,False
2026-02-10T06:47:14.523735,Howrah_Bridge,22.5851,88.3467,14,24,906,528,1.0,FRC3,False
2026-02-10T06:47:15.678071,Gariahat,22.5189,88.3647,14,22,639,406,0.996573,FRC7,False
2026-02-10T06:47:16.832670,Salt_Lake_V,22.5744,88.4323,16,25,607,389,0.929205,FRC5,False
2026-02-10T06:48:18.071641,EM_Bypass_North,22.5726,88.3639,13,23,249,141,0.637216,FRC3,False
2026-02-10T06:48:19.230553,Park_Street,22.5535,88.3531,11,18,598,365,1.0,FRC4,False
2026-02-10T06:48:20.386645,Howrah_Bridge,22.5851,88.3467,14,24,906,528,1.0,FRC3,False
2026-02-10T06:48:21.542293,Gariahat,22.5189,88.3647,14,22,639,406,0.996573,FRC7,False
2026-02-10T06:48:22.695357,Salt_Lake_V,22.5744,88.4323,15,24,648,405,0.930778,FRC5,False
2026-02-10T06:49:24.005148,EM_Bypass_North,22.5726,88.3639,13,23,249,141,0.629766,FRC3,False
2026-02-10T06:49:25.164860,Park_Street,22.5535,88.3531,11,19,598,346,1.0,FRC4,False
2026-02-10T06:49:26.322513,Howrah_Bridge,22.5851,88.3467,15,24,846,528,1.0,FRC3,False
2026-02-10T06:49:27.478449,Gariahat,22.5189,88.3647,14,22,639,406,0.996573,FRC7,False
2026-02-10T06:49:28.630392,Salt_Lake_V,22.5744,88.4323,14,24,694,405,0.929205,FRC5,False
2026-02-10T06:50:29.838079,EM_Bypass_North,22.5726,88.3639,13,23,249,141,0.629766,FRC3,False
2026-02-10T06:50:31.002347,Park_Street,22.5535,88.3531,11,18,598,365,1.0,FRC4,False
2026-02-10T06:50:32.159075,Howrah_Bridge,22.5851,88.3467,14,24,906,528,1.0,FRC3,False
2026-02-10T06:50:33.312740,Gariahat,22.5189,88.3647,14,22,639,406,0.996573,FRC7,False
2026-02-10T06:50:34.470364,Salt_Lake_V,22.5744,88.4323,14,24,694,405,0.924929,FRC5,False
2026-02-10T06:51:35.698500,EM_Bypass_North,22.5726,88.3639,13,23,249,141,0.629766,FRC3,False
2026-02-10T06:51:36.852521,Park_Street,22.5535,88.3531,13,19,506,346,1.0,FRC4,False
2026-02-10T06:51:38.013308,Howrah_Bridge,22.5851,88.3467,15,24,846,528,1.0,FRC3,False
2026-02-10T06:51:39.167667,Gariahat,22.5189,88.3647,14,22,639,406,0.996573,FRC7,False
2026-02-10T06:51:40.326009,Salt_Lake_V,22.5744,88.4323,13,24,748,405,0.923052,FRC5,False
2026-02-10T06:52:41.538723,EM_Bypass_North,22.5726,88.3639,14,23,231,141,0.626042,FRC3,False
2026-02-10T06:52:42.706837,Park_Street,22.5535,88.3531,11,18,598,365,1.0,FRC4,False
2026-02-10T06:52:43.863630,Howrah_Bridge,22.5851,88.3467,14,24,906,528,1.0,FRC3,False
2026-02-10T06:52:45.019929,Gariahat,22.5189,88.3647,13,21,688,426,0.994662,FRC7,False
2026-02-10T06:52:46.178534,Salt_Lake_V,22.5744,88.4323,12,25,810,389,0.924929,FRC5,False
2026-02-10T06:53:47.386386,EM_Bypass_North,22.5726,88.3639,14,23,231,141,0.626042,FRC3,False
2026-02-10T06:53:48.553387,Park_Street,22.5535,88.3531,13,19,506,346,1.0,FRC4,False
2026-02-10T06:53:49.722359,Howrah_Bridge,22.5851,88.3467,15,24,846,528,1.0,FRC3,False
2026-02-10T06:53:50.874062,Gariahat,22.5189,88.3647,13,21,688,426,0.994662,FRC7,False
2026-02-10T06:53:52.030922,Salt_Lake_V,22.5744,88.4323,13,24,748,405,0.924363,FRC5,False
2026-02-10T06:54:53.238475,EM_Bypass_North,22.5726,88.3639,14,23,231,141,0.625631,FRC3,False
2026-02-10T06:54:54.391980,Park_Street,22.5535,88.3531,13,19,506,346,1.0,FRC4,False
2026-02-10T06:54:55.546470,Howrah_Bridge,22.5851,88.3467,15,24,846,528,1.0,FRC3,False
2026-02-10T06:54:56.701460,Gariahat,22.5189,88.3647,13,21,688,426,0.994662,FRC7,False
2026-02-10T06:54:57.858965,Salt_Lake_V,22.5744,88.4323,14,25,694,389,0.922819,FRC5,False
2026-02-10T06:55:59.104874,EM_Bypass_North,22.5726,88.3639,14,22,231,147,0.625631,FRC3,False
2026-02-10T06:56:00.263293,Park_Street,22.5535,88.3531,11,18,598,365,1.0,FRC4,False
2026-02-10T06:56:01.431268,Howrah_Bridge,22.5851,88.3467,14,24,906,528,1.0,FRC3,False
2026-02-10T06:56:02.594671,Gariahat,22.5189,88.3647,13,22,688,406,0.994662,FRC7,False
2026-02-10T06:56:03.749967,Salt_Lake_V,22.5744,88.4323,15,24,648,405,0.923052,FRC5,False
2026-02-10T06:57:05.000316,EM_Bypass_North,22.5726,88.3639,15,23,216,141,0.625631,FRC3,False
2026-02-10T06:57:06.155466,Park_Street,22.5535,88.3531,11,19,598,346,1.0,FRC4,False
2026-02-10T06:57:07.312073,Howrah_Bridge,22.5851,88.3467,14,24,906,528,1.0,FRC3,False
2026-02-10T06:57:08.473736,Gariahat,22.5189,88.3647,12,21,745,426,0.994662,FRC7,False
2026-02-10T06:57:09.629089,Salt_Lake_V,22.5744,88.4323,14,24,694,405,0.923052,FRC5,False
2026-02-10T06:58:10.846228,EM_Bypass_North,22.5726,88.3639,11,23,295,141,0.668855,FRC3,False
2026-02-10T06:58:12.001329,Park_Street,22.5535,88.3531,11,19,598,346,1.0,FRC4,False
2026-02-10T06:58:13.161444,Howrah_Bridge,22.5851,88.3467,14,24,906,528,1.0,FRC3,False
2026-02-10T06:58:14.313972,Gariahat,22.5189,88.3647,12,21,745,426,0.994662,FRC7,False
2026-02-10T06:58:15.470783,Salt_Lake_V,22.5744,88.4323,15,25,648,389,0.923052,FRC5,False
2026-02-10T06:59:16.682183,EM_Bypass_North,22.5726,88.3639,11,23,295,141,0.668855,FRC3,False
2026-02-10T06:59:17.831588,Park_Street,22.5535,88.3531,11,19,598,346,1.0,FRC4,False
2026-02-10T06:59:18.987916,Howrah_Bridge,22.5851,88.3467,14,23,906,551,1.0,FRC3,False
2026-02-10T06:59:20.139595,Gariahat,22.5189,88.3647,12,22,745,406,0.994662,FRC7,False
2026-02-10T06:59:21.299457,Salt_Lake_V,22.5744,88.4323,15,24,648,405,0.921509,FRC5,False
2026-02-10T07:00:22.515059,EM_Bypass_North,22.5726,88.3639,11,23,295,141,0.668855,FRC3,False
2026-02-10T07:00:23.668588,Park_Street,22.5535,88.3531,10,19,658,346,1.0,FRC4,False
2026-02-10T07:00:24.820207,Howrah_Bridge,22.5851,88.3467,14,24,906,528,1.0,FRC3,False
2026-02-10T07:00:25.978624,Gariahat,22.5189,88.3647,13,22,688,406,0.994662,FRC7,False
2026-02-10T07:00:27.136837,Salt_Lake_V,22.5744,88.4323,16,24,607,405,0.921509,FRC5,False
2026-02-10T07:01:28.346167,EM_Bypass_North,22.5726,88.3639,11,23,295,141,0.668855,FRC3,False
2026-02-10T07:01:29.507472,Park_Street,22.5535,88.3531,10,19,658,346,1.0,FRC4,False
2026-02-10T07:01:30.666876,Howrah_Bridge,22.5851,88.3467,14,24,906,528,1.0,FRC3,False
2026-02-10T07:01:31.821491,Gariahat,22.5189,88.3647,13,21,688,426,0.995664,FRC7,False
2026-02-10T07:01:32.979992,Salt_Lake_V,22.5744,88.4323,15,24,648,405,0.921509,FRC5,False
2026-02-10T07:02:34.196988,EM_Bypass_North,22.5726,88.3639,11,23,295,141,0.668855,FRC3,False
2026-02-10T07:02:35.368744,Park_Street,22.5535,88.3531,10,18,658,365,1.0,FRC4,False
2026-02-10T07:02:36.527331,Howrah_Bridge,22.5851,88.3467,15,24,846,528,1.0,FRC3,False
2026-02-10T07:02:37.680979,Gariahat,22.5189,88.3647,14,22,639,406,0.994807,FRC7,False
2026-02-10T07:02:38.831214,Salt_Lake_V,22.5744,88.4323,15,25,648,389,0.924485,FRC5,False
2026-02-10T07:03:40.037811,EM_Bypass_North,22.5726,88.3639,11,23,295,141,0.668855,FRC3,False
2026-02-10T07:03:41.192670,Park_Street,22.5535,88.3531,11,19,598,346,1.0,FRC4,False
2026-02-10T07:03:42.346591,Howrah_Bridge,22.5851,88.3467,14,24,906,528,1.0,FRC3,False
2026-02-10T07:03:43.508161,Gariahat,22.5189,88.3647,14,22,639,406,0.993805,FRC7,False
2026-02-10T07:03:44.660947,Salt_Lake_V,22.5744,88.4323,17,25,572,389,0.924485,FRC5,False
2026-02-10T07:04:45.875601,EM_Bypass_North,22.5726,88.3639,11,23,295,141,0.668855,FRC3,False
2026-02-10T07:04:47.031167,Park_Street,22.5535,88.3531,11,18,598,365,1.0,FRC4,False
2026-02-10T07:04:48.188280,Howrah_Bridge,22.5851,88.3467,15,24,846,528,1.0,FRC3,False
2026-02-10T07:04:49.343045,Gariahat,22.5189,88.3647,14,22,639,406,0.993805,FRC7,False
2026-02-10T07:04:50.497461,Salt_Lake_V,22.5744,88.4323,18,25,540,389,0.924485,FRC5,False
2026-02-10T07:05:51.707272,EM_Bypass_North,22.5726,88.3639,11,23,295,141,0.668855,FRC3,False
2026-02-10T07:05:52.867681,Park_Street,22.5535,88.3531,11,19,598,346,1.0,FRC4,False
2026-02-10T07:05:54.020341,Howrah_Bridge,22.5851,88.3467,14,24,906,528,1.0,FRC3,False
2026-02-10T07:05:55.190668,Gariahat,22.5189,88.3647,14,22,639,406,0.996573,FRC7,False
2026-02-10T07:05:56.345787,Salt_Lake_V,22.5744,88.4323,18,24,540,405,0.937633,FRC5,False
2026-02-10T07:06:57.558272,EM_Bypass_North,22.5726,88.3639,11,23,295,141,0.668855,FRC3,False
2026-02-10T07:06:58.710700,Park_Street,22.5535,88.3531,11,18,598,365,1.0,FRC4,False
2026-02-10T07:06:59.873502,Howrah_Bridge,22.5851,88.3467,15,23,846,551,1.0,FRC3,False
2026-02-10T07:07:01.039682,Gariahat,22.5189,88.3647,16,23,559,389,0.996573,FRC7,False
2026-02-10T07:07:02.192530,Salt_Lake_V,22.5744,88.4323,18,23,540,422,0.935412,FRC5,False
2026-02-10T07:08:03.402559,EM_Bypass_North,22.5726,88.3639,11,23,295,141,0.668855,FRC3,False
2026-02-10T07:08:04.557707,Park_Street,22.5535,88.3531,11,18,598,365,1.0,FRC4,False
2026-02-10T07:08:05.717086,Howrah_Bridge,22.5851,88.3467,15,24,846,528,1.0,FRC3,False
2026-02-10T07:08:06.882196,Gariahat,22.5189,88.3647,15,22,596,406,1.0,FRC7,False
2026-02-10T07:08:08.034479,Salt_Lake_V,22.5744,88.4323,19,24,511,405,0.935412,FRC5,False
2026-02-10T07:09:09.275350,EM_Bypass_North,22.5726,88.3639,11,23,295,141,0.668855,FRC3,False
2026-02-10T07:09:10.427652,Park_Street,22.5535,88.3531,11,18,598,365,1.0,FRC4,False
2026-02-10T07:09:11.589901,Howrah_Bridge,22.5851,88.3467,14,24,906,528,1.0,FRC3,False
2026-02-10T07:09:12.748677,Gariahat,22.5189,88.3647,15,22,596,406,1.0,FRC7,False
2026-02-10T07:09:13.911700,Salt_Lake_V,22.5744,88.4323,24,24,405,405,1.0,FRC5,False
2026-02-10T07:10:15.133888,EM_Bypass_North,22.5726,88.3639,11,23,295,141,0.649728,FRC3,False
2026-02-10T07:10:16.290601,Park_Street,22.5535,88.3531,11,18,598,365,1.0,FRC4,False
2026-02-10T07:10:17.452598,Howrah_Bridge,22.5851,88.3467,15,24,846,528,1.0,FRC3,False
2026-02-10T07:10:18.612242,Gariahat,22.5189,88.3647,15,22,596,406,1.0,FRC7,False
2026-02-10T07:10:19.771043,Salt_Lake_V,22.5744,88.4323,24,24,405,405,1.0,FRC5,False
2026-02-10T07:11:20.981031,EM_Bypass_North,22.5726,88.3639,11,23,295,141,0.588524,FRC3,False
2026-02-10T07:11:22.136703,Park_Street,22.5535,88.3531,11,19,598,346,1.0,FRC4,False
2026-02-10T07:11:23.397465,Howrah_Bridge,22.5851,88.3467,16,24,793,528,1.0,FRC3,False
2026-02-10T07:11:24.555559,Gariahat,22.5189,88.3647,15,21,596,426,1.0,FRC7,False
2026-02-10T07:11:25.709864,Salt_Lake_V,22.5744,88.4323,24,24,405,405,1.0,FRC5,False
2026-02-10T07:12:26.923585,EM_Bypass_North,22.5726,88.3639,11,22,295,147,0.693495,FRC3,False
2026-02-10T07:12:28.089658,Park_Street,22.5535,88.3531,11,19,598,346,1.0,FRC4,False
2026-02-10T07:12:29.247778,Howrah_Bridge,22.5851,88.3467,16,24,793,528,1.0,FRC3,False
2026-02-10T07:12:30.402066,Gariahat,22.5189,88.3647,15,22,596,406,1.0,FRC7,False
2026-02-10T07:12:31.553818,Salt_Lake_V,22.5744,88.4323,24,24,405,405,1.0,FRC5,False
2026-02-10T07:13:32.780342,EM_Bypass_North,22.5726,88.3639,11,22,295,147,0.693495,FRC3,False
2026-02-10T07:13:33.948677,Park_Street,22.5535,88.3531,11,18,598,365,0.99,FRC4,False
2026-02-10T07:13:35.107699,Howrah_Bridge,22.5851,88.3467,14,23,906,551,0.998934,FRC3,False
2026-02-10T07:13:36.270554,Gariahat,22.5189,88.3647,15,22,596,406,0.99817,FRC7,False
2026-02-10T07:13:37.424922,Salt_Lake_V,22.5744,88.4323,21,24,463,405,0.924485,FRC5,False
2026-02-10T07:14:38.632772,EM_Bypass_North,22.5726,88.3639,16,22,202,147,0.672893,FRC3,False
2026-02-10T07:14:39.792688,Park_Street,22.5535,88.3531,11,18,598,365,0.99,FRC4,False
2026-02-10T07:14:40.950323,Howrah_Bridge,22.5851,88.3467,14,24,906,528,0.998934,FRC3,False
2026-02-10T07:14:42.111402,Gariahat,22.5189,88.3647,15,22,596,406,1.0,FRC7,False
2026-02-10T07:14:43.267588,Salt_Lake_V,22.5744,88.4323,20,23,486,422,0.927235,FRC5,False
2026-02-10T07:15:44.484027,EM_Bypass_North,22.5726,88.3639,16,22,202,147,0.672893,FRC3,False
2026-02-10T07:15:45.637303,Park_Street,22.5535,88.3531,11,18,598,365,0.99,FRC4,False
2026-02-10T07:15:46.809918,Howrah_Bridge,22.5851,88.3467,14,24,906,528,0.99852,FRC3,False
2026-02-10T07:15:47.971592,Gariahat,22.5189,88.3647,14,21,639,426,0.996573,FRC7,False
2026-02-10T07:15:49.137184,Salt_Lake_V,22.5744,88.4323,20,23,486,422,0.927235,FRC5,False
2026-02-10T07:16:50.345504,EM_Bypass_North,22.5726,88.3639,16,22,202,147,0.672893,FRC3,False
2026-02-10T07:16:51.502056,Park_Street,22.5535,88.3531,11,19,598,346,0.99,FRC4,False
2026-02-10T07:16:52.656065,Howrah_Bridge,22.5851,88.3467,15,23,846,551,0.998934,FRC3,False
2026-02-10T07:16:53.810358,Gariahat,22.5189,88.3647,14,21,639,426,0.996573,FRC7,False
2026-02-10T07:16:54.968814,Salt_Lake_V,22.5744,88.4323,19,24,511,405,0.935412,FRC5,False
2026-02-10T07:17:56.181829,EM_Bypass_North,22.5726,88.3639,16,22,202,147,0.672893,FRC3,False
2026-02-10T07:17:57.334265,Park_Street,22.5535,88.3531,11,18,598,365,0.99,FRC4,False
2026-02-10T07:17:58.486685,Howrah_Bridge,22.5851,88.3467,15,24,846,528,0.998934,FRC3,False
2026-02-10T07:17:59.645164,Gariahat,22.5189,88.3647,14,23,639,389,0.996573,FRC7,False
2026-02-10T07:18:00.802641,Salt_Lake_V,22.5744,88.4323,18,24,540,405,0.924485,FRC5,False
2026-02-10T07:19:02.016461,EM_Bypass_North,22.5726,88.3639,16,22,202,147,0.672893,FRC3,False
2026-02-10T07:19:03.169447,Park_Street,22.5535,88.3531,10,19,658,346,1.0,FRC4,False
2026-02-10T07:19:04.327696,Howrah_Bridge,22.5851,88.3467,15,24,846,528,0.998871,FRC3,False
2026-02-10T07:19:05.484052,Gariahat,22.5189,88.3647,14,22,639,406,0.996573,FRC7,False
2026-02-10T07:19:06.638432,Salt_Lake_V,22.5744,88.4323,16,24,607,405,0.924485,FRC5,False
2026-02-10T07:20:07.847406,EM_Bypass_North,22.5726,88.3639,16,22,202,147,0.672893,FRC3,False
2026-02-10T07:20:09.002227,Park_Street,22.5535,88.3531,10,18,658,365,0.991072,FRC4,False
2026-02-10T07:20:10.159461,Howrah_Bridge,22.5851,88.3467,15,24,846,528,0.99852,FRC3,False
2026-02-10T07:20:11.318458,Gariahat,22.5189,88.3647,14,22,639,406,0.996573,FRC7,False
2026-02-10T07:20:12.476132,Salt_Lake_V,22.5744,88.4323,17,25,572,389,0.924485,FRC5,False
2026-02-10T07:21:13.681614,EM_Bypass_North,22.5726,88.3639,15,22,216,147,0.672893,FRC3,False
2026-02-10T07:21:14.840715,Park_Street,22.5535,88.3531,12,19,548,346,0.991072,FRC4,False
2026-02-10T07:21:15.993684,Howrah_Bridge,22.5851,88.3467,15,24,846,528,0.99852,FRC3,False
2026-02-10T07:21:17.147355,Gariahat,22.5189,88.3647,14,21,639,426,1.0,FRC7,False
2026-02-10T07:21:18.306982,Salt_Lake_V,22.5744,88.4323,16,24,607,405,0.924485,FRC5,False
2026-02-10T07:22:19.508991,EM_Bypass_North,22.5726,88.3639,15,22,216,147,0.672893,FRC3,False
2026-02-10T07:22:20.660419,Park_Street,22.5535,88.3531,11,18,598,365,0.991597,FRC4,False
2026-02-10T07:22:21.813916,Howrah_Bridge,22.5851,88.3467,15,24,846,528,0.998934,FRC3,False
2026-02-10T07:22:22.968284,Gariahat,22.5189,88.3647,14,22,639,406,0.996573,FRC7,False
2026-02-10T07:22:24.128955,Salt_Lake_V,22.5744,88.4323,17,24,572,405,0.93385,FRC5,False
2026-02-10T07:23:25.331263,EM_Bypass_North,22.5726,88.3639,15,22,216,147,0.611145,FRC3,False
2026-02-10T07:23:26.495633,Park_Street,22.5535,88.3531,10,18,658,365,0.99,FRC4,False
2026-02-10T07:23:27.651604,Howrah_Bridge,22.5851,88.3467,14,24,906,528,0.998934,FRC3,False
2026-02-10T07:23:28.810234,Gariahat,22.5189,88.3647,14,22,639,406,0.996573,FRC7,False
2026-02-10T07:23:29.967264,Salt_Lake_V,22.5744,88.4323,17,24,572,405,0.924485,FRC5,False
2026-02-10T07:24:31.179563,EM_Bypass_North,22.5726,88.3639,15,22,216,147,0.561747,FRC3,False
2026-02-10T07:24:32.336312,Park_Street,22.5535,88.3531,10,18,658,365,0.99,FRC4,False
2026-02-10T07:24:33.492616,Howrah_Bridge,22.5851,88.3467,15,24,846,528,0.998934,FRC3,False
2026-02-10T07:24:34.644257,Gariahat,22.5189,88.3647,14,22,639,406,0.996573,FRC7,False
2026-02-10T07:24:35.798127,Salt_Lake_V,22.5744,88.4323,18,24,540,405,0.924485,FRC5,False
2026-02-10T07:25:37.011134,EM_Bypass_North,22.5726,88.3639,15,22,216,147,0.561747,FRC3,False
2026-02-10T07:25:38.171684,Park_Street,22.5535,88.3531,12,19,548,346,0.99,FRC4,False
2026-02-10T07:25:39.332827,Howrah_Bridge,22.5851,88.3467,15,24,846,528,0.998871,FRC3,False
2026-02-10T07:25:40.487498,Gariahat,22.5189,88.3647,13,22,688,406,0.996573,FRC7,False
2026-02-10T07:25:41.656164,Salt_Lake_V,22.5744,88.4323,18,23,540,422,0.932436,FRC5,False
2026-02-10T07:26:42.869232,EM_Bypass_North,22.5726,88.3639,15,22,216,147,0.580272,FRC3,False
2026-02-10T07:26:44.028664,Park_Street,22.5535,88.3531,12,19,548,346,0.988232,FRC4,False
2026-02-10T07:26:45.182157,Howrah_Bridge,22.5851,88.3467,16,24,793,528,0.998871,FRC3,False
2026-02-10T07:26:46.339184,Gariahat,22.5189,88.3647,14,22,639,406,0.996573,FRC7,False
2026-02-10T07:26:47.547540,Salt_Lake_V,22.5744,88.4323,18,24,540,405,0.927235,FRC5,False
2026-02-10T07:27:48.760371,EM_Bypass_North,22.5726,88.3639,15,22,216,147,0.580272,FRC3,False
2026-02-10T07:27:49.913998,Park_Street,22.5535,88.3531,11,19,598,346,0.99,FRC4,False
2026-02-10T07:27:51.077955,Howrah_Bridge,22.5851,88.3467,16,24,793,528,0.998157,FRC3,False
2026-02-10T07:27:52.237479,Gariahat,22.5189,88.3647,14,22,639,406,0.996573,FRC7,False
2026-02-10T07:27:53.394347,Salt_Lake_V,22.5744,88.4323,18,24,540,405,0.922912,FRC5,False
2026-02-10T07:28:54.601747,EM_Bypass_North,22.5726,88.3639,15,22,216,147,0.580272,FRC3,False
2026-02-10T07:28:55.756537,Park_Street,22.5535,88.3531,11,18,598,365,0.99,FRC4,False
2026-02-10T07:28:56.912171,Howrah_Bridge,22.5851,88.3467,17,24,746,528,0.998571,FRC3,False
2026-02-10T07:28:58.070737,Gariahat,22.5189,88.3647,13,22,688,406,0.996573,FRC7,False
2026-02-10T07:28:59.228043,Salt_Lake_V,22.5744,88.4323,17,23,572,422,0.927235,FRC5,False
2026-02-10T07:30:00.441891,EM_Bypass_North,22.5726,88.3639,15,22,216,147,0.580272,FRC3,False
2026-02-10T07:30:01.599476,Park_Street,22.5535,88.3531,11,19,598,346,0.99,FRC4,False
2026-02-10T07:30:02.766180,Howrah_Bridge,22.5851,88.3467,16,23,793,551,0.998571,FRC3,False
2026-02-10T07:30:03.920354,Gariahat,22.5189,88.3647,14,22,639,406,0.996573,FRC7,False
2026-02-10T07:30:05.079915,Salt_Lake_V,22.5744,88.4323,19,25,511,389,0.922912,FRC5,False
2026-02-10T07:31:06.294744,EM_Bypass_North,22.5726,88.3639,15,22,216,147,0.580272,FRC3,False
2026-02-10T07:31:07.460903,Park_Street,22.5535,88.3531,10,18,658,365,0.99,FRC4,False
2026-02-10T07:31:08.616563,Howrah_Bridge,22.5851,88.3467,14,23,906,551,0.998571,FRC3,False
2026-02-10T07:31:09.766204,Gariahat,22.5189,88.3647,14,23,639,389,0.996573,FRC7,False
2026-02-10T07:31:10.921625,Salt_Lake_V,22.5744,88.4323,20,24,486,405,0.922912,FRC5,False
2026-02-10T07:32:12.173429,EM_Bypass_North,22.5726,88.3639,15,22,216,147,0.580272,FRC3,False
2026-02-10T07:32:13.325032,Park_Street,22.5535,88.3531,10,19,658,346,0.99,FRC4,False
2026-02-10T07:32:14.487563,Howrah_Bridge,22.5851,88.3467,15,24,846,528,0.998571,FRC3,False
2026-02-10T07:32:15.642540,Gariahat,22.5189,88.3647,14,22,639,406,0.995716,FRC7,False
2026-02-10T07:32:16.797954,Salt_Lake_V,22.5744,88.4323,19,25,511,389,0.922912,FRC5,False
2026-02-10T07:33:18.059351,EM_Bypass_North,22.5726,88.3639,15,22,216,147,0.580272,FRC3,False
2026-02-10T07:33:19.220693,Park_Street,22.5535,88.3531,10,19,658,346,0.99,FRC4,False
2026-02-10T07:33:20.381371,Howrah_Bridge,22.5851,88.3467,15,24,846,528,0.998571,FRC3,False
2026-02-10T07:33:21.536623,Gariahat,22.5189,88.3647,14,22,639,406,0.995716,FRC7,False
2026-02-10T07:33:22.687585,Salt_Lake_V,22.5744,88.4323,19,25,511,389,0.922912,FRC5,False
2026-02-10T07:34:23.898827,EM_Bypass_North,22.5726,88.3639,15,22,216,147,0.580272,FRC3,False
2026-02-10T07:34:25.053499,Park_Street,22.5535,88.3531,9,18,731,365,0.99,FRC4,False
2026-02-10T07:34:26.206338,Howrah_Bridge,22.5851,88.3467,15,24,846,528,0.998508,FRC3,False
2026-02-10T07:34:27.361506,Gariahat,22.5189,88.3647,14,23,639,389,0.996573,FRC7,False
2026-02-10T07:34:28.518218,Salt_Lake_V,22.5744,88.4323,20,25,486,389,0.922912,FRC5,False
2026-02-10T07:35:29.773605,EM_Bypass_North,22.5726,88.3639,15,22,216,147,0.580272,FRC3,False
2026-02-10T07:35:30.934144,Park_Street,22.5535,88.3531,9,18,731,365,0.99,FRC4,False
2026-02-10T07:35:32.092013,Howrah_Bridge,22.5851,88.3467,15,24,846,528,0.998508,FRC3,False
2026-02-10T07:35:33.253841,Gariahat,22.5189,88.3647,15,23,596,389,0.995716,FRC7,False
2026-02-10T07:35:34.405837,Salt_Lake_V,22.5744,88.4323,19,24,511,405,0.932436,FRC5,False
2026-02-10T07:36:35.609940,EM_Bypass_North,22.5726,88.3639,15,22,216,147,0.580272,FRC3,False
2026-02-10T07:36:36.765660,Park_Street,22.5535,88.3531,9,19,731,346,0.98,FRC4,False
2026-02-10T07:36:37.918792,Howrah_Bridge,22.5851,88.3467,16,24,793,528,0.998157,FRC3,False
2026-02-10T07:36:39.072220,Gariahat,22.5189,88.3647,15,22,596,406,0.995716,FRC7,False
2026-02-10T07:36:40.229245,Salt_Lake_V,22.5744,88.4323,19,24,511,405,0.932436,FRC5,False
2026-02-10T07:37:41.479009,EM_Bypass_North,22.5726,88.3639,15,22,216,147,0.580272,FRC3,False
2026-02-10T07:37:42.631088,Park_Street,22.5535,88.3531,9,19,731,346,0.98,FRC4,False
2026-02-10T07:37:43.783265,Howrah_Bridge,22.5851,88.3467,14,23,906,551,0.99852,FRC3,False
2026-02-10T07:37:44.938194,Gariahat,22.5189,88.3647,15,22,596,406,0.994859,FRC7,False
2026-02-10T07:37:46.090646,Salt_Lake_V,22.5744,88.4323,18,24,540,405,0.922912,FRC5,False
2026-02-10T07:38:47.376390,EM_Bypass_North,22.5726,88.3639,17,22,191,147,0.561747,FRC3,False
2026-02-10T07:38:48.528857,Park_Street,22.5535,88.3531,9,20,731,329,0.981634,FRC4,False
2026-02-10T07:38:49.683490,Howrah_Bridge,22.5851,88.3467,14,24,906,528,0.998934,FRC3,False
2026-02-10T07:38:50.839445,Gariahat,22.5189,88.3647,15,22,596,406,0.995716,FRC7,False
2026-02-10T07:38:51.991731,Salt_Lake_V,22.5744,88.4323,24,24,405,405,1.0,FRC5,False
2026-02-10T07:39:53.247137,EM_Bypass_North,22.5726,88.3639,17,22,191,147,0.561747,FRC3,False
2026-02-10T07:39:54.403253,Park_Street,22.5535,88.3531,9,18,731,365,0.98,FRC4,False
2026-02-10T07:39:55.555425,Howrah_Bridge,22.5851,88.3467,13,23,976,551,0.998934,FRC3,False
2026-02-10T07:39:56.709724,Gariahat,22.5189,88.3647,15,22,596,406,0.995716,FRC7,False
2026-02-10T07:39:57.871000,Salt_Lake_V,22.5744,88.4323,24,24,405,405,1.0,FRC5,False
2026-02-10T07:40:59.130192,EM_Bypass_North,22.5726,88.3639,17,22,191,147,0.555573,FRC3,False
2026-02-10T07:41:00.287967,Park_Street,22.5535,88.3531,9,18,731,365,0.98,FRC4,False
2026-02-10T07:41:01.441981,Howrah_Bridge,22.5851,88.3467,13,24,976,528,1.0,FRC3,False
2026-02-10T07:41:02.594127,Gariahat,22.5189,88.3647,15,22,596,406,0.995716,FRC7,False
2026-02-10T07:41:03.751738,Salt_Lake_V,22.5744,88.4323,18,24,540,405,0.922912,FRC5,False
2026-02-10T07:42:04.986166,EM_Bypass_North,22.5726,88.3639,17,22,191,147,0.555573,FRC3,False
2026-02-10T07:42:06.141786,Park_Street,22.5535,88.3531,9,18,731,365,0.98,FRC4,False
2026-02-10T07:42:07.298919,Howrah_Bridge,22.5851,88.3467,15,24,846,528,1.0,FRC3,False
2026-02-10T07:42:08.453720,Gariahat,22.5189,88.3647,15,22,596,406,0.994859,FRC7,False
2026-02-10T07:42:09.612869,Salt_Lake_V,22.5744,88.4323,19,25,511,389,0.922912,FRC5,False
2026-02-10T07:43:10.851318,EM_Bypass_North,22.5726,88.3639,19,22,170,147,0.549398,FRC3,False
2026-02-10T07:43:12.005343,Park_Street,22.5535,88.3531,9,18,731,365,0.976795,FRC4,False
2026-02-10T07:43:13.166346,Howrah_Bridge,22.5851,88.3467,15,23,846,551,1.0,FRC3,False
2026-02-10T07:43:14.320316,Gariahat,22.5189,88.3647,16,22,559,406,0.994859,FRC7,False
2026-02-10T07:43:15.473415,Salt_Lake_V,22.5744,88.4323,18,24,540,405,0.926058,FRC5,False
2026-02-10T07:44:16.728450,EM_Bypass_North,22.5726,88.3639,19,22,170,147,0.549398,FRC3,False
2026-02-10T07:44:17.882624,Park_Street,22.5535,88.3531,9,17,731,387,0.975192,FRC4,False
2026-02-10T07:44:19.038736,Howrah_Bridge,22.5851,88.3467,14,24,906,528,1.0,FRC3,False
2026-02-10T07:44:20.190374,Gariahat,22.5189,88.3647,16,22,559,406,0.995716,FRC7,False
2026-02-10T07:44:21.345621,Salt_Lake_V,22.5744,88.4323,17,24,572,405,0.930778,FRC5,False
2026-02-10T07:45:22.602174,EM_Bypass_North,22.5726,88.3639,23,23,141,141,1.0,FRC3,False
2026-02-10T07:45:23.764672,Park_Street,22.5535,88.3531,9,17,731,387,0.966795,FRC4,False
2026-02-10T07:45:24.918883,Howrah_Bridge,22.5851,88.3467,13,23,976,551,1.0,FRC3,False
2026-02-10T07:45:26.074771,Gariahat,22.5189,88.3647,16,22,559,406,0.994859,FRC7,False
2026-02-10T07:45:27.231350,Salt_Lake_V,22.5744,88.4323,17,24,572,405,0.942831,FRC5,False
2026-02-10T07:46:28.484086,EM_Bypass_North,22.5726,88.3639,23,23,141,141,1.0,FRC3,False
2026-02-10T07:46:29.638686,Park_Street,22.5535,88.3531,9,17,731,387,0.966795,FRC4,False
2026-02-10T07:46:30.789796,Howrah_Bridge,22.5851,88.3467,15,24,846,528,1.0,FRC3,False
2026-02-10T07:46:31.949418,Gariahat,22.5189,88.3647,16,21,559,426,0.995716,FRC7,False
2026-02-10T07:46:33.110838,Salt_Lake_V,22.5744,88.4323,19,24,511,405,0.937071,FRC5,False
2026-02-10T07:47:34.321307,EM_Bypass_North,22.5726,88.3639,23,23,141,141,1.0,FRC3,False
2026-02-10T07:47:35.479426,Park_Street,22.5535,88.3531,9,17,731,387,0.955192,FRC4,False
2026-02-10T07:47:36.634260,Howrah_Bridge,22.5851,88.3467,15,23,846,551,1.0,FRC3,False
2026-02-10T07:47:37.790108,Gariahat,22.5189,88.3647,17,22,526,406,0.995716,FRC7,False
2026-02-10T07:47:38.950246,Salt_Lake_V,22.5744,88.4323,16,23,607,422,0.943486,FRC5,False
2026-02-10T07:48:40.216302,EM_Bypass_North,22.5726,88.3639,23,23,141,141,1.0,FRC3,False
2026-02-10T07:48:41.367377,Park_Street,22.5535,88.3531,9,18,731,365,0.953589,FRC4,False
2026-02-10T07:48:42.522078,Howrah_Bridge,22.5851,88.3467,15,24,846,528,1.0,FRC3,False
2026-02-10T07:48:43.676323,Gariahat,22.5189,88.3647,17,22,526,406,0.995716,FRC7,False
2026-02-10T07:48:44.835778,Salt_Lake_V,22.5744,88.4323,17,24,572,405,0.94708,FRC5,False
2026-02-10T07:49:46.046588,EM_Bypass_North,22.5726,88.3639,23,23,141,141,1.0,FRC3,False
2026-02-10T07:49:47.202034,Park_Street,22.5535,88.3531,9,18,731,365,0.941987,FRC4,False
2026-02-10T07:49:48.356258,Howrah_Bridge,22.5851,88.3467,15,24,846,528,0.998727,FRC3,False
2026-02-10T07:49:49.512092,Gariahat,22.5189,88.3647,17,22,526,406,0.995716,FRC7,False
2026-02-10T07:49:50.668875,Salt_Lake_V,22.5744,88.4323,18,25,540,389,0.933924,FRC5,False
2026-02-10T07:50:51.927955,EM_Bypass_North,22.5726,88.3639,23,23,141,141,1.0,FRC3,False
2026-02-10T07:50:53.083104,Park_Street,22.5535,88.3531,9,17,731,387,0.940384,FRC4,False
2026-02-10T07:50:54.239192,Howrah_Bridge,22.5851,88.3467,14,24,906,528,0.998245,FRC3,False
2026-02-10T07:50:55.389498,Gariahat,22.5189,88.3647,17,22,526,406,0.995716,FRC7,False
2026-02-10T07:50:56.542387,Salt_Lake_V,22.5744,88.4323,18,25,540,389,0.933924,FRC5,False
2026-02-10T07:51:57.745981,EM_Bypass_North,22.5726,88.3639,23,23,141,141,1.0,FRC3,False
2026-02-10T07:51:58.899076,Park_Street,22.5535,88.3531,9,18,731,365,0.922371,FRC4,False
2026-02-10T07:52:00.064459,Howrah_Bridge,22.5851,88.3467,15,24,846,528,1.0,FRC3,False
2026-02-10T07:52:01.224683,Gariahat,22.5189,88.3647,16,22,559,406,0.995716,FRC7,False
2026-02-10T07:52:02.385364,Salt_Lake_V,22.5744,88.4323,18,24,540,405,0.933924,FRC5,False
2026-02-10T07:53:03.597633,EM_Bypass_North,22.5726,88.3639,23,23,141,141,1.0,FRC3,False
2026-02-10T07:53:04.757958,Park_Street,22.5535,88.3531,9,18,731,365,0.877563,FRC4,False
2026-02-10T07:53:05.916920,Howrah_Bridge,22.5851,88.3467,15,25,846,507,1.0,FRC3,False
2026-02-10T07:53:07.072956,Gariahat,22.5189,88.3647,16,22,559,406,0.995716,FRC7,False
2026-02-10T07:53:08.226723,Salt_Lake_V,22.5744,88.4323,17,24,572,405,0.933924,FRC5,False
2026-02-10T07:54:09.456796,EM_Bypass_North,22.5726,88.3639,23,23,141,141,1.0,FRC3,False
2026-02-10T07:54:10.608677,Park_Street,22.5535,88.3531,9,18,731,365,0.846345,FRC4,False
2026-02-10T07:54:11.765360,Howrah_Bridge,22.5851,88.3467,14,24,906,528,1.0,FRC3,False
2026-02-10T07:54:12.922873,Gariahat,22.5189,88.3647,15,22,596,406,0.999143,FRC7,False
2026-02-10T07:54:14.076688,Salt_Lake_V,22.5744,88.4323,17,24,572,405,0.933924,FRC5,False
2026-02-10T07:55:15.279379,EM_Bypass_North,22.5726,88.3639,23,23,141,141,1.0,FRC3,False
2026-02-10T07:55:16.442589,Park_Street,22.5535,88.3531,9,18,731,365,0.812755,FRC4,False
2026-02-10T07:55:17.596926,Howrah_Bridge,22.5851,88.3467,15,23,846,551,1.0,FRC3,False
2026-02-10T07:55:18.755426,Gariahat,22.5189,88.3647,14,21,639,426,1.0,FRC7,False
2026-02-10T07:55:19.909089,Salt_Lake_V,22.5744,88.4323,16,24,607,405,0.933902,FRC5,False
2026-02-10T07:56:21.120160,EM_Bypass_North,22.5726,88.3639,23,23,141,141,1.0,FRC3,False
2026-02-10T07:56:22.276417,Park_Street,22.5535,88.3531,9,18,731,365,0.728782,FRC4,False
2026-02-10T07:56:23.436812,Howrah_Bridge,22.5851,88.3467,15,23,846,551,1.0,FRC3,False
2026-02-10T07:56:24.591442,Gariahat,22.5189,88.3647,14,22,639,406,1.0,FRC7,False
2026-02-10T07:56:25.743430,Salt_Lake_V,22.5744,88.4323,18,24,540,405,0.943486,FRC5,False
2026-02-10T07:57:26.982350,EM_Bypass_North,22.5726,88.3639,23,23,141,141,1.0,FRC3,False
2026-02-10T07:57:28.135659,Park_Street,22.5535,88.3531,9,18,731,365,0.69,FRC4,False
2026-02-10T07:57:29.292551,Howrah_Bridge,22.5851,88.3467,15,24,846,528,1.0,FRC3,False
2026-02-10T07:57:30.446386,Gariahat,22.5189,88.3647,13,22,688,406,1.0,FRC7,False
2026-02-10T07:57:31.606541,Salt_Lake_V,22.5744,88.4323,19,24,511,405,0.933924,FRC5,False
2026-02-10T07:58:32.844966,EM_Bypass_North,22.5726,88.3639,23,23,141,141,1.0,FRC3,False
2026-02-10T07:58:33.998418,Park_Street,22.5535,88.3531,10,19,658,346,0.65,FRC4,False
2026-02-10T07:58:35.161277,Howrah_Bridge,22.5851,88.3467,15,24,846,528,1.0,FRC3,False
2026-02-10T07:58:36.320340,Gariahat,22.5189,88.3647,13,21,688,426,1.0,FRC7,False
2026-02-10T07:58:37.480138,Salt_Lake_V,22.5744,88.4323,18,24,540,405,0.933924,FRC5,False
2026-02-10T07:59:38.728025,EM_Bypass_North,22.5726,88.3639,23,23,141,141,1.0,FRC3,False
2026-02-10T07:59:39.884584,Park_Street,22.5535,88.3531,10,19,658,346,0.64,FRC4,False
2026-02-10T07:59:41.041134,Howrah_Bridge,22.5851,88.3467,14,24,906,528,1.0,FRC3,False
2026-02-10T07:59:42.193017,Gariahat,22.5189,88.3647,13,22,688,406,1.0,FRC7,False
2026-02-10T07:59:43.344913,Salt_Lake_V,22.5744,88.4323,19,24,511,405,0.943486,FRC5,False
2026-02-10T08:00:44.554883,EM_Bypass_North,22.5726,88.3639,23,23,141,141,1.0,FRC3,False
2026-02-10T08:00:45.710474,Park_Street,22.5535,88.3531,11,19,598,346,0.64,FRC4,False
2026-02-10T08:00:46.872255,Howrah_Bridge,22.5851,88.3467,13,24,976,528,1.0,FRC3,False
2026-02-10T08:00:48.029414,Gariahat,22.5189,88.3647,13,22,688,406,1.0,FRC7,False
2026-02-10T08:00:49.205095,Salt_Lake_V,22.5744,88.4323,18,23,540,422,0.943486,FRC5,False
2026-02-10T08:01:50.456489,EM_Bypass_North,22.5726,88.3639,23,23,141,141,1.0,FRC3,False
2026-02-10T08:01:51.612039,Park_Street,22.5535,88.3531,11,19,598,346,0.61,FRC4,False
2026-02-10T08:01:52.767784,Howrah_Bridge,22.5851,88.3467,13,24,976,528,1.0,FRC3,False
2026-02-10T08:01:53.925678,Gariahat,22.5189,88.3647,13,22,688,406,0.999143,FRC7,False
2026-02-10T08:01:55.087831,Salt_Lake_V,22.5744,88.4323,18,24,540,405,0.933924,FRC5,False
2026-02-10T08:02:56.295790,EM_Bypass_North,22.5726,88.3639,23,23,141,141,1.0,FRC3,False
2026-02-10T08:02:57.467350,Park_Street,22.5535,88.3531,11,19,598,346,0.59884,FRC4,False
2026-02-10T08:02:58.624572,Howrah_Bridge,22.5851,88.3467,14,24,906,528,1.0,FRC3,False
2026-02-10T08:02:59.779117,Gariahat,22.5189,88.3647,13,22,688,406,0.999143,FRC7,False
2026-02-10T08:03:00.935604,Salt_Lake_V,22.5744,88.4323,20,24,486,405,0.935497,FRC5,False
2026-02-10T08:04:03.146268,EM_Bypass_North,22.5726,88.3639,23,23,141,141,1.0,FRC3,False
2026-02-10T08:04:04.300951,Park_Street,22.5535,88.3531,11,19,598,346,0.591768,FRC4,False
2026-02-10T08:04:05.458109,Howrah_Bridge,22.5851,88.3467,14,24,906,528,0.998871,FRC3,False
2026-02-10T08:04:06.616189,Gariahat,22.5189,88.3647,13,21,688,426,0.999143,FRC7,False
2026-02-10T08:04:07.771447,Salt_Lake_V,22.5744,88.4323,20,24,486,405,0.935497,FRC5,False
2026-02-10T08:05:08.984934,EM_Bypass_North,22.5726,88.3639,23,23,141,141,1.0,FRC3,False
2026-02-10T08:05:10.142428,Park_Street,22.5535,88.3531,12,18,548,365,0.592376,FRC4,False
2026-02-10T08:05:11.297334,Howrah_Bridge,22.5851,88.3467,13,24,976,528,1.0,FRC3,False
2026-02-10T08:05:12.449447,Gariahat,22.5189,88.3647,13,22,688,406,1.0,FRC7,False
2026-02-10T08:05:13.627126,Salt_Lake_V,22.5744,88.4323,17,24,572,405,0.932436,FRC5,False
2026-02-10T08:06:14.837919,EM_Bypass_North,22.5726,88.3639,23,23,141,141,1.0,FRC3,False
2026-02-10T08:06:15.999885,Park_Street,22.5535,88.3531,12,18,548,365,0.592376,FRC4,False
2026-02-10T08:06:17.158131,Howrah_Bridge,22.5851,88.3467,12,24,1057,528,1.0,FRC3,False
2026-02-10T08:06:18.311067,Gariahat,22.5189,88.3647,13,22,688,406,1.0,FRC7,False
2026-02-10T08:06:19.469218,Salt_Lake_V,22.5744,88.4323,17,24,572,405,0.942831,FRC5,False
2026-02-10T08:07:20.679750,EM_Bypass_North,22.5726,88.3639,23,23,141,141,1.0,FRC3,False
2026-02-10T08:07:21.840825,Park_Street,22.5535,88.3531,12,18,548,365,0.584145,FRC4,False
2026-02-10T08:07:22.999257,Howrah_Bridge,22.5851,88.3467,11,24,1154,528,0.998871,FRC3,False
2026-02-10T08:07:24.160943,Gariahat,22.5189,88.3647,13,22,688,406,1.0,FRC7,False
2026-02-10T08:07:25.320891,Salt_Lake_V,22.5744,88.4323,16,24,607,405,0.943364,FRC5,False
2026-02-10T08:08:26.533303,EM_Bypass_North,22.5726,88.3639,23,23,141,141,1.0,FRC3,False
2026-02-10T08:08:27.686071,Park_Street,22.5535,88.3531,13,18,506,365,0.614696,FRC4,False
2026-02-10T08:08:28.846290,Howrah_Bridge,22.5851,88.3467,12,24,1057,528,1.0,FRC3,False
2026-02-10T08:08:30.016361,Gariahat,22.5189,88.3647,12,21,745,426,1.0,FRC7,False
2026-02-10T08:08:31.179703,Salt_Lake_V,22.5744,88.4323,16,24,607,405,0.94179,FRC5,False
2026-02-10T08:09:32.441721,EM_Bypass_North,22.5726,88.3639,23,23,141,141,1.0,FRC3,False
2026-02-10T08:09:33.597042,Park_Street,22.5535,88.3531,13,18,506,365,0.623536,FRC4,False
2026-02-10T08:09:34.763299,Howrah_Bridge,22.5851,88.3467,12,24,1057,528,0.998934,FRC3,False
2026-02-10T08:09:35.918292,Gariahat,22.5189,88.3647,13,22,688,406,1.0,FRC7,False
2026-02-10T08:09:37.076955,Salt_Lake_V,22.5744,88.4323,16,24,607,405,0.942831,FRC5,False
2026-02-10T08:10:38.294460,EM_Bypass_North,22.5726,88.3639,23,23,141,141,1.0,FRC3,False
2026-02-10T08:10:39.451292,Park_Street,22.5535,88.3531,14,18,470,365,0.6,FRC4,False
2026-02-10T08:10:40.610685,Howrah_Bridge,22.5851,88.3467,14,24,906,528,0.99842,FRC3,False
2026-02-10T08:10:41.763442,Gariahat,22.5189,88.3647,14,22,639,406,0.99743,FRC7,False
2026-02-10T08:10:42.921543,Salt_Lake_V,22.5744,88.4323,18,24,540,405,0.949657,FRC5,False
2026-02-10T08:11:44.131294,EM_Bypass_North,22.5726,88.3639,23,23,141,141,1.0,FRC3,False
2026-02-10T08:11:45.287505,Park_Street,22.5535,88.3531,14,19,470,346,0.58,FRC4,False
2026-02-10T08:11:46.440675,Howrah_Bridge,22.5851,88.3467,13,23,976,551,1.0,FRC3,False
2026-02-10T08:11:47.600021,Gariahat,22.5189,88.3647,14,21,639,426,0.99743,FRC7,False
2026-02-10T08:11:48.759875,Salt_Lake_V,22.5744,88.4323,18,24,540,405,0.937633,FRC5,False
2026-02-10T08:12:49.983106,EM_Bypass_North,22.5726,88.3639,23,23,141,141,1.0,FRC3,False
2026-02-10T08:12:51.139788,Park_Street,22.5535,88.3531,14,19,470,346,0.58,FRC4,False
2026-02-10T08:12:52.297632,Howrah_Bridge,22.5851,88.3467,15,24,846,528,1.0,FRC3,False
2026-02-10T08:12:53.447345,Gariahat,22.5189,88.3647,14,22,639,406,0.99743,FRC7,False
2026-02-10T08:12:54.650114,Salt_Lake_V,22.5744,88.4323,17,24,572,405,0.95123,FRC5,False
2026-02-10T08:13:55.865612,EM_Bypass_North,22.5726,88.3639,23,23,141,141,1.0,FRC3,False
2026-02-10T08:13:57.019575,Park_Street,22.5535,88.3531,14,19,470,346,0.61,FRC4,False
2026-02-10T08:13:58.187330,Howrah_Bridge,22.5851,88.3467,15,24,846,528,0.998171,FRC3,False
2026-02-10T08:13:59.343874,Gariahat,22.5189,88.3647,15,22,596,406,0.996573,FRC7,False
2026-02-10T08:14:00.496897,Salt_Lake_V,22.5744,88.4323,16,24,607,405,0.949657,FRC5,False
2026-02-10T08:15:01.705890,EM_Bypass_North,22.5726,88.3639,23,23,141,141,1.0,FRC3,False
2026-02-10T08:15:02.863591,Park_Street,22.5535,88.3531,14,18,470,365,0.620066,FRC4,False
2026-02-10T08:15:04.020881,Howrah_Bridge,22.5851,88.3467,13,23,976,551,0.998171,FRC3,False
2026-02-10T08:15:05.181983,Gariahat,22.5189,88.3647,15,22,596,406,0.996573,FRC7,False
2026-02-10T08:15:06.339988,Salt_Lake_V,22.5744,88.4323,16,24,607,405,0.94651,FRC5,False
2026-02-10T08:16:07.546494,EM_Bypass_North,22.5726,88.3639,14,22,231,147,0.589398,FRC3,False
2026-02-10T08:16:08.704213,Park_Street,22.5535,88.3531,13,19,506,346,0.67,FRC4,False
2026-02-10T08:16:09.863157,Howrah_Bridge,22.5851,88.3467,14,24,906,528,0.9989,FRC3,False
2026-02-10T08:16:11.017670,Gariahat,22.5189,88.3647,15,22,596,406,0.995571,FRC7,False
2026-02-10T08:16:12.179328,Salt_Lake_V,22.5744,88.4323,16,24,607,405,0.940217,FRC5,False
2026-02-10T08:17:13.394026,EM_Bypass_North,22.5726,88.3639,14,22,231,147,0.589398,FRC3,False
2026-02-10T08:17:14.558303,Park_Street,22.5535,88.3531,13,19,506,346,0.68,FRC4,False
2026-02-10T08:17:15.726745,Howrah_Bridge,22.5851,88.3467,13,23,976,551,1.0,FRC3,False
2026-02-10T08:17:16.880126,Gariahat,22.5189,88.3647,15,22,596,406,0.996428,FRC7,False
2026-02-10T08:17:18.033603,Salt_Lake_V,22.5744,88.4323,16,24,607,405,0.93241,FRC5,False
2026-02-10T08:18:19.246653,EM_Bypass_North,22.5726,88.3639,14,22,231,147,0.589398,FRC3,False
2026-02-10T08:18:20.404363,Park_Street,22.5535,88.3531,11,18,598,365,0.7,FRC4,False
2026-02-10T08:18:21.562522,Howrah_Bridge,22.5851,88.3467,14,23,906,551,1.0,FRC3,False
2026-02-10T08:18:22.728120,Gariahat,22.5189,88.3647,15,22,596,406,0.995571,FRC7,False
2026-02-10T08:18:23.886389,Salt_Lake_V,22.5744,88.4323,17,24,572,405,0.942831,FRC5,False
2026-02-10T08:19:25.138567,EM_Bypass_North,22.5726,88.3639,14,22,231,147,0.589398,FRC3,False
2026-02-10T08:19:26.293359,Park_Street,22.5535,88.3531,11,19,598,346,0.69,FRC4,False
2026-02-10T08:19:27.450046,Howrah_Bridge,22.5851,88.3467,14,23,906,551,1.0,FRC3,False
2026-02-10T08:19:28.619855,Gariahat,22.5189,88.3647,15,22,596,406,0.996428,FRC7,False
2026-02-10T08:19:29.775511,Salt_Lake_V,22.5744,88.4323,17,25,572,389,0.935497,FRC5,False
2026-02-10T08:20:30.995123,EM_Bypass_North,22.5726,88.3639,10,23,324,141,0.6,FRC3,False
2026-02-10T08:20:32.149303,Park_Street,22.5535,88.3531,11,19,598,346,0.69,FRC4,False
2026-02-10T08:20:33.303413,Howrah_Bridge,22.5851,88.3467,15,24,846,528,0.998301,FRC3,False
2026-02-10T08:20:34.467032,Gariahat,22.5189,88.3647,16,22,559,406,0.996428,FRC7,False
2026-02-10T08:20:35.626696,Salt_Lake_V,22.5744,88.4323,17,24,572,405,0.927239,FRC5,False
2026-02-10T08:21:36.852898,EM_Bypass_North,22.5726,88.3639,10,23,324,141,0.6,FRC3,False
2026-02-10T08:21:38.010363,Park_Street,22.5535,88.3531,11,19,598,346,0.69,FRC4,False
2026-02-10T08:21:39.169681,Howrah_Bridge,22.5851,88.3467,15,24,846,528,0.998301,FRC3,False
2026-02-10T08:21:40.323710,Gariahat,22.5189,88.3647,16,21,559,426,0.995519,FRC7,False
2026-02-10T08:21:41.479562,Salt_Lake_V,22.5744,88.4323,16,24,607,405,0.935497,FRC5,False
2026-02-10T08:22:42.678031,EM_Bypass_North,22.5726,88.3639,10,23,324,141,0.6,FRC3,False
2026-02-10T08:22:43.837637,Park_Street,22.5535,88.3531,11,19,598,346,0.69,FRC4,False
2026-02-10T08:22:44.996419,Howrah_Bridge,22.5851,88.3467,14,24,906,528,0.998301,FRC3,False
2026-02-10T08:22:46.152712,Gariahat,22.5189,88.3647,17,22,526,406,0.995519,FRC7,False
2026-02-10T08:22:47.308816,Salt_Lake_V,22.5744,88.4323,14,24,694,405,0.927339,FRC5,False
2026-02-10T08:23:48.523709,EM_Bypass_North,22.5726,88.3639,10,23,324,141,0.6,FRC3,False
2026-02-10T08:23:49.675960,Park_Street,22.5535,88.3531,11,19,598,346,0.69,FRC4,False
2026-02-10T08:23:50.833597,Howrah_Bridge,22.5851,88.3467,14,24,906,528,0.997876,FRC3,False
2026-02-10T08:23:51.991803,Gariahat,22.5189,88.3647,16,22,559,406,0.995519,FRC7,False
2026-02-10T08:23:53.149977,Salt_Lake_V,22.5744,88.4323,16,24,607,405,0.927239,FRC5,False
2026-02-10T08:24:54.362055,EM_Bypass_North,22.5726,88.3639,10,23,324,141,0.6,FRC3,False
2026-02-10T08:24:55.518543,Park_Street,22.5535,88.3531,11,19,598,346,0.69,FRC4,False
2026-02-10T08:24:56.675989,Howrah_Bridge,22.5851,88.3467,15,24,846,528,0.997436,FRC3,False
2026-02-10T08:24:57.831156,Gariahat,22.5189,88.3647,16,22,559,406,0.99743,FRC7,False
2026-02-10T08:24:58.983217,Salt_Lake_V,22.5744,88.4323,14,24,694,405,0.927239,FRC5,False
2026-02-10T08:26:00.193642,EM_Bypass_North,22.5726,88.3639,10,23,324,141,0.6,FRC3,False
2026-02-10T08:26:01.355618,Park_Street,22.5535,88.3531,11,19,598,346,0.68,FRC4,False
2026-02-10T08:26:02.519325,Howrah_Bridge,22.5851,88.3467,14,24,906,528,0.999146,FRC3,False
2026-02-10T08:26:03.676185,Gariahat,22.5189,88.3647,17,22,526,406,0.994759,FRC7,False
2026-02-10T08:26:04.843387,Salt_Lake_V,22.5744,88.4323,17,24,572,405,0.935497,FRC5,False
2026-02-10T08:27:06.049705,EM_Bypass_North,22.5726,88.3639,10,23,324,141,0.59,FRC3,False
2026-02-10T08:27:07.201857,Park_Street,22.5535,88.3531,11,19,598,346,0.65,FRC4,False
2026-02-10T08:27:08.356158,Howrah_Bridge,22.5851,88.3467,14,24,906,528,0.999146,FRC3,False
2026-02-10T08:27:09.515487,Gariahat,22.5189,88.3647,17,23,526,389,0.993902,FRC7,False
2026-02-10T08:27:10.672815,Salt_Lake_V,22.5744,88.4323,17,24,572,405,0.932436,FRC5,False
2026-02-10T08:28:11.902579,EM_Bypass_North,22.5726,88.3639,10,23,324,141,0.59,FRC3,False
2026-02-10T08:28:13.057140,Park_Street,22.5535,88.3531,11,19,598,346,0.65,FRC4,False
2026-02-10T08:28:14.213485,Howrah_Bridge,22.5851,88.3467,14,24,906,528,0.999146,FRC3,False
2026-02-10T08:28:15.374302,Gariahat,22.5189,88.3647,16,22,559,406,0.995716,FRC7,False
2026-02-10T08:28:16.525323,Salt_Lake_V,22.5744,88.4323,17,24,572,405,0.933924,FRC5,False
2026-02-10T08:29:17.748949,EM_Bypass_North,22.5726,88.3639,10,23,324,141,0.59,FRC3,False
2026-02-10T08:29:18.904198,Park_Street,22.5535,88.3531,11,18,598,365,0.65,FRC4,False
2026-02-10T08:29:20.059042,Howrah_Bridge,22.5851,88.3467,13,23,976,551,1.0,FRC3,False
2026-02-10T08:29:21.217954,Gariahat,22.5189,88.3647,16,22,559,406,0.994859,FRC7,False
2026-02-10T08:29:22.376688,Salt_Lake_V,22.5744,88.4323,18,25,540,389,0.933924,FRC5,False
2026-02-10T08:30:23.589691,EM_Bypass_North,22.5726,88.3639,10,23,324,141,0.59,FRC3,False
2026-02-10T08:30:24.751724,Park_Street,22.5535,88.3531,11,18,598,365,0.65,FRC4,False
2026-02-10T08:30:25.910642,Howrah_Bridge,22.5851,88.3467,14,24,906,528,0.998477,FRC3,False
2026-02-10T08:30:27.062293,Gariahat,22.5189,88.3647,16,22,559,406,0.995716,FRC7,False
2026-02-10T08:30:28.214995,Salt_Lake_V,22.5744,88.4323,18,24,540,405,0.933924,FRC5,False
2026-02-10T08:31:29.427280,EM_Bypass_North,22.5726,88.3639,10,23,324,141,0.59,FRC3,False
2026-02-10T08:31:30.583259,Park_Street,22.5535,88.3531,11,18,598,365,0.639922,FRC4,False
2026-02-10T08:31:31.741011,Howrah_Bridge,22.5851,88.3467,13,23,976,551,0.998171,FRC3,False
2026-02-10T08:31:32.896828,Gariahat,22.5189,88.3647,15,21,596,426,0.995716,FRC7,False
2026-02-10T08:31:34.055589,Salt_Lake_V,22.5744,88.4323,18,24,540,405,0.927239,FRC5,False
2026-02-10T08:32:35.258716,EM_Bypass_North,22.5726,88.3639,10,23,324,141,0.59,FRC3,False
2026-02-10T08:32:36.409122,Park_Street,22.5535,88.3531,12,19,548,346,0.632859,FRC4,False
2026-02-10T08:32:37.564804,Howrah_Bridge,22.5851,88.3467,14,24,906,528,0.998477,FRC3,False
2026-02-10T08:32:38.736450,Gariahat,22.5189,88.3647,15,21,596,426,0.995716,FRC7,False
2026-02-10T08:32:39.897015,Salt_Lake_V,22.5744,88.4323,17,23,572,422,0.932436,FRC5,False
2026-02-10T08:33:41.105128,EM_Bypass_North,22.5726,88.3639,10,23,324,141,0.59,FRC3,False
2026-02-10T08:33:42.263954,Park_Street,22.5535,88.3531,10,19,658,346,0.646985,FRC4,False
2026-02-10T08:33:43.446654,Howrah_Bridge,22.5851,88.3467,14,24,906,528,0.998477,FRC3,False
2026-02-10T08:33:44.609380,Gariahat,22.5189,88.3647,15,22,596,406,0.997357,FRC7,False
2026-02-10T08:33:45.763805,Salt_Lake_V,22.5744,88.4323,17,23,572,422,0.932436,FRC5,False
2026-02-10T08:34:46.967524,EM_Bypass_North,22.5726,88.3639,15,22,216,147,0.561747,FRC3,False
2026-02-10T08:34:48.120711,Park_Street,22.5535,88.3531,10,18,658,365,0.639922,FRC4,False
2026-02-10T08:34:49.278237,Howrah_Bridge,22.5851,88.3467,14,24,906,528,0.998063,FRC3,False
2026-02-10T08:34:50.432744,Gariahat,22.5189,88.3647,16,22,559,406,0.99817,FRC7,False
2026-02-10T08:34:51.588638,Salt_Lake_V,22.5744,88.4323,18,23,540,422,0.919265,FRC5,False
2026-02-10T08:35:52.843285,EM_Bypass_North,22.5726,88.3639,15,22,216,147,0.561747,FRC3,False
2026-02-10T08:35:53.995904,Park_Street,22.5535,88.3531,10,18,658,365,0.639922,FRC4,False
2026-02-10T08:35:55.153149,Howrah_Bridge,22.5851,88.3467,15,23,846,551,0.998063,FRC3,False
2026-02-10T08:35:56.308493,Gariahat,22.5189,88.3647,17,23,526,389,0.996339,FRC7,False
2026-02-10T08:35:57.468024,Salt_Lake_V,22.5744,88.4323,17,23,572,422,0.919265,FRC5,False
2026-02-10T08:36:58.721602,EM_Bypass_North,22.5726,88.3639,15,22,216,147,0.561747,FRC3,False
2026-02-10T08:36:59.877492,Park_Street,22.5535,88.3531,10,18,658,365,0.639922,FRC4,False
2026-02-10T08:37:01.034871,Howrah_Bridge,22.5851,88.3467,14,23,906,551,1.0,FRC3,False
2026-02-10T08:37:02.192728,Gariahat,22.5189,88.3647,16,22,559,406,0.996339,FRC7,False
2026-02-10T08:37:03.348117,Salt_Lake_V,22.5744,88.4323,18,25,540,389,0.930778,FRC5,False
2026-02-10T08:38:04.591395,EM_Bypass_North,22.5726,88.3639,15,22,216,147,0.561747,FRC3,False
2026-02-10T08:38:05.767211,Park_Street,22.5535,88.3531,10,18,658,365,0.625797,FRC4,False
2026-02-10T08:38:06.924714,Howrah_Bridge,22.5851,88.3467,14,24,906,528,1.0,FRC3,False
2026-02-10T08:38:08.092754,Gariahat,22.5189,88.3647,17,22,526,406,0.996573,FRC7,False
2026-02-10T08:38:09.251191,Salt_Lake_V,22.5744,88.4323,19,25,511,389,0.930778,FRC5,False
2026-02-10T08:39:10.475931,EM_Bypass_North,22.5726,88.3639,15,22,216,147,0.561747,FRC3,False
2026-02-10T08:39:11.631717,Park_Street,22.5535,88.3531,10,19,658,346,0.632859,FRC4,False
2026-02-10T08:39:12.787917,Howrah_Bridge,22.5851,88.3467,14,23,906,551,1.0,FRC3,False
2026-02-10T08:39:13.948503,Gariahat,22.5189,88.3647,17,22,526,406,0.994859,FRC7,False
2026-02-10T08:39:15.098600,Salt_Lake_V,22.5744,88.4323,19,24,511,405,0.929205,FRC5,False
2026-02-10T08:40:16.338633,EM_Bypass_North,22.5726,88.3639,15,22,216,147,0.561747,FRC3,False
2026-02-10T08:40:17.492528,Park_Street,22.5535,88.3531,11,19,598,346,0.65,FRC4,False
2026-02-10T08:40:18.647701,Howrah_Bridge,22.5851,88.3467,14,24,906,528,0.998871,FRC3,False
2026-02-10T08:40:19.808892,Gariahat,22.5189,88.3647,17,22,526,406,0.994859,FRC7,False
2026-02-10T08:40:20.964237,Salt_Lake_V,22.5744,88.4323,19,24,511,405,0.929205,FRC5,False
2026-02-10T08:41:22.173077,EM_Bypass_North,22.5726,88.3639,15,22,216,147,0.555573,FRC3,False
2026-02-10T08:41:23.328747,Park_Street,22.5535,88.3531,11,18,598,365,0.64,FRC4,False
2026-02-10T08:41:24.482495,Howrah_Bridge,22.5851,88.3467,14,23,906,551,0.998437,FRC3,False
2026-02-10T08:41:25.634308,Gariahat,22.5189,88.3647,17,21,526,426,0.996339,FRC7,False
2026-02-10T08:41:26.793003,Salt_Lake_V,22.5744,88.4323,18,23,540,422,0.935412,FRC5,False
2026-02-10T08:42:28.000881,EM_Bypass_North,22.5726,88.3639,16,22,202,147,0.549398,FRC3,False
2026-02-10T08:42:29.160024,Park_Street,22.5535,88.3531,9,20,731,329,0.62,FRC4,False
2026-02-10T08:42:30.315382,Howrah_Bridge,22.5851,88.3467,13,24,976,528,1.0,FRC3,False
2026-02-10T08:42:31.469487,Gariahat,22.5189,88.3647,16,22,559,406,0.996339,FRC7,False
2026-02-10T08:42:32.628632,Salt_Lake_V,22.5744,88.4323,19,24,511,405,0.927239,FRC5,False
2026-02-10T08:43:33.830479,EM_Bypass_North,22.5726,88.3639,16,22,202,147,0.549398,FRC3,False
2026-02-10T08:43:34.986693,Park_Street,22.5535,88.3531,8,18,822,365,0.62,FRC4,False
2026-02-10T08:43:36.143519,Howrah_Bridge,22.5851,88.3467,12,24,1057,528,1.0,FRC3,False
2026-02-10T08:43:37.302477,Gariahat,22.5189,88.3647,16,22,559,406,0.992759,FRC7,False
2026-02-10T08:43:38.458652,Salt_Lake_V,22.5744,88.4323,19,24,511,405,0.92062,FRC5,False
2026-02-10T08:44:39.659703,EM_Bypass_North,22.5726,88.3639,15,22,216,147,0.543223,FRC3,False
2026-02-10T08:44:40.813542,Park_Street,22.5535,88.3531,8,18,822,365,0.6,FRC4,False
2026-02-10T08:44:41.976543,Howrah_Bridge,22.5851,88.3467,13,24,976,528,1.0,FRC3,False
2026-02-10T08:44:43.145972,Gariahat,22.5189,88.3647,15,21,596,426,0.992759,FRC7,False
2026-02-10T08:44:44.298502,Salt_Lake_V,22.5744,88.4323,18,24,540,405,0.932436,FRC5,False
2026-02-10T08:45:45.534151,EM_Bypass_North,22.5726,88.3639,15,22,216,147,0.543223,FRC3,False
2026-02-10T08:45:46.693114,Park_Street,22.5535,88.3531,8,18,822,365,0.59,FRC4,False
2026-02-10T08:45:47.847285,Howrah_Bridge,22.5851,88.3467,14,24,906,528,1.0,FRC3,False
2026-02-10T08:45:49.001361,Gariahat,22.5189,88.3647,15,21,596,426,0.992759,FRC7,False
2026-02-10T08:45:50.155986,Salt_Lake_V,22.5744,88.4323,19,24,511,405,0.927235,FRC5,False
2026-02-10T08:46:51.397838,EM_Bypass_North,22.5726,88.3639,18,22,180,147,0.524522,FRC3,False
2026-02-10T08:46:52.557033,Park_Street,22.5535,88.3531,9,20,731,329,0.58,FRC4,False
2026-02-10T08:46:53.711513,Howrah_Bridge,22.5851,88.3467,13,24,976,528,0.99899,FRC3,False
2026-02-10T08:46:54.874453,Gariahat,22.5189,88.3647,16,22,559,406,0.99817,FRC7,False
2026-02-10T08:46:56.032745,Salt_Lake_V,22.5744,88.4323,18,24,540,405,0.924485,FRC5,False
2026-02-10T08:47:57.239750,EM_Bypass_North,22.5726,88.3639,18,22,180,147,0.524522,FRC3,False
2026-02-10T08:47:58.411393,Park_Street,22.5535,88.3531,9,19,731,346,0.6,FRC4,False
2026-02-10T08:47:59.570701,Howrah_Bridge,22.5851,88.3467,14,24,906,528,0.99899,FRC3,False
2026-02-10T08:48:00.726220,Gariahat,22.5189,88.3647,16,22,559,406,0.995716,FRC7,False
2026-02-10T08:48:01.885716,Salt_Lake_V,22.5744,88.4323,19,24,511,405,0.935412,FRC5,False
2026-02-10T08:49:03.097767,EM_Bypass_North,22.5726,88.3639,23,23,141,141,1.0,FRC3,False
2026-02-10T08:49:04.255879,Park_Street,22.5535,88.3531,9,19,731,346,0.6,FRC4,False
2026-02-10T08:49:05.413933,Howrah_Bridge,22.5851,88.3467,13,24,976,528,0.998871,FRC3,False
2026-02-10T08:49:06.569781,Gariahat,22.5189,88.3647,15,22,596,406,0.996573,FRC7,False
2026-02-10T08:49:07.731671,Salt_Lake_V,22.5744,88.4323,19,23,511,422,0.935412,FRC5,False
2026-02-10T08:50:08.991787,EM_Bypass_North,22.5726,88.3639,23,23,141,141,1.0,FRC3,False
2026-02-10T08:50:10.144861,Park_Street,22.5535,88.3531,9,19,731,346,0.6,FRC4,False
2026-02-10T08:50:11.305325,Howrah_Bridge,22.5851,88.3467,13,24,976,528,1.0,FRC3,False
2026-02-10T08:50:12.461864,Gariahat,22.5189,88.3647,16,22,559,406,0.993576,FRC7,False
2026-02-10T08:50:13.619629,Salt_Lake_V,22.5744,88.4323,20,24,486,405,0.927339,FRC5,False
2026-02-10T08:51:14.874004,EM_Bypass_North,22.5726,88.3639,23,23,141,141,1.0,FRC3,False
2026-02-10T08:51:16.028063,Park_Street,22.5535,88.3531,9,18,731,365,0.585576,FRC4,False
2026-02-10T08:51:17.181647,Howrah_Bridge,22.5851,88.3467,12,23,1057,551,1.0,FRC3,False
2026-02-10T08:51:18.340419,Gariahat,22.5189,88.3647,16,22,559,406,0.995716,FRC7,False
2026-02-10T08:51:19.495461,Salt_Lake_V,22.5744,88.4323,19,24,511,405,0.935412,FRC5,False
2026-02-10T08:52:20.716132,EM_Bypass_North,22.5726,88.3639,23,23,141,141,1.0,FRC3,False
2026-02-10T08:52:21.887242,Park_Street,22.5535,88.3531,9,18,731,365,0.585576,FRC4,False
2026-02-10T08:52:23.043619,Howrah_Bridge,22.5851,88.3467,13,24,976,528,1.0,FRC3,False
2026-02-10T08:52:24.207179,Gariahat,22.5189,88.3647,16,22,559,406,0.992759,FRC7,False
2026-02-10T08:52:25.368700,Salt_Lake_V,22.5744,88.4323,17,24,572,405,0.935412,FRC5,False
2026-02-10T08:53:26.620586,EM_Bypass_North,22.5726,88.3639,23,23,141,141,1.0,FRC3,False
2026-02-10T08:53:27.776021,Park_Street,22.5535,88.3531,9,18,731,365,0.583974,FRC4,False
2026-02-10T08:53:28.937595,Howrah_Bridge,22.5851,88.3467,13,24,976,528,1.0,FRC3,False
2026-02-10T08:53:30.091957,Gariahat,22.5189,88.3647,16,22,559,406,0.995716,FRC7,False
2026-02-10T08:53:31.249644,Salt_Lake_V,22.5744,88.4323,19,24,511,405,0.937633,FRC5,False
2026-02-10T08:54:32.465124,EM_Bypass_North,22.5726,88.3639,23,23,141,141,1.0,FRC3,False
2026-02-10T08:54:33.624703,Park_Street,22.5535,88.3531,9,19,731,346,0.617563,FRC4,False
2026-02-10T08:54:34.778532,Howrah_Bridge,22.5851,88.3467,13,23,976,551,1.0,FRC3,False
2026-02-10T08:54:35.935360,Gariahat,22.5189,88.3647,17,21,526,426,0.994859,FRC7,False
2026-02-10T08:54:37.092024,Salt_Lake_V,22.5744,88.4323,17,25,572,389,0.924485,FRC5,False
2026-02-10T08:55:38.335871,EM_Bypass_North,22.5726,88.3639,23,23,141,141,1.0,FRC3,False
2026-02-10T08:55:39.498958,Park_Street,22.5535,88.3531,9,19,731,346,0.617563,FRC4,False
2026-02-10T08:55:40.658225,Howrah_Bridge,22.5851,88.3467,13,23,976,551,1.0,FRC3,False
2026-02-10T08:55:41.814284,Gariahat,22.5189,88.3647,17,22,526,406,0.992759,FRC7,False
2026-02-10T08:55:42.968543,Salt_Lake_V,22.5744,88.4323,17,25,572,389,0.926058,FRC5,False
2026-02-10T08:56:44.176137,EM_Bypass_North,22.5726,88.3639,23,23,141,141,1.0,FRC3,False
2026-02-10T08:56:45.339479,Park_Street,22.5535,88.3531,9,18,731,365,0.617563,FRC4,False
2026-02-10T08:56:46.504382,Howrah_Bridge,22.5851,88.3467,14,24,906,528,1.0,FRC3,False
2026-02-10T08:56:47.660996,Gariahat,22.5189,88.3647,17,22,526,406,0.994859,FRC7,False
2026-02-10T08:56:48.816307,Salt_Lake_V,22.5744,88.4323,19,24,511,405,0.933924,FRC5,False
2026-02-10T08:57:50.019264,EM_Bypass_North,22.5726,88.3639,23,23,141,141,1.0,FRC3,False
2026-02-10T08:57:51.173432,Park_Street,22.5535,88.3531,9,18,731,365,0.634358,FRC4,False
2026-02-10T08:57:52.334316,Howrah_Bridge,22.5851,88.3467,12,24,1057,528,1.0,FRC3,False
2026-02-10T08:57:53.497304,Gariahat,22.5189,88.3647,17,22,526,406,0.994859,FRC7,False
2026-02-10T08:57:54.657750,Salt_Lake_V,22.5744,88.4323,24,24,405,405,1.0,FRC5,False
2026-02-10T08:58:55.871616,EM_Bypass_North,22.5726,88.3639,23,23,141,141,1.0,FRC3,False
2026-02-10T08:58:57.023899,Park_Street,22.5535,88.3531,9,18,731,365,0.625961,FRC4,False
2026-02-10T08:58:58.180130,Howrah_Bridge,22.5851,88.3467,13,24,976,528,1.0,FRC3,False
2026-02-10T08:58:59.337657,Gariahat,22.5189,88.3647,17,22,526,406,0.994859,FRC7,False
2026-02-10T08:59:00.501972,Salt_Lake_V,22.5744,88.4323,24,24,405,405,1.0,FRC5,False
2026-02-10T09:00:01.760276,EM_Bypass_North,22.5726,88.3639,23,23,141,141,1.0,FRC3,False
2026-02-10T09:00:02.918179,Park_Street,22.5535,88.3531,9,18,731,365,0.609166,FRC4,False
2026-02-10T09:00:04.071561,Howrah_Bridge,22.5851,88.3467,13,24,976,528,1.0,FRC3,False
2026-02-10T09:00:05.223524,Gariahat,22.5189,88.3647,16,22,559,406,0.994859,FRC7,False
2026-02-10T09:00:06.376580,Salt_Lake_V,22.5744,88.4323,17,24,572,405,0.929205,FRC5,False
2026-02-10T09:01:07.589288,EM_Bypass_North,22.5726,88.3639,23,23,141,141,1.0,FRC3,False
2026-02-10T09:01:08.745621,Park_Street,22.5535,88.3531,9,18,731,365,0.609166,FRC4,False
2026-02-10T09:01:09.904147,Howrah_Bridge,22.5851,88.3467,13,23,976,551,1.0,FRC3,False
2026-02-10T09:01:11.058616,Gariahat,22.5189,88.3647,17,21,526,426,0.994859,FRC7,False
2026-02-10T09:01:12.213637,Salt_Lake_V,22.5744,88.4323,17,24,572,405,0.929205,FRC5,False
2026-02-10T09:02:13.446123,EM_Bypass_North,22.5726,88.3639,23,23,141,141,1.0,FRC3,False
2026-02-10T09:02:14.601880,Park_Street,22.5535,88.3531,9,18,731,365,0.609166,FRC4,False
2026-02-10T09:02:15.757312,Howrah_Bridge,22.5851,88.3467,14,24,906,528,1.0,FRC3,False
2026-02-10T09:02:16.914203,Gariahat,22.5189,88.3647,18,21,497,426,0.994859,FRC7,False
2026-02-10T09:02:18.064400,Salt_Lake_V,22.5744,88.4323,17,24,572,405,0.929205,FRC5,False
2026-02-10T09:03:19.270180,EM_Bypass_North,22.5726,88.3639,23,23,141,141,1.0,FRC3,False
2026-02-10T09:03:20.425012,Park_Street,22.5535,88.3531,9,19,731,346,0.617563,FRC4,False
2026-02-10T09:03:21.590735,Howrah_Bridge,22.5851,88.3467,14,23,906,551,1.0,FRC3,False
2026-02-10T09:03:22.749459,Gariahat,22.5189,88.3647,18,22,497,406,0.994859,FRC7,False
2026-02-10T09:03:23.905836,Salt_Lake_V,22.5744,88.4323,19,24,511,405,0.929205,FRC5,False
2026-02-10T09:04:25.138851,EM_Bypass_North,22.5726,88.3639,23,23,141,141,1.0,FRC3,False
2026-02-10T09:04:26.290603,Park_Street,22.5535,88.3531,9,18,731,365,0.617563,FRC4,False
2026-02-10T09:04:27.448908,Howrah_Bridge,22.5851,88.3467,13,24,976,528,1.0,FRC3,False
2026-02-10T09:04:28.601548,Gariahat,22.5189,88.3647,18,22,497,406,0.994859,FRC7,False
2026-02-10T09:04:29.755566,Salt_Lake_V,22.5744,88.4323,18,23,540,422,0.943486,FRC5,False
2026-02-10T09:05:31.027364,EM_Bypass_North,22.5726,88.3639,23,23,141,141,1.0,FRC3,False
2026-02-10T09:05:32.184989,Park_Street,22.5535,88.3531,8,18,822,365,0.65955,FRC4,False
2026-02-10T09:05:33.340930,Howrah_Bridge,22.5851,88.3467,13,23,976,551,1.0,FRC3,False
2026-02-10T09:05:34.498199,Gariahat,22.5189,88.3647,18,23,497,389,0.994859,FRC7,False
2026-02-10T09:05:35.654717,Salt_Lake_V,22.5744,88.4323,18,24,540,405,0.935412,FRC5,False
2026-02-10T09:06:36.907155,EM_Bypass_North,22.5726,88.3639,23,23,141,141,1.0,FRC3,False
2026-02-10T09:06:38.063263,Park_Street,22.5535,88.3531,8,18,822,365,0.65955,FRC4,False
2026-02-10T09:06:39.224784,Howrah_Bridge,22.5851,88.3467,14,24,906,528,1.0,FRC3,False
2026-02-10T09:06:40.379312,Gariahat,22.5189,88.3647,17,22,526,406,0.994859,FRC7,False
2026-02-10T09:06:41.550738,Salt_Lake_V,22.5744,88.4323,24,24,405,405,1.0,FRC5,False
2026-02-10T09:07:42.793559,EM_Bypass_North,22.5726,88.3639,23,23,141,141,1.0,FRC3,False
2026-02-10T09:07:43.948287,Park_Street,22.5535,88.3531,8,19,822,346,0.69,FRC4,False
2026-02-10T09:07:45.103297,Howrah_Bridge,22.5851,88.3467,13,24,976,528,1.0,FRC3,False
2026-02-10T09:07:46.257325,Gariahat,22.5189,88.3647,17,22,526,406,0.995716,FRC7,False
2026-02-10T09:07:47.418569,Salt_Lake_V,22.5744,88.4323,24,24,405,405,1.0,FRC5,False
2026-02-10T09:08:48.632579,EM_Bypass_North,22.5726,88.3639,23,23,141,141,1.0,FRC3,False
2026-02-10T09:08:49.791564,Park_Street,22.5535,88.3531,8,19,822,346,0.67,FRC4,False
2026-02-10T09:08:50.954546,Howrah_Bridge,22.5851,88.3467,14,24,906,528,1.0,FRC3,False
2026-02-10T09:08:52.109233,Gariahat,22.5189,88.3647,16,22,559,406,0.99817,FRC7,False
2026-02-10T09:08:53.265942,Salt_Lake_V,22.5744,88.4323,24,24,405,405,1.0,FRC5,False
2026-02-10T09:09:54.475493,EM_Bypass_North,22.5726,88.3639,23,23,141,141,1.0,FRC3,False
2026-02-10T09:09:55.632323,Park_Street,22.5535,88.3531,8,19,822,346,0.67,FRC4,False
2026-02-10T09:09:56.785722,Howrah_Bridge,22.5851,88.3467,13,24,976,528,1.0,FRC3,False
2026-02-10T09:09:57.946285,Gariahat,22.5189,88.3647,15,21,596,426,1.0,FRC7,False
2026-02-10T09:09:59.116825,Salt_Lake_V,22.5744,88.4323,19,24,511,405,0.929205,FRC5,False
2026-02-10T09:11:00.380237,EM_Bypass_North,22.5726,88.3639,23,23,141,141,1.0,FRC3,False
2026-02-10T09:11:01.543619,Park_Street,22.5535,88.3531,8,18,822,365,0.625458,FRC4,False
2026-02-10T09:11:02.703654,Howrah_Bridge,22.5851,88.3467,14,23,906,551,1.0,FRC3,False
2026-02-10T09:11:03.858867,Gariahat,22.5189,88.3647,15,22,596,406,1.0,FRC7,False
2026-02-10T09:11:05.018395,Salt_Lake_V,22.5744,88.4323,19,24,511,405,0.929205,FRC5,False
2026-02-10T09:12:06.312747,EM_Bypass_North,22.5726,88.3639,23,23,141,141,1.0,FRC3,False
2026-02-10T09:12:07.470735,Park_Street,22.5535,88.3531,8,18,822,365,0.623883,FRC4,False
2026-02-10T09:12:08.638741,Howrah_Bridge,22.5851,88.3467,13,24,976,528,0.999351,FRC3,False
2026-02-10T09:12:09.796821,Gariahat,22.5189,88.3647,14,21,639,426,1.0,FRC7,False
2026-02-10T09:12:10.954895,Salt_Lake_V,22.5744,88.4323,16,24,607,405,0.929205,FRC5,False
2026-02-10T09:13:12.166154,EM_Bypass_North,22.5726,88.3639,23,23,141,141,1.0,FRC3,False
2026-02-10T09:13:13.339966,Park_Street,22.5535,88.3531,8,19,822,346,0.625976,FRC4,False
2026-02-10T09:13:14.501134,Howrah_Bridge,22.5851,88.3467,12,23,1057,551,0.999288,FRC3,False
2026-02-10T09:13:15.657059,Gariahat,22.5189,88.3647,13,21,688,426,1.0,FRC7,False
2026-02-10T09:13:16.816530,Salt_Lake_V,22.5744,88.4323,15,24,648,405,0.930778,FRC5,False
2026-02-10T09:14:18.068995,EM_Bypass_North,22.5726,88.3639,23,23,141,141,1.0,FRC3,False
2026-02-10T09:14:19.226790,Park_Street,22.5535,88.3531,9,18,731,365,0.635976,FRC4,False
2026-02-10T09:14:20.383676,Howrah_Bridge,22.5851,88.3467,13,23,976,551,1.0,FRC3,False
2026-02-10T09:14:21.542740,Gariahat,22.5189,88.3647,13,21,688,426,1.0,FRC7,False
2026-02-10T09:14:22.696680,Salt_Lake_V,22.5744,88.4323,14,24,694,405,0.943486,FRC5,False
2026-02-10T09:15:23.902688,EM_Bypass_North,22.5726,88.3639,23,23,141,141,1.0,FRC3,False
2026-02-10T09:15:25.054742,Park_Street,22.5535,88.3531,9,18,731,365,0.635976,FRC4,False
2026-02-10T09:15:26.215358,Howrah_Bridge,22.5851,88.3467,14,23,906,551,1.0,FRC3,False
2026-02-10T09:15:27.381895,Gariahat,22.5189,88.3647,14,22,639,406,1.0,FRC7,False
2026-02-10T09:15:28.542822,Salt_Lake_V,22.5744,88.4323,15,24,648,405,0.930778,FRC5,False
2026-02-10T09:16:29.752667,EM_Bypass_North,22.5726,88.3639,23,23,141,141,1.0,FRC3,False
2026-02-10T09:16:30.911473,Park_Street,22.5535,88.3531,10,19,658,346,0.644777,FRC4,False
2026-02-10T09:16:32.062344,Howrah_Bridge,22.5851,88.3467,14,23,906,551,1.0,FRC3,False
2026-02-10T09:16:33.231648,Gariahat,22.5189,88.3647,15,22,596,406,0.997325,FRC7,False
2026-02-10T09:16:34.384636,Salt_Lake_V,22.5744,88.4323,16,24,607,405,0.930778,FRC5,False
2026-02-10T09:17:35.644882,EM_Bypass_North,22.5726,88.3639,23,23,141,141,1.0,FRC3,False
2026-02-10T09:17:36.804042,Park_Street,22.5535,88.3531,10,19,658,346,0.644777,FRC4,False
2026-02-10T09:17:37.966640,Howrah_Bridge,22.5851,88.3467,12,24,1057,528,1.0,FRC3,False
2026-02-10T09:17:39.121388,Gariahat,22.5189,88.3647,16,22,559,406,0.996573,FRC7,False
2026-02-10T09:17:40.291255,Salt_Lake_V,22.5744,88.4323,16,24,607,405,0.929205,FRC5,False
2026-02-10T09:18:41.553073,EM_Bypass_North,22.5726,88.3639,23,23,141,141,1.0,FRC3,False
2026-02-10T09:18:42.707255,Park_Street,22.5535,88.3531,9,19,731,346,0.647315,FRC4,False
2026-02-10T09:18:43.865152,Howrah_Bridge,22.5851,88.3467,13,23,976,551,1.0,FRC3,False
2026-02-10T09:18:45.026299,Gariahat,22.5189,88.3647,16,22,559,406,0.996573,FRC7,False
2026-02-10T09:18:46.181979,Salt_Lake_V,22.5744,88.4323,16,24,607,405,0.929205,FRC5,False
2026-02-10T09:19:47.429424,EM_Bypass_North,22.5726,88.3639,23,23,141,141,1.0,FRC3,False
2026-02-10T09:19:48.591623,Park_Street,22.5535,88.3531,9,19,731,346,0.647315,FRC4,False
2026-02-10T09:19:49.749294,Howrah_Bridge,22.5851,88.3467,13,23,976,551,1.0,FRC3,False
2026-02-10T09:19:50.910529,Gariahat,22.5189,88.3647,17,23,526,389,0.995716,FRC7,False
2026-02-10T09:19:52.062952,Salt_Lake_V,22.5744,88.4323,15,24,648,405,0.930778,FRC5,False
2026-02-10T09:20:53.283298,EM_Bypass_North,22.5726,88.3639,23,23,141,141,1.0,FRC3,False
2026-02-10T09:20:54.441681,Park_Street,22.5535,88.3531,10,19,658,346,0.638602,FRC4,False
2026-02-10T09:20:55.611262,Howrah_Bridge,22.5851,88.3467,13,23,976,551,1.0,FRC3,False
2026-02-10T09:20:56.771721,Gariahat,22.5189,88.3647,17,23,526,389,0.995716,FRC7,False
2026-02-10T09:20:57.927400,Salt_Lake_V,22.5744,88.4323,17,24,572,405,0.930778,FRC5,False
2026-02-10T09:21:59.145443,EM_Bypass_North,22.5726,88.3639,23,23,141,141,1.0,FRC3,False
2026-02-10T09:22:00.309243,Park_Street,22.5535,88.3531,10,19,658,346,0.639889,FRC4,False
2026-02-10T09:22:01.468782,Howrah_Bridge,22.5851,88.3467,13,24,976,528,1.0,FRC3,False
2026-02-10T09:22:02.629082,Gariahat,22.5189,88.3647,16,22,559,406,0.995716,FRC7,False
2026-02-10T09:22:03.789531,Salt_Lake_V,22.5744,88.4323,19,24,511,405,0.930778,FRC5,False
2026-02-10T09:23:05.019654,EM_Bypass_North,22.5726,88.3639,23,23,141,141,1.0,FRC3,False
2026-02-10T09:23:06.181351,Park_Street,22.5535,88.3531,10,19,658,346,0.639889,FRC4,False
2026-02-10T09:23:07.339071,Howrah_Bridge,22.5851,88.3467,13,23,976,551,1.0,FRC3,False
2026-02-10T09:23:08.491065,Gariahat,22.5189,88.3647,16,22,559,406,0.995716,FRC7,False
2026-02-10T09:23:09.651664,Salt_Lake_V,22.5744,88.4323,24,24,405,405,1.0,FRC5,False
2026-02-10T09:24:10.863298,EM_Bypass_North,22.5726,88.3639,23,23,141,141,1.0,FRC3,False
2026-02-10T09:24:12.018606,Park_Street,22.5535,88.3531,10,19,658,346,0.639889,FRC4,False
2026-02-10T09:24:13.177071,Howrah_Bridge,22.5851,88.3467,14,24,906,528,0.999433,FRC3,False
2026-02-10T09:24:14.331497,Gariahat,22.5189,88.3647,17,22,526,406,0.994859,FRC7,False
2026-02-10T09:24:15.489874,Salt_Lake_V,22.5744,88.4323,19,24,511,405,0.927339,FRC5,False
2026-02-10T09:25:16.690641,EM_Bypass_North,22.5726,88.3639,23,23,141,141,1.0,FRC3,False
2026-02-10T09:25:17.843216,Park_Street,22.5535,88.3531,10,18,658,365,0.639889,FRC4,False
2026-02-10T09:25:18.998196,Howrah_Bridge,22.5851,88.3467,12,23,1057,551,1.0,FRC3,False
2026-02-10T09:25:20.151738,Gariahat,22.5189,88.3647,16,21,559,426,0.994859,FRC7,False
2026-02-10T09:25:21.318433,Salt_Lake_V,22.5744,88.4323,19,24,511,405,0.927239,FRC5,False
2026-02-10T09:26:22.532374,EM_Bypass_North,22.5726,88.3639,23,23,141,141,1.0,FRC3,False
2026-02-10T09:26:23.694743,Park_Street,22.5535,88.3531,11,19,598,346,0.629863,FRC4,False
2026-02-10T09:26:24.848497,Howrah_Bridge,22.5851,88.3467,13,24,976,528,0.999549,FRC3,False
2026-02-10T09:26:26.019609,Gariahat,22.5189,88.3647,17,21,526,426,0.995716,FRC7,False
2026-02-10T09:26:27.173700,Salt_Lake_V,22.5744,88.4323,24,24,405,405,1.0,FRC5,False
2026-02-10T09:27:28.387035,EM_Bypass_North,22.5726,88.3639,23,23,141,141,1.0,FRC3,False
2026-02-10T09:27:29.543623,Park_Street,22.5535,88.3531,11,19,598,346,0.616841,FRC4,False
2026-02-10T09:27:30.696868,Howrah_Bridge,22.5851,88.3467,12,24,1057,528,0.999549,FRC3,False
2026-02-10T09:27:31.851679,Gariahat,22.5189,88.3647,16,21,559,426,0.995716,FRC7,False
2026-02-10T09:27:33.012202,Salt_Lake_V,22.5744,88.4323,19,24,511,405,0.927631,FRC5,False
2026-02-10T09:28:34.270350,EM_Bypass_North,22.5726,88.3639,23,23,141,141,1.0,FRC3,False
2026-02-10T09:28:35.434593,Park_Street,22.5535,88.3531,12,19,548,346,0.603819,FRC4,False
2026-02-10T09:28:36.594559,Howrah_Bridge,22.5851,88.3467,14,24,906,528,1.0,FRC3,False
2026-02-10T09:28:37.748841,Gariahat,22.5189,88.3647,17,21,526,426,0.995716,FRC7,False
2026-02-10T09:28:38.910171,Salt_Lake_V,22.5744,88.4323,19,24,511,405,0.922912,FRC5,False
2026-02-10T09:29:40.121039,EM_Bypass_North,22.5726,88.3639,23,23,141,141,1.0,FRC3,False
2026-02-10T09:29:41.273220,Park_Street,22.5535,88.3531,13,19,506,346,0.603819,FRC4,False
2026-02-10T09:29:42.428957,Howrah_Bridge,22.5851,88.3467,13,24,976,528,1.0,FRC3,False
2026-02-10T09:29:43.583606,Gariahat,22.5189,88.3647,16,22,559,406,0.995716,FRC7,False
2026-02-10T09:29:44.737991,Salt_Lake_V,22.5744,88.4323,20,24,486,405,0.922912,FRC5,False
2026-02-10T09:30:45.946074,EM_Bypass_North,22.5726,88.3639,23,23,141,141,1.0,FRC3,False
2026-02-10T09:30:47.106271,Park_Street,22.5535,88.3531,14,19,470,346,0.603819,FRC4,False
2026-02-10T09:30:48.274925,Howrah_Bridge,22.5851,88.3467,13,24,976,528,1.0,FRC3,False
2026-02-10T09:30:49.469631,Gariahat,22.5189,88.3647,16,22,559,406,0.994859,FRC7,False
2026-02-10T09:30:50.626273,Salt_Lake_V,22.5744,88.4323,18,24,540,405,0.922912,FRC5,False
2026-02-10T09:31:51.840279,EM_Bypass_North,22.5726,88.3639,23,23,141,141,1.0,FRC3,False
2026-02-10T09:31:52.990266,Park_Street,22.5535,88.3531,14,18,470,365,0.577315,FRC4,False
2026-02-10T09:31:54.155956,Howrah_Bridge,22.5851,88.3467,13,24,976,528,1.0,FRC3,False
2026-02-10T09:31:55.321254,Gariahat,22.5189,88.3647,16,22,559,406,0.994859,FRC7,False
2026-02-10T09:31:56.479400,Salt_Lake_V,22.5744,88.4323,19,24,511,405,0.932351,FRC5,False
2026-02-10T09:32:57.687383,EM_Bypass_North,22.5726,88.3639,23,23,141,141,1.0,FRC3,False
2026-02-10T09:32:58.842797,Park_Street,22.5535,88.3531,13,18,506,365,0.567173,FRC4,False
2026-02-10T09:32:59.998969,Howrah_Bridge,22.5851,88.3467,12,23,1057,551,1.0,FRC3,False
2026-02-10T09:33:01.180119,Gariahat,22.5189,88.3647,17,22,526,406,0.994002,FRC7,False
2026-02-10T09:33:02.339974,Salt_Lake_V,22.5744,88.4323,17,25,572,389,0.932351,FRC5,False
2026-02-10T09:34:03.543979,EM_Bypass_North,22.5726,88.3639,23,23,141,141,1.0,FRC3,False
2026-02-10T09:34:04.700501,Park_Street,22.5535,88.3531,14,18,470,365,0.565365,FRC4,False
2026-02-10T09:34:05.860133,Howrah_Bridge,22.5851,88.3467,13,24,976,528,1.0,FRC3,False
2026-02-10T09:34:07.019156,Gariahat,22.5189,88.3647,17,22,526,406,0.996573,FRC7,False
2026-02-10T09:34:08.175202,Salt_Lake_V,22.5744,88.4323,17,24,572,405,0.933924,FRC5,False
2026-02-10T09:35:09.397638,EM_Bypass_North,22.5726,88.3639,23,23,141,141,1.0,FRC3,False
2026-02-10T09:35:10.558252,Park_Street,22.5535,88.3531,15,19,438,346,0.562985,FRC4,False
2026-02-10T09:35:11.722785,Howrah_Bridge,22.5851,88.3467,12,23,1057,551,1.0,FRC3,False
2026-02-10T09:35:12.878420,Gariahat,22.5189,88.3647,16,22,559,406,0.996573,FRC7,False
2026-02-10T09:35:14.033954,Salt_Lake_V,22.5744,88.4323,17,24,572,405,0.938644,FRC5,False
2026-02-10T09:36:15.284003,EM_Bypass_North,22.5726,88.3639,23,23,141,141,1.0,FRC3,False
2026-02-10T09:36:16.468901,Park_Street,22.5535,88.3531,15,19,438,346,0.557681,FRC4,False
2026-02-10T09:36:17.628151,Howrah_Bridge,22.5851,88.3467,13,24,976,528,1.0,FRC3,False
2026-02-10T09:36:18.780144,Gariahat,22.5189,88.3647,16,22,559,406,0.994859,FRC7,False
2026-02-10T09:36:19.931817,Salt_Lake_V,22.5744,88.4323,19,24,511,405,0.938644,FRC5,False
2026-02-10T09:37:21.172276,EM_Bypass_North,22.5726,88.3639,23,23,141,141,1.0,FRC3,False
2026-02-10T09:37:22.326962,Park_Street,22.5535,88.3531,15,19,438,346,0.557681,FRC4,False
2026-02-10T09:37:23.521594,Howrah_Bridge,22.5851,88.3467,13,24,976,528,1.0,FRC3,False
2026-02-10T09:37:24.680568,Gariahat,22.5189,88.3647,17,22,526,406,0.994859,FRC7,False
2026-02-10T09:37:25.839240,Salt_Lake_V,22.5744,88.4323,20,25,486,389,0.938644,FRC5,False
2026-02-10T09:38:27.079045,EM_Bypass_North,22.5726,88.3639,23,23,141,141,1.0,FRC3,False
2026-02-10T09:38:28.244325,Park_Street,22.5535,88.3531,15,19,438,346,0.564753,FRC4,False
2026-02-10T09:38:29.402989,Howrah_Bridge,22.5851,88.3467,13,24,976,528,1.0,FRC3,False
2026-02-10T09:38:30.564333,Gariahat,22.5189,88.3647,17,23,526,389,0.994859,FRC7,False
2026-02-10T09:38:31.719856,Salt_Lake_V,22.5744,88.4323,18,24,540,405,0.937633,FRC5,False
2026-02-10T09:39:32.939537,EM_Bypass_North,22.5726,88.3639,23,23,141,141,1.0,FRC3,False
2026-02-10T09:39:34.093803,Park_Street,22.5535,88.3531,15,19,438,346,0.564753,FRC4,False
2026-02-10T09:39:35.262731,Howrah_Bridge,22.5851,88.3467,13,24,976,528,1.0,FRC3,False
2026-02-10T09:39:36.417086,Gariahat,22.5189,88.3647,17,22,526,406,0.994859,FRC7,False
2026-02-10T09:39:37.585726,Salt_Lake_V,22.5744,88.4323,18,23,540,422,0.935412,FRC5,False
2026-02-10T09:40:38.798415,EM_Bypass_North,22.5726,88.3639,23,23,141,141,1.0,FRC3,False
2026-02-10T09:40:39.953401,Park_Street,22.5535,88.3531,15,18,438,365,0.566521,FRC4,False
2026-02-10T09:40:41.109991,Howrah_Bridge,22.5851,88.3467,13,24,976,528,1.0,FRC3,False
2026-02-10T09:40:42.279942,Gariahat,22.5189,88.3647,17,22,526,406,0.994859,FRC7,False
2026-02-10T09:40:43.436896,Salt_Lake_V,22.5744,88.4323,20,24,486,405,0.935412,FRC5,False
2026-02-10T09:41:44.669429,EM_Bypass_North,22.5726,88.3639,23,23,141,141,1.0,FRC3,False
2026-02-10T09:41:45.821543,Park_Street,22.5535,88.3531,15,19,438,346,0.562907,FRC4,False
2026-02-10T09:41:46.975377,Howrah_Bridge,22.5851,88.3467,14,24,906,528,1.0,FRC3,False
2026-02-10T09:41:48.129492,Gariahat,22.5189,88.3647,16,23,559,389,0.995716,FRC7,False
2026-02-10T09:41:49.299890,Salt_Lake_V,22.5744,88.4323,19,24,511,405,0.935412,FRC5,False
2026-02-10T09:42:50.550130,EM_Bypass_North,22.5726,88.3639,23,23,141,141,1.0,FRC3,False
2026-02-10T09:42:51.709078,Park_Street,22.5535,88.3531,14,19,470,346,0.574125,FRC4,False
2026-02-10T09:42:52.869607,Howrah_Bridge,22.5851,88.3467,14,24,906,528,1.0,FRC3,False
2026-02-10T09:42:54.023131,Gariahat,22.5189,88.3647,16,21,559,426,0.995716,FRC7,False
2026-02-10T09:42:55.181367,Salt_Lake_V,22.5744,88.4323,19,24,511,405,0.938644,FRC5,False
2026-02-10T09:43:56.397940,EM_Bypass_North,22.5726,88.3639,23,23,141,141,1.0,FRC3,False
2026-02-10T09:43:57.555626,Park_Street,22.5535,88.3531,14,19,470,346,0.585344,FRC4,False
2026-02-10T09:43:58.716664,Howrah_Bridge,22.5851,88.3467,14,23,906,551,1.0,FRC3,False
2026-02-10T09:43:59.871229,Gariahat,22.5189,88.3647,17,22,526,406,0.995716,FRC7,False
2026-02-10T09:44:01.027261,Salt_Lake_V,22.5744,88.4323,24,24,405,405,1.0,FRC5,False
2026-02-10T09:45:02.248351,EM_Bypass_North,22.5726,88.3639,23,23,141,141,1.0,FRC3,False
2026-02-10T09:45:03.421596,Park_Street,22.5535,88.3531,14,19,470,346,0.585344,FRC4,False
2026-02-10T09:45:04.578297,Howrah_Bridge,22.5851,88.3467,14,24,906,528,1.0,FRC3,False
2026-02-10T09:45:05.756169,Gariahat,22.5189,88.3647,15,21,596,426,1.0,FRC7,False
2026-02-10T09:45:06.912538,Salt_Lake_V,22.5744,88.4323,24,24,405,405,1.0,FRC5,False
2026-02-10T09:46:08.135226,EM_Bypass_North,22.5726,88.3639,23,23,141,141,1.0,FRC3,False
2026-02-10T09:46:09.292323,Park_Street,22.5535,88.3531,14,19,470,346,0.585344,FRC4,False
2026-02-10T09:46:10.449906,Howrah_Bridge,22.5851,88.3467,14,24,906,528,1.0,FRC3,False
2026-02-10T09:46:11.610524,Gariahat,22.5189,88.3647,16,22,559,406,1.0,FRC7,False
2026-02-10T09:46:12.769024,Salt_Lake_V,22.5744,88.4323,24,24,405,405,1.0,FRC5,False
2026-02-10T09:47:13.974874,EM_Bypass_North,22.5726,88.3639,23,23,141,141,1.0,FRC3,False
2026-02-10T09:47:15.126125,Park_Street,22.5535,88.3531,14,19,470,346,0.585344,FRC4,False
2026-02-10T09:47:16.291463,Howrah_Bridge,22.5851,88.3467,15,24,846,528,1.0,FRC3,False
2026-02-10T09:47:17.454315,Gariahat,22.5189,88.3647,16,22,559,406,1.0,FRC7,False
2026-02-10T09:47:18.608875,Salt_Lake_V,22.5744,88.4323,19,24,511,405,0.927235,FRC5,False
2026-02-10T09:48:19.822851,EM_Bypass_North,22.5726,88.3639,23,23,141,141,1.0,FRC3,False
2026-02-10T09:48:20.978544,Park_Street,22.5535,88.3531,14,19,470,346,0.585344,FRC4,False
2026-02-10T09:48:22.132679,Howrah_Bridge,22.5851,88.3467,14,24,906,528,1.0,FRC3,False
2026-02-10T09:48:23.288250,Gariahat,22.5189,88.3647,16,21,559,426,1.0,FRC7,False
2026-02-10T09:48:24.447440,Salt_Lake_V,22.5744,88.4323,19,24,511,405,0.927235,FRC5,False
2026-02-10T09:49:26.655696,EM_Bypass_North,22.5726,88.3639,23,23,141,141,1.0,FRC3,False
2026-02-10T09:49:27.813889,Park_Street,22.5535,88.3531,13,18,506,365,0.585344,FRC4,False
2026-02-10T09:49:28.969201,Howrah_Bridge,22.5851,88.3467,13,23,976,551,1.0,FRC3,False
2026-02-10T09:49:30.124682,Gariahat,22.5189,88.3647,17,22,526,406,0.996573,FRC7,False
2026-02-10T09:49:31.278983,Salt_Lake_V,22.5744,88.4323,19,23,511,422,0.927235,FRC5,False
2026-02-10T09:50:32.492597,EM_Bypass_North,22.5726,88.3639,23,23,141,141,1.0,FRC3,False
2026-02-10T09:50:33.650098,Park_Street,22.5535,88.3531,13,18,506,365,0.587117,FRC4,False
2026-02-10T09:50:34.807687,Howrah_Bridge,22.5851,88.3467,13,23,976,551,1.0,FRC3,False
2026-02-10T09:50:35.965095,Gariahat,22.5189,88.3647,17,21,526,426,1.0,FRC7,False
2026-02-10T09:50:37.123290,Salt_Lake_V,22.5744,88.4323,19,23,511,422,0.94179,FRC5,False
2026-02-10T09:51:38.368389,EM_Bypass_North,22.5726,88.3639,23,23,141,141,1.0,FRC3,False
2026-02-10T09:51:39.523191,Park_Street,22.5535,88.3531,13,18,506,365,0.587117,FRC4,False
2026-02-10T09:51:40.686314,Howrah_Bridge,22.5851,88.3467,13,24,976,528,0.998934,FRC3,False
2026-02-10T09:51:41.844140,Gariahat,22.5189,88.3647,17,22,526,406,1.0,FRC7,False
2026-02-10T09:51:43.002257,Salt_Lake_V,22.5744,88.4323,19,23,511,422,0.944937,FRC5,False
2026-02-10T09:52:44.249290,EM_Bypass_North,22.5726,88.3639,23,23,141,141,1.0,FRC3,False
2026-02-10T09:52:45.427548,Park_Street,22.5535,88.3531,13,18,506,365,0.58357,FRC4,False
2026-02-10T09:52:46.577724,Howrah_Bridge,22.5851,88.3467,13,24,976,528,0.998934,FRC3,False
2026-02-10T09:52:47.731681,Gariahat,22.5189,88.3647,16,21,559,426,1.0,FRC7,False
2026-02-10T09:52:48.893844,Salt_Lake_V,22.5744,88.4323,20,24,486,405,0.944937,FRC5,False
2026-02-10T09:53:50.106776,EM_Bypass_North,22.5726,88.3639,23,23,141,141,1.0,FRC3,False
2026-02-10T09:53:51.262541,Park_Street,22.5535,88.3531,13,18,506,365,0.58357,FRC4,False
2026-02-10T09:53:52.417653,Howrah_Bridge,22.5851,88.3467,13,24,976,528,0.99852,FRC3,False
2026-02-10T09:53:53.572816,Gariahat,22.5189,88.3647,15,21,596,426,1.0,FRC7,False
2026-02-10T09:53:54.727319,Salt_Lake_V,22.5744,88.4323,20,24,486,405,0.944937,FRC5,False
2026-02-10T09:54:55.969334,EM_Bypass_North,22.5726,88.3639,23,23,141,141,1.0,FRC3,False
2026-02-10T09:54:57.129149,Park_Street,22.5535,88.3531,13,18,506,365,0.58357,FRC4,False
2026-02-10T09:54:58.293169,Howrah_Bridge,22.5851,88.3467,13,23,976,551,0.99852,FRC3,False
2026-02-10T09:54:59.446847,Gariahat,22.5189,88.3647,16,21,559,426,1.0,FRC7,False
2026-02-10T09:55:00.599456,Salt_Lake_V,22.5744,88.4323,19,24,511,405,0.944937,FRC5,False
2026-02-10T09:56:01.799645,EM_Bypass_North,22.5726,88.3639,23,23,141,141,1.0,FRC3,False
2026-02-10T09:56:02.951881,Park_Street,22.5535,88.3531,14,18,470,365,0.585344,FRC4,False
2026-02-10T09:56:04.106605,Howrah_Bridge,22.5851,88.3467,14,24,906,528,0.99852,FRC3,False
2026-02-10T09:56:05.266203,Gariahat,22.5189,88.3647,16,21,559,426,1.0,FRC7,False
2026-02-10T09:56:06.425934,Salt_Lake_V,22.5744,88.4323,18,24,540,405,0.944937,FRC5,False
2026-02-10T09:57:07.637513,EM_Bypass_North,22.5726,88.3639,23,23,141,141,1.0,FRC3,False
2026-02-10T09:57:08.791911,Park_Street,22.5535,88.3531,14,17,470,387,0.588079,FRC4,False
2026-02-10T09:57:09.957435,Howrah_Bridge,22.5851,88.3467,14,23,906,551,0.998375,FRC3,False
2026-02-10T09:57:11.113654,Gariahat,22.5189,88.3647,16,22,559,406,0.996573,FRC7,False
2026-02-10T09:57:12.272072,Salt_Lake_V,22.5744,88.4323,18,24,540,405,0.944937,FRC5,False
2026-02-10T09:58:13.529682,EM_Bypass_North,22.5726,88.3639,23,23,141,141,1.0,FRC3,False
2026-02-10T09:58:14.681953,Park_Street,22.5535,88.3531,14,17,470,387,0.586476,FRC4,False
2026-02-10T09:58:15.835350,Howrah_Bridge,22.5851,88.3467,14,24,906,528,0.998375,FRC3,False
2026-02-10T09:58:16.993055,Gariahat,22.5189,88.3647,17,22,526,406,0.996573,FRC7,False
2026-02-10T09:58:18.147603,Salt_Lake_V,22.5744,88.4323,17,25,572,389,0.944937,FRC5,False
2026-02-10T09:59:19.359004,EM_Bypass_North,22.5726,88.3639,23,23,141,141,1.0,FRC3,False
2026-02-10T09:59:20.522718,Park_Street,22.5535,88.3531,14,18,470,365,0.586476,FRC4,False
2026-02-10T09:59:21.676927,Howrah_Bridge,22.5851,88.3467,14,24,906,528,0.998934,FRC3,False
2026-02-10T09:59:22.831037,Gariahat,22.5189,88.3647,17,22,526,406,0.995716,FRC7,False
2026-02-10T09:59:23.982913,Salt_Lake_V,22.5744,88.4323,17,25,572,389,0.94179,FRC5,False
2026-02-10T10:00:25.192152,EM_Bypass_North,22.5726,88.3639,23,23,141,141,1.0,FRC3,False
2026-02-10T10:00:26.350171,Park_Street,22.5535,88.3531,14,17,470,387,0.596476,FRC4,False
2026-02-10T10:00:27.504376,Howrah_Bridge,22.5851,88.3467,15,24,846,528,0.998934,FRC3,False
2026-02-10T10:00:28.663847,Gariahat,22.5189,88.3647,16,22,559,406,0.995716,FRC7,False
2026-02-10T10:00:29.822730,Salt_Lake_V,22.5744,88.4323,17,24,572,405,0.938644,FRC5,False
2026-02-10T10:01:31.080141,EM_Bypass_North,22.5726,88.3639,23,23,141,141,1.0,FRC3,False
2026-02-10T10:01:32.241293,Park_Street,22.5535,88.3531,19,19,346,346,1.0,FRC4,False
2026-02-10T10:01:33.396413,Howrah_Bridge,22.5851,88.3467,16,24,793,528,0.998934,FRC3,False
2026-02-10T10:01:34.551428,Gariahat,22.5189,88.3647,16,21,559,426,0.996573,FRC7,False
2026-02-10T10:01:35.709493,Salt_Lake_V,22.5744,88.4323,18,24,540,405,0.938644,FRC5,False
2026-02-10T10:02:36.918329,EM_Bypass_North,22.5726,88.3639,23,23,141,141,1.0,FRC3,False
2026-02-10T10:02:38.082042,Park_Street,22.5535,88.3531,19,19,346,346,1.0,FRC4,False
2026-02-10T10:02:39.238233,Howrah_Bridge,22.5851,88.3467,14,24,906,528,0.998934,FRC3,False
2026-02-10T10:02:40.398106,Gariahat,22.5189,88.3647,16,22,559,406,0.996573,FRC7,False
2026-02-10T10:02:41.556701,Salt_Lake_V,22.5744,88.4323,19,24,511,405,0.937071,FRC5,False
2026-02-10T10:03:42.754693,EM_Bypass_North,22.5726,88.3639,23,23,141,141,1.0,FRC3,False
2026-02-10T10:03:43.915278,Park_Street,22.5535,88.3531,19,19,346,346,1.0,FRC4,False
2026-02-10T10:03:45.072393,Howrah_Bridge,22.5851,88.3467,14,24,906,528,0.998871,FRC3,False
2026-02-10T10:03:46.228711,Gariahat,22.5189,88.3647,16,22,559,406,0.995716,FRC7,False
2026-02-10T10:03:47.387111,Salt_Lake_V,22.5744,88.4323,20,24,486,405,0.935497,FRC5,False
2026-02-10T10:04:48.618367,EM_Bypass_North,22.5726,88.3639,23,23,141,141,1.0,FRC3,False
2026-02-10T10:04:49.778808,Park_Street,22.5535,88.3531,19,19,346,346,1.0,FRC4,False
2026-02-10T10:04:50.933377,Howrah_Bridge,22.5851,88.3467,13,24,976,528,0.998871,FRC3,False
2026-02-10T10:04:52.103540,Gariahat,22.5189,88.3647,15,22,596,406,0.996573,FRC7,False
2026-02-10T10:04:53.264866,Salt_Lake_V,22.5744,88.4323,24,24,405,405,1.0,FRC5,False
2026-02-10T10:05:54.466876,EM_Bypass_North,22.5726,88.3639,23,23,141,141,1.0,FRC3,False
2026-02-10T10:05:55.622146,Park_Street,22.5535,88.3531,19,19,346,346,1.0,FRC4,False
2026-02-10T10:05:56.781011,Howrah_Bridge,22.5851,88.3467,13,24,976,528,0.998871,FRC3,False
2026-02-10T10:05:57.937717,Gariahat,22.5189,88.3647,15,22,596,406,0.996573,FRC7,False
2026-02-10T10:05:59.096692,Salt_Lake_V,22.5744,88.4323,24,24,405,405,1.0,FRC5,False
2026-02-10T10:07:00.304984,EM_Bypass_North,22.5726,88.3639,23,23,141,141,1.0,FRC3,False
2026-02-10T10:07:01.456586,Park_Street,22.5535,88.3531,19,19,346,346,1.0,FRC4,False
2026-02-10T10:07:02.615259,Howrah_Bridge,22.5851,88.3467,13,24,976,528,0.998636,FRC3,False
2026-02-10T10:07:03.778557,Gariahat,22.5189,88.3647,14,22,639,406,1.0,FRC7,False
2026-02-10T10:07:04.933373,Salt_Lake_V,22.5744,88.4323,24,24,405,405,1.0,FRC5,False
2026-02-10T10:08:06.139851,EM_Bypass_North,22.5726,88.3639,23,23,141,141,1.0,FRC3,False
2026-02-10T10:08:07.314498,Park_Street,22.5535,88.3531,19,19,346,346,1.0,FRC4,False
2026-02-10T10:08:08.471199,Howrah_Bridge,22.5851,88.3467,13,23,976,551,0.998636,FRC3,False
2026-02-10T10:08:09.635537,Gariahat,22.5189,88.3647,14,21,639,426,1.0,FRC7,False
2026-02-10T10:08:10.795781,Salt_Lake_V,22.5744,88.4323,24,24,405,405,1.0,FRC5,False
2026-02-10T10:09:12.008663,EM_Bypass_North,22.5726,88.3639,23,23,141,141,1.0,FRC3,False
2026-02-10T10:09:13.170932,Park_Street,22.5535,88.3531,19,19,346,346,1.0,FRC4,False
2026-02-10T10:09:14.327438,Howrah_Bridge,22.5851,88.3467,12,23,1057,551,0.998622,FRC3,False
2026-02-10T10:09:15.485907,Gariahat,22.5189,88.3647,14,22,639,406,1.0,FRC7,False
2026-02-10T10:09:16.650528,Salt_Lake_V,22.5744,88.4323,24,24,405,405,1.0,FRC5,False
2026-02-10T10:10:17.917702,EM_Bypass_North,22.5726,88.3639,23,23,141,141,1.0,FRC3,False
2026-02-10T10:10:19.078312,Park_Street,22.5535,88.3531,19,19,346,346,1.0,FRC4,False
2026-02-10T10:10:20.236239,Howrah_Bridge,22.5851,88.3467,12,23,1057,551,1.0,FRC3,False
2026-02-10T10:10:21.393540,Gariahat,22.5189,88.3647,14,22,639,406,1.0,FRC7,False
2026-02-10T10:10:22.546923,Salt_Lake_V,22.5744,88.4323,24,24,405,405,1.0,FRC5,False
2026-02-10T10:11:23.811600,EM_Bypass_North,22.5726,88.3639,23,23,141,141,1.0,FRC3,False
2026-02-10T10:11:24.971736,Park_Street,22.5535,88.3531,19,19,346,346,1.0,FRC4,False
2026-02-10T10:11:26.125023,Howrah_Bridge,22.5851,88.3467,12,23,1057,551,0.998622,FRC3,False
2026-02-10T10:11:27.281427,Gariahat,22.5189,88.3647,13,22,688,406,1.0,FRC7,False
2026-02-10T10:11:28.436057,Salt_Lake_V,22.5744,88.4323,24,24,405,405,1.0,FRC5,False
2026-02-10T10:12:29.656439,EM_Bypass_North,22.5726,88.3639,23,23,141,141,1.0,FRC3,False
2026-02-10T10:12:30.812599,Park_Street,22.5535,88.3531,19,19,346,346,1.0,FRC4,False
2026-02-10T10:12:31.971951,Howrah_Bridge,22.5851,88.3467,12,24,1057,528,0.996444,FRC3,False
2026-02-10T10:12:33.136326,Gariahat,22.5189,88.3647,13,22,688,406,1.0,FRC7,False
2026-02-10T10:12:34.296787,Salt_Lake_V,22.5744,88.4323,24,24,405,405,1.0,FRC5,False
2026-02-10T10:13:35.507070,EM_Bypass_North,22.5726,88.3639,23,23,141,141,1.0,FRC3,False
2026-02-10T10:13:36.658039,Park_Street,22.5535,88.3531,19,19,346,346,1.0,FRC4,False
2026-02-10T10:13:37.814731,Howrah_Bridge,22.5851,88.3467,13,24,976,528,0.994714,FRC3,False
2026-02-10T10:13:38.968821,Gariahat,22.5189,88.3647,13,22,688,406,0.996573,FRC7,False
2026-02-10T10:13:40.132589,Salt_Lake_V,22.5744,88.4323,24,24,405,405,1.0,FRC5,False
2026-02-10T10:14:41.341853,EM_Bypass_North,22.5726,88.3639,23,23,141,141,1.0,FRC3,False
2026-02-10T10:14:42.502710,Park_Street,22.5535,88.3531,19,19,346,346,1.0,FRC4,False
2026-02-10T10:14:43.659150,Howrah_Bridge,22.5851,88.3467,13,24,976,528,0.995032,FRC3,False
2026-02-10T10:14:44.813834,Gariahat,22.5189,88.3647,14,22,639,406,0.996573,FRC7,False
2026-02-10T10:14:45.969489,Salt_Lake_V,22.5744,88.4323,20,24,486,405,0.933924,FRC5,False
2026-02-10T10:15:47.177943,EM_Bypass_North,22.5726,88.3639,23,23,141,141,1.0,FRC3,False
2026-02-10T10:15:48.336814,Park_Street,22.5535,88.3531,19,19,346,346,1.0,FRC4,False
2026-02-10T10:15:49.495109,Howrah_Bridge,22.5851,88.3467,13,24,976,528,0.995959,FRC3,False
2026-02-10T10:15:50.648979,Gariahat,22.5189,88.3647,13,22,688,406,0.995716,FRC7,False
2026-02-10T10:15:51.804739,Salt_Lake_V,22.5744,88.4323,19,24,511,405,0.935497,FRC5,False
2026-02-10T10:16:53.009847,EM_Bypass_North,22.5726,88.3639,23,23,141,141,1.0,FRC3,False
2026-02-10T10:16:54.170717,Park_Street,22.5535,88.3531,19,19,346,346,1.0,FRC4,False
2026-02-10T10:16:55.326496,Howrah_Bridge,22.5851,88.3467,12,24,1057,528,0.995959,FRC3,False
2026-02-10T10:16:56.487152,Gariahat,22.5189,88.3647,13,22,688,406,0.995716,FRC7,False
2026-02-10T10:16:57.647303,Salt_Lake_V,22.5744,88.4323,17,24,572,405,0.935497,FRC5,False
2026-02-10T10:17:58.847058,EM_Bypass_North,22.5726,88.3639,23,23,141,141,1.0,FRC3,False
2026-02-10T10:18:00.007096,Park_Street,22.5535,88.3531,19,19,346,346,1.0,FRC4,False
2026-02-10T10:18:01.166683,Howrah_Bridge,22.5851,88.3467,13,24,976,528,0.994924,FRC3,False
2026-02-10T10:18:02.322257,Gariahat,22.5189,88.3647,13,21,688,426,0.995716,FRC7,False
2026-02-10T10:18:03.479744,Salt_Lake_V,22.5744,88.4323,17,24,572,405,0.919265,FRC5,False
2026-02-10T10:19:04.744579,EM_Bypass_North,22.5726,88.3639,23,23,141,141,1.0,FRC3,False
2026-02-10T10:19:05.901323,Park_Street,22.5535,88.3531,19,19,346,346,1.0,FRC4,False
2026-02-10T10:19:07.058641,Howrah_Bridge,22.5851,88.3467,14,23,906,551,0.996211,FRC3,False
2026-02-10T10:19:08.216258,Gariahat,22.5189,88.3647,13,21,688,426,0.994859,FRC7,False
2026-02-10T10:19:09.374503,Salt_Lake_V,22.5744,88.4323,17,24,572,405,0.927239,FRC5,False
2026-02-10T10:20:10.642115,EM_Bypass_North,22.5726,88.3639,23,23,141,141,1.0,FRC3,False
2026-02-10T10:20:11.798025,Park_Street,22.5535,88.3531,19,19,346,346,1.0,FRC4,False
2026-02-10T10:20:12.957077,Howrah_Bridge,22.5851,88.3467,14,24,906,528,0.99698,FRC3,False
2026-02-10T10:20:14.113513,Gariahat,22.5189,88.3647,14,23,639,389,0.995716,FRC7,False
2026-02-10T10:20:15.269986,Salt_Lake_V,22.5744,88.4323,18,24,540,405,0.927239,FRC5,False
2026-02-10T10:21:16.526591,EM_Bypass_North,22.5726,88.3639,23,23,141,141,1.0,FRC3,False
2026-02-10T10:21:17.684522,Park_Street,22.5535,88.3531,19,19,346,346,1.0,FRC4,False
2026-02-10T10:21:18.842379,Howrah_Bridge,22.5851,88.3467,13,24,976,528,0.996917,FRC3,False
2026-02-10T10:21:20.000123,Gariahat,22.5189,88.3647,13,22,688,406,0.995716,FRC7,False
2026-02-10T10:21:21.158497,Salt_Lake_V,22.5744,88.4323,18,23,540,422,0.932436,FRC5,False
2026-02-10T10:22:22.424631,EM_Bypass_North,22.5726,88.3639,23,23,141,141,1.0,FRC3,False
2026-02-10T10:22:23.578388,Park_Street,22.5535,88.3531,19,19,346,346,1.0,FRC4,False
2026-02-10T10:22:24.736635,Howrah_Bridge,22.5851,88.3467,12,24,1057,528,0.996917,FRC3,False
2026-02-10T10:22:25.890102,Gariahat,22.5189,88.3647,15,23,596,389,0.994859,FRC7,False
2026-02-10T10:22:27.057177,Salt_Lake_V,22.5744,88.4323,17,24,572,405,0.927239,FRC5,False
2026-02-10T10:23:28.317193,EM_Bypass_North,22.5726,88.3639,23,23,141,141,1.0,FRC3,False
2026-02-10T10:23:29.477122,Park_Street,22.5535,88.3531,19,19,346,346,1.0,FRC4,False
2026-02-10T10:23:30.639047,Howrah_Bridge,22.5851,88.3467,12,23,1057,551,0.996481,FRC3,False
2026-02-10T10:23:31.800884,Gariahat,22.5189,88.3647,15,23,596,389,0.994859,FRC7,False
2026-02-10T10:23:32.967313,Salt_Lake_V,22.5744,88.4323,19,24,511,405,0.929205,FRC5,False
2026-02-10T10:24:34.219301,EM_Bypass_North,22.5726,88.3639,23,23,141,141,1.0,FRC3,False
2026-02-10T10:24:35.383605,Park_Street,22.5535,88.3531,19,19,346,346,1.0,FRC4,False
2026-02-10T10:24:36.551284,Howrah_Bridge,22.5851,88.3467,12,24,1057,528,0.996401,FRC3,False
2026-02-10T10:24:37.708219,Gariahat,22.5189,88.3647,16,22,559,406,0.994859,FRC7,False
2026-02-10T10:24:38.866355,Salt_Lake_V,22.5744,88.4323,19,24,511,405,0.927631,FRC5,False
2026-02-10T10:25:40.074177,EM_Bypass_North,22.5726,88.3639,23,23,141,141,1.0,FRC3,False
2026-02-10T10:25:41.235489,Park_Street,22.5535,88.3531,19,19,346,346,1.0,FRC4,False
2026-02-10T10:25:42.396164,Howrah_Bridge,22.5851,88.3467,13,23,976,551,0.996617,FRC3,False
2026-02-10T10:25:43.551115,Gariahat,22.5189,88.3647,15,21,596,426,0.996573,FRC7,False
2026-02-10T10:25:44.703004,Salt_Lake_V,22.5744,88.4323,19,24,511,405,0.927631,FRC5,False
2026-02-10T10:26:45.916470,EM_Bypass_North,22.5726,88.3639,23,23,141,141,1.0,FRC3,False
2026-02-10T10:26:47.074269,Park_Street,22.5535,88.3531,19,19,346,346,1.0,FRC4,False
2026-02-10T10:26:48.228711,Howrah_Bridge,22.5851,88.3467,12,22,1057,577,0.996427,FRC3,False
2026-02-10T10:26:49.385362,Gariahat,22.5189,88.3647,15,22,596,406,0.996573,FRC7,False
2026-02-10T10:26:50.548433,Salt_Lake_V,22.5744,88.4323,20,25,486,389,0.926058,FRC5,False
2026-02-10T10:27:51.751378,EM_Bypass_North,22.5726,88.3639,23,23,141,141,1.0,FRC3,False
2026-02-10T10:27:52.907658,Park_Street,22.5535,88.3531,19,19,346,346,1.0,FRC4,False
2026-02-10T10:27:54.073178,Howrah_Bridge,22.5851,88.3467,12,23,1057,551,0.996427,FRC3,False
2026-02-10T10:27:55.226443,Gariahat,22.5189,88.3647,15,21,596,426,0.996573,FRC7,False
2026-02-10T10:27:56.383065,Salt_Lake_V,22.5744,88.4323,18,24,540,405,0.924485,FRC5,False
2026-02-10T10:28:57.624614,EM_Bypass_North,22.5726,88.3639,23,23,141,141,1.0,FRC3,False
2026-02-10T10:28:58.776520,Park_Street,22.5535,88.3531,19,19,346,346,1.0,FRC4,False
2026-02-10T10:28:59.931749,Howrah_Bridge,22.5851,88.3467,12,23,1057,551,1.0,FRC3,False
2026-02-10T10:29:01.086820,Gariahat,22.5189,88.3647,14,22,639,406,0.996573,FRC7,False
2026-02-10T10:29:02.242333,Salt_Lake_V,22.5744,88.4323,17,24,572,405,0.932436,FRC5,False
2026-02-10T10:30:03.454610,EM_Bypass_North,22.5726,88.3639,23,23,141,141,1.0,FRC3,False
2026-02-10T10:30:04.613676,Park_Street,22.5535,88.3531,19,19,346,346,1.0,FRC4,False
2026-02-10T10:30:05.773065,Howrah_Bridge,22.5851,88.3467,11,24,1154,528,0.995877,FRC3,False
2026-02-10T10:30:06.932089,Gariahat,22.5189,88.3647,14,22,639,406,0.996573,FRC7,False
2026-02-10T10:30:08.084958,Salt_Lake_V,22.5744,88.4323,17,25,572,389,0.929205,FRC5,False
2026-02-10T10:31:09.319903,EM_Bypass_North,22.5726,88.3639,23,23,141,141,1.0,FRC3,False
2026-02-10T10:31:10.475648,Park_Street,22.5535,88.3531,19,19,346,346,1.0,FRC4,False
2026-02-10T10:31:11.634654,Howrah_Bridge,22.5851,88.3467,12,23,1057,551,0.999036,FRC3,False
2026-02-10T10:31:12.790443,Gariahat,22.5189,88.3647,15,22,596,406,0.995716,FRC7,False
2026-02-10T10:31:13.950172,Salt_Lake_V,22.5744,88.4323,16,24,607,405,0.919265,FRC5,False
2026-02-10T10:32:15.202148,EM_Bypass_North,22.5726,88.3639,23,23,141,141,1.0,FRC3,False
2026-02-10T10:32:16.365057,Park_Street,22.5535,88.3531,15,19,438,346,0.63,FRC4,False
2026-02-10T10:32:17.526631,Howrah_Bridge,22.5851,88.3467,13,24,976,528,1.0,FRC3,False
2026-02-10T10:32:18.687150,Gariahat,22.5189,88.3647,15,22,596,406,0.996573,FRC7,False
2026-02-10T10:32:19.841387,Salt_Lake_V,22.5744,88.4323,17,24,572,405,0.919265,FRC5,False
2026-02-10T10:33:21.057981,EM_Bypass_North,22.5726,88.3639,23,23,141,141,1.0,FRC3,False
2026-02-10T10:33:22.220262,Park_Street,22.5535,88.3531,15,19,438,346,0.63,FRC4,False
2026-02-10T10:33:23.381647,Howrah_Bridge,22.5851,88.3467,13,24,976,528,0.996691,FRC3,False
2026-02-10T10:33:24.534730,Gariahat,22.5189,88.3647,15,21,596,426,0.99743,FRC7,False
2026-02-10T10:33:25.713041,Salt_Lake_V,22.5744,88.4323,17,24,572,405,0.911192,FRC5,False
2026-02-10T10:34:26.933697,EM_Bypass_North,22.5726,88.3639,23,23,141,141,1.0,FRC3,False
2026-02-10T10:34:28.090922,Park_Street,22.5535,88.3531,15,19,438,346,0.63,FRC4,False
2026-02-10T10:34:29.244656,Howrah_Bridge,22.5851,88.3467,13,24,976,528,0.998245,FRC3,False
2026-02-10T10:34:30.401908,Gariahat,22.5189,88.3647,15,22,596,406,0.99817,FRC7,False
2026-02-10T10:34:31.556816,Salt_Lake_V,22.5744,88.4323,18,24,540,405,0.916844,FRC5,False
2026-02-10T10:35:32.768639,EM_Bypass_North,22.5726,88.3639,23,23,141,141,1.0,FRC3,False
2026-02-10T10:35:33.929513,Park_Street,22.5535,88.3531,15,19,438,346,0.63,FRC4,False
2026-02-10T10:35:35.088202,Howrah_Bridge,22.5851,88.3467,14,23,906,551,0.998245,FRC3,False
2026-02-10T10:35:36.245556,Gariahat,22.5189,88.3647,15,22,596,406,0.997325,FRC7,False
2026-02-10T10:35:37.431588,Salt_Lake_V,22.5744,88.4323,19,24,511,405,0.916844,FRC5,False
2026-02-10T10:36:38.705671,EM_Bypass_North,22.5726,88.3639,23,23,141,141,1.0,FRC3,False
2026-02-10T10:36:39.859511,Park_Street,22.5535,88.3531,15,19,438,346,0.63,FRC4,False
2026-02-10T10:36:41.015984,Howrah_Bridge,22.5851,88.3467,13,24,976,528,0.998245,FRC3,False
2026-02-10T10:36:42.190145,Gariahat,22.5189,88.3647,15,22,596,406,0.997325,FRC7,False
2026-02-10T10:36:43.351609,Salt_Lake_V,22.5744,88.4323,17,24,572,405,0.927631,FRC5,False
2026-02-10T10:37:44.557967,EM_Bypass_North,22.5726,88.3639,23,23,141,141,1.0,FRC3,False
2026-02-10T10:37:45.713186,Park_Street,22.5535,88.3531,15,19,438,346,0.63,FRC4,False
2026-02-10T10:37:46.867742,Howrah_Bridge,22.5851,88.3467,13,24,976,528,0.998871,FRC3,False
2026-02-10T10:37:48.029078,Gariahat,22.5189,88.3647,14,22,639,406,0.997325,FRC7,False
2026-02-10T10:37:49.180547,Salt_Lake_V,22.5744,88.4323,18,24,540,405,0.927631,FRC5,False
2026-02-10T10:38:50.438293,EM_Bypass_North,22.5726,88.3639,23,23,141,141,1.0,FRC3,False
2026-02-10T10:38:51.597027,Park_Street,22.5535,88.3531,15,19,438,346,0.63,FRC4,False
2026-02-10T10:38:52.751284,Howrah_Bridge,22.5851,88.3467,13,24,976,528,0.998871,FRC3,False
2026-02-10T10:38:53.908632,Gariahat,22.5189,88.3647,13,21,688,426,1.0,FRC7,False
2026-02-10T10:38:55.063711,Salt_Lake_V,22.5744,88.4323,17,24,572,405,0.927631,FRC5,False
2026-02-10T10:39:56.323182,EM_Bypass_North,22.5726,88.3639,23,23,141,141,1.0,FRC3,False
2026-02-10T10:39:57.478299,Park_Street,22.5535,88.3531,15,19,438,346,0.63,FRC4,False
2026-02-10T10:39:58.632552,Howrah_Bridge,22.5851,88.3467,12,24,1057,528,0.998871,FRC3,False
2026-02-10T10:39:59.788808,Gariahat,22.5189,88.3647,14,22,639,406,0.996573,FRC7,False
2026-02-10T10:40:00.952664,Salt_Lake_V,22.5744,88.4323,18,24,540,405,0.927631,FRC5,False
2026-02-10T10:41:02.203691,EM_Bypass_North,22.5726,88.3639,23,23,141,141,1.0,FRC3,False
2026-02-10T10:41:03.359640,Park_Street,22.5535,88.3531,14,18,470,365,0.64,FRC4,False
2026-02-10T10:41:04.515444,Howrah_Bridge,22.5851,88.3467,14,24,906,528,0.999549,FRC3,False
2026-02-10T10:41:05.679209,Gariahat,22.5189,88.3647,14,22,639,406,0.996573,FRC7,False
2026-02-10T10:41:06.839103,Salt_Lake_V,22.5744,88.4323,18,24,540,405,0.911647,FRC5,False
2026-02-10T10:42:08.045744,EM_Bypass_North,22.5726,88.3639,23,23,141,141,1.0,FRC3,False
2026-02-10T10:42:09.200143,Park_Street,22.5535,88.3531,14,18,470,365,0.64,FRC4,False
2026-02-10T10:42:10.358979,Howrah_Bridge,22.5851,88.3467,12,24,1057,528,0.998871,FRC3,False
2026-02-10T10:42:11.517810,Gariahat,22.5189,88.3647,14,23,639,389,0.996573,FRC7,False
2026-02-10T10:42:12.680349,Salt_Lake_V,22.5744,88.4323,19,24,511,405,0.927631,FRC5,False
2026-02-10T10:43:13.889136,EM_Bypass_North,22.5726,88.3639,23,23,141,141,1.0,FRC3,False
2026-02-10T10:43:15.040232,Park_Street,22.5535,88.3531,14,18,470,365,0.64,FRC4,False
2026-02-10T10:43:16.196519,Howrah_Bridge,22.5851,88.3467,12,24,1057,528,0.999549,FRC3,False
2026-02-10T10:43:17.349479,Gariahat,22.5189,88.3647,14,23,639,389,0.996573,FRC7,False
2026-02-10T10:43:18.507259,Salt_Lake_V,22.5744,88.4323,20,24,486,405,0.927631,FRC5,False
2026-02-10T10:44:19.715061,EM_Bypass_North,22.5726,88.3639,23,23,141,141,1.0,FRC3,False
2026-02-10T10:44:20.871957,Park_Street,22.5535,88.3531,14,18,470,365,0.64,FRC4,False
2026-02-10T10:44:22.030124,Howrah_Bridge,22.5851,88.3467,13,24,976,528,0.999549,FRC3,False
2026-02-10T10:44:23.185128,Gariahat,22.5189,88.3647,16,22,559,406,0.995716,FRC7,False
2026-02-10T10:44:24.340232,Salt_Lake_V,22.5744,88.4323,19,24,511,405,0.927631,FRC5,False
2026-02-10T10:45:25.549771,EM_Bypass_North,22.5726,88.3639,23,23,141,141,1.0,FRC3,False
2026-02-10T10:45:26.704595,Park_Street,22.5535,88.3531,14,19,470,346,0.64,FRC4,False
2026-02-10T10:45:27.859927,Howrah_Bridge,22.5851,88.3467,13,23,976,551,0.99816,FRC3,False
2026-02-10T10:45:29.015151,Gariahat,22.5189,88.3647,16,22,559,406,0.995716,FRC7,False
2026-02-10T10:45:30.175899,Salt_Lake_V,22.5744,88.4323,17,24,572,405,0.927631,FRC5,False
2026-02-10T10:46:31.386768,EM_Bypass_North,22.5726,88.3639,23,23,141,141,1.0,FRC3,False
2026-02-10T10:46:32.545133,Park_Street,22.5535,88.3531,14,18,470,365,0.63,FRC4,False
2026-02-10T10:46:33.698028,Howrah_Bridge,22.5851,88.3467,12,25,1057,507,0.99816,FRC3,False
2026-02-10T10:46:34.853915,Gariahat,22.5189,88.3647,17,22,526,406,0.996573,FRC7,False
2026-02-10T10:46:36.008560,Salt_Lake_V,22.5744,88.4323,17,24,572,405,0.927631,FRC5,False
2026-02-10T10:47:37.207021,EM_Bypass_North,22.5726,88.3639,23,23,141,141,1.0,FRC3,False
2026-02-10T10:47:38.366053,Park_Street,22.5535,88.3531,14,19,470,346,0.63,FRC4,False
2026-02-10T10:47:39.524242,Howrah_Bridge,22.5851,88.3467,12,24,1057,528,0.99816,FRC3,False
2026-02-10T10:47:40.686138,Gariahat,22.5189,88.3647,17,22,526,406,0.996573,FRC7,False
2026-02-10T10:47:41.840421,Salt_Lake_V,22.5744,88.4323,18,24,540,405,0.929205,FRC5,False
2026-02-10T10:48:43.046413,EM_Bypass_North,22.5726,88.3639,23,23,141,141,1.0,FRC3,False
2026-02-10T10:48:44.210568,Park_Street,22.5535,88.3531,14,19,470,346,0.62,FRC4,False
2026-02-10T10:48:45.370385,Howrah_Bridge,22.5851,88.3467,12,23,1057,551,0.998871,FRC3,False
2026-02-10T10:48:46.524838,Gariahat,22.5189,88.3647,17,22,526,406,0.996573,FRC7,False
2026-02-10T10:48:47.677932,Salt_Lake_V,22.5744,88.4323,20,24,486,405,0.929205,FRC5,False
2026-02-10T10:49:48.905033,EM_Bypass_North,22.5726,88.3639,23,23,141,141,1.0,FRC3,False
2026-02-10T10:49:50.058413,Park_Street,22.5535,88.3531,14,19,470,346,0.62,FRC4,False
2026-02-10T10:49:51.216173,Howrah_Bridge,22.5851,88.3467,12,24,1057,528,0.997743,FRC3,False
2026-02-10T10:49:52.379949,Gariahat,22.5189,88.3647,16,22,559,406,0.996573,FRC7,False
2026-02-10T10:49:53.531776,Salt_Lake_V,22.5744,88.4323,20,24,486,405,0.929205,FRC5,False
2026-02-10T10:50:54.793057,EM_Bypass_North,22.5726,88.3639,23,23,141,141,1.0,FRC3,False
2026-02-10T10:50:55.949560,Park_Street,22.5535,88.3531,14,19,470,346,0.62,FRC4,False
2026-02-10T10:50:57.106568,Howrah_Bridge,22.5851,88.3467,13,24,976,528,0.997743,FRC3,False
2026-02-10T10:50:58.267364,Gariahat,22.5189,88.3647,16,21,559,426,0.996573,FRC7,False
2026-02-10T10:50:59.422682,Salt_Lake_V,22.5744,88.4323,19,24,511,405,0.929205,FRC5,False
2026-02-10T10:52:00.629782,EM_Bypass_North,22.5726,88.3639,23,23,141,141,1.0,FRC3,False
2026-02-10T10:52:01.791628,Park_Street,22.5535,88.3531,14,19,470,346,0.58,FRC4,False
2026-02-10T10:52:02.943226,Howrah_Bridge,22.5851,88.3467,12,24,1057,528,0.997743,FRC3,False
2026-02-10T10:52:04.102497,Gariahat,22.5189,88.3647,14,23,639,389,0.996573,FRC7,False
2026-02-10T10:52:05.258872,Salt_Lake_V,22.5744,88.4323,19,24,511,405,0.929205,FRC5,False
2026-02-10T10:53:06.457973,EM_Bypass_North,22.5726,88.3639,23,23,141,141,1.0,FRC3,False
2026-02-10T10:53:07.619722,Park_Street,22.5535,88.3531,14,18,470,365,0.56,FRC4,False
2026-02-10T10:53:08.780247,Howrah_Bridge,22.5851,88.3467,12,24,1057,528,0.997709,FRC3,False
2026-02-10T10:53:09.939372,Gariahat,22.5189,88.3647,14,22,639,406,0.996573,FRC7,False
2026-02-10T10:53:11.096533,Salt_Lake_V,22.5744,88.4323,19,24,511,405,0.929205,FRC5,False
2026-02-10T10:54:12.310825,EM_Bypass_North,22.5726,88.3639,23,23,141,141,1.0,FRC3,False
2026-02-10T10:54:13.467070,Park_Street,22.5535,88.3531,14,18,470,365,0.56,FRC4,False
2026-02-10T10:54:14.623812,Howrah_Bridge,22.5851,88.3467,14,24,906,528,0.998307,FRC3,False
2026-02-10T10:54:15.779391,Gariahat,22.5189,88.3647,14,22,639,406,0.996573,FRC7,False
2026-02-10T10:54:16.940146,Salt_Lake_V,22.5744,88.4323,20,25,486,389,0.926058,FRC5,False
2026-02-10T10:55:18.141905,EM_Bypass_North,22.5726,88.3639,23,23,141,141,1.0,FRC3,False
2026-02-10T10:55:19.295005,Park_Street,22.5535,88.3531,11,18,598,365,0.56,FRC4,False
2026-02-10T10:55:20.452891,Howrah_Bridge,22.5851,88.3467,14,24,906,528,0.997743,FRC3,False
2026-02-10T10:55:21.607589,Gariahat,22.5189,88.3647,14,22,639,406,0.996573,FRC7,False
2026-02-10T10:55:22.766058,Salt_Lake_V,22.5744,88.4323,20,25,486,389,0.924485,FRC5,False
2026-02-10T10:56:24.030543,EM_Bypass_North,22.5726,88.3639,23,23,141,141,1.0,FRC3,False
2026-02-10T10:56:25.185556,Park_Street,22.5535,88.3531,11,18,598,365,0.58,FRC4,False
2026-02-10T10:56:26.341396,Howrah_Bridge,22.5851,88.3467,13,24,976,528,0.996614,FRC3,False
2026-02-10T10:56:27.495384,Gariahat,22.5189,88.3647,14,21,639,426,0.996573,FRC7,False
2026-02-10T10:56:28.657324,Salt_Lake_V,22.5744,88.4323,24,24,405,405,1.0,FRC5,False
2026-02-10T10:57:29.916139,EM_Bypass_North,22.5726,88.3639,23,23,141,141,1.0,FRC3,False
2026-02-10T10:57:31.070725,Park_Street,22.5535,88.3531,11,18,598,365,0.58,FRC4,False
2026-02-10T10:57:32.230059,Howrah_Bridge,22.5851,88.3467,13,24,976,528,0.993812,FRC3,False
2026-02-10T10:57:33.387850,Gariahat,22.5189,88.3647,14,21,639,426,0.996573,FRC7,False
2026-02-10T10:57:34.542032,Salt_Lake_V,22.5744,88.4323,21,24,463,405,0.924485,FRC5,False
2026-02-10T10:58:35.749230,EM_Bypass_North,22.5726,88.3639,23,23,141,141,1.0,FRC3,False
2026-02-10T10:58:36.907690,Park_Street,22.5535,88.3531,11,18,598,365,0.58,FRC4,False
2026-02-10T10:58:38.062695,Howrah_Bridge,22.5851,88.3467,13,24,976,528,0.994462,FRC3,False
2026-02-10T10:58:39.224396,Gariahat,22.5189,88.3647,14,22,639,406,0.996573,FRC7,False
2026-02-10T10:58:40.382648,Salt_Lake_V,22.5744,88.4323,21,24,463,405,0.916844,FRC5,False
2026-02-10T10:59:41.645551,EM_Bypass_North,22.5726,88.3639,23,23,141,141,1.0,FRC3,False
2026-02-10T10:59:42.799675,Park_Street,22.5535,88.3531,11,18,598,365,0.58,FRC4,False
2026-02-10T10:59:43.951416,Howrah_Bridge,22.5851,88.3467,14,23,906,551,0.994464,FRC3,False
2026-02-10T10:59:45.105660,Gariahat,22.5189,88.3647,15,23,596,389,0.996573,FRC7,False
2026-02-10T10:59:46.265234,Salt_Lake_V,22.5744,88.4323,20,24,486,405,0.922042,FRC5,False
2026-02-10T11:00:47.520222,EM_Bypass_North,22.5726,88.3639,23,23,141,141,1.0,FRC3,False
2026-02-10T11:00:48.677522,Park_Street,22.5535,88.3531,11,18,598,365,0.58,FRC4,False
2026-02-10T11:00:49.840118,Howrah_Bridge,22.5851,88.3467,14,24,906,528,0.995888,FRC3,False
2026-02-10T11:00:50.999349,Gariahat,22.5189,88.3647,14,22,639,406,0.996573,FRC7,False
2026-02-10T11:00:52.154255,Salt_Lake_V,22.5744,88.4323,18,24,540,405,0.932436,FRC5,False
2026-02-10T11:01:53.402204,EM_Bypass_North,22.5726,88.3639,23,23,141,141,1.0,FRC3,False
2026-02-10T11:01:54.557770,Park_Street,22.5535,88.3531,11,18,598,365,0.58,FRC4,False
2026-02-10T11:01:55.717825,Howrah_Bridge,22.5851,88.3467,13,24,976,528,0.995888,FRC3,False
2026-02-10T11:01:56.872022,Gariahat,22.5189,88.3647,14,22,639,406,0.99743,FRC7,False
2026-02-10T11:01:58.031114,Salt_Lake_V,22.5744,88.4323,18,24,540,405,0.932436,FRC5,False
2026-02-10T11:02:59.277526,EM_Bypass_North,22.5726,88.3639,23,23,141,141,1.0,FRC3,False
2026-02-10T11:03:00.431512,Park_Street,22.5535,88.3531,11,19,598,346,0.6,FRC4,False
2026-02-10T11:03:01.595625,Howrah_Bridge,22.5851,88.3467,12,23,1057,551,0.995789,FRC3,False
2026-02-10T11:03:02.750362,Gariahat,22.5189,88.3647,14,22,639,406,0.99743,FRC7,False
2026-02-10T11:03:03.905333,Salt_Lake_V,22.5744,88.4323,18,24,540,405,0.924485,FRC5,False
2026-02-10T11:04:05.175165,EM_Bypass_North,22.5726,88.3639,23,23,141,141,1.0,FRC3,False
2026-02-10T11:04:06.342524,Park_Street,22.5535,88.3531,11,19,598,346,0.59,FRC4,False
2026-02-10T11:04:07.494538,Howrah_Bridge,22.5851,88.3467,13,24,976,528,0.995638,FRC3,False
2026-02-10T11:04:08.657996,Gariahat,22.5189,88.3647,14,22,639,406,0.99743,FRC7,False
2026-02-10T11:04:09.818921,Salt_Lake_V,22.5744,88.4323,17,24,572,405,0.932436,FRC5,False
2026-02-10T11:05:11.021211,EM_Bypass_North,22.5726,88.3639,23,23,141,141,1.0,FRC3,False
2026-02-10T11:05:12.176550,Park_Street,22.5535,88.3531,11,19,598,346,0.59,FRC4,False
2026-02-10T11:05:13.336366,Howrah_Bridge,22.5851,88.3467,14,24,906,528,0.995638,FRC3,False
2026-02-10T11:05:14.489897,Gariahat,22.5189,88.3647,14,22,639,406,0.99743,FRC7,False
2026-02-10T11:05:15.649416,Salt_Lake_V,22.5744,88.4323,18,24,540,405,0.932436,FRC5,False
2026-02-10T11:06:16.855965,EM_Bypass_North,22.5726,88.3639,23,23,141,141,1.0,FRC3,False
2026-02-10T11:06:18.013227,Park_Street,22.5535,88.3531,11,19,598,346,0.59,FRC4,False
2026-02-10T11:06:19.164655,Howrah_Bridge,22.5851,88.3467,14,23,906,551,0.99356,FRC3,False
2026-02-10T11:06:20.323681,Gariahat,22.5189,88.3647,14,21,639,426,0.99743,FRC7,False
2026-02-10T11:06:21.486620,Salt_Lake_V,22.5744,88.4323,20,24,486,405,0.932436,FRC5,False
2026-02-10T11:07:22.694495,EM_Bypass_North,22.5726,88.3639,23,23,141,141,1.0,FRC3,False
2026-02-10T11:07:23.859443,Park_Street,22.5535,88.3531,11,19,598,346,0.59,FRC4,False
2026-02-10T11:07:25.025493,Howrah_Bridge,22.5851,88.3467,13,24,976,528,0.994379,FRC3,False
2026-02-10T11:07:26.184596,Gariahat,22.5189,88.3647,15,22,596,406,0.99743,FRC7,False
2026-02-10T11:07:27.345440,Salt_Lake_V,22.5744,88.4323,20,24,486,405,0.932436,FRC5,False
2026-02-10T11:08:28.557289,EM_Bypass_North,22.5726,88.3639,23,23,141,141,1.0,FRC3,False
2026-02-10T11:08:29.717486,Park_Street,22.5535,88.3531,11,19,598,346,0.59,FRC4,False
2026-02-10T11:08:30.885853,Howrah_Bridge,22.5851,88.3467,14,24,906,528,0.991881,FRC3,False
2026-02-10T11:08:32.049613,Gariahat,22.5189,88.3647,14,22,639,406,0.99743,FRC7,False
2026-02-10T11:08:33.206364,Salt_Lake_V,22.5744,88.4323,18,24,540,405,0.926058,FRC5,False
2026-02-10T11:09:34.423199,EM_Bypass_North,22.5726,88.3639,23,23,141,141,1.0,FRC3,False
2026-02-10T11:09:35.579073,Park_Street,22.5535,88.3531,11,19,598,346,0.59,FRC4,False
2026-02-10T11:09:36.735573,Howrah_Bridge,22.5851,88.3467,14,24,906,528,0.991651,FRC3,False
2026-02-10T11:09:37.893200,Gariahat,22.5189,88.3647,13,21,688,426,0.99743,FRC7,False
2026-02-10T11:09:39.053642,Salt_Lake_V,22.5744,88.4323,17,24,572,405,0.926058,FRC5,False
2026-02-10T11:10:40.293644,EM_Bypass_North,22.5726,88.3639,23,23,141,141,1.0,FRC3,False
2026-02-10T11:10:41.452152,Park_Street,22.5535,88.3531,11,18,598,365,0.63,FRC4,False
2026-02-10T11:10:42.609202,Howrah_Bridge,22.5851,88.3467,12,24,1057,528,0.993455,FRC3,False
2026-02-10T11:10:43.767721,Gariahat,22.5189,88.3647,13,22,688,406,0.99743,FRC7,False
2026-02-10T11:10:44.923534,Salt_Lake_V,22.5744,88.4323,16,23,607,422,0.927339,FRC5,False
2026-02-10T11:11:46.145476,EM_Bypass_North,22.5726,88.3639,23,23,141,141,1.0,FRC3,False
2026-02-10T11:11:47.302675,Park_Street,22.5535,88.3531,11,18,598,365,0.63,FRC4,False
2026-02-10T11:11:48.466797,Howrah_Bridge,22.5851,88.3467,12,24,1057,528,0.993117,FRC3,False
2026-02-10T11:11:49.619870,Gariahat,22.5189,88.3647,12,22,745,406,0.99743,FRC7,False
2026-02-10T11:11:50.774666,Salt_Lake_V,22.5744,88.4323,17,25,572,389,0.926058,FRC5,False
2026-02-10T11:12:52.028874,EM_Bypass_North,22.5726,88.3639,23,23,141,141,1.0,FRC3,False
2026-02-10T11:12:53.182374,Park_Street,22.5535,88.3531,11,19,598,346,0.62,FRC4,False
2026-02-10T11:12:54.339057,Howrah_Bridge,22.5851,88.3467,12,23,1057,551,0.991504,FRC3,False
2026-02-10T11:12:55.498280,Gariahat,22.5189,88.3647,13,22,688,406,0.998134,FRC7,False
2026-02-10T11:12:56.655977,Salt_Lake_V,22.5744,88.4323,17,25,572,389,0.926058,FRC5,False
2026-02-10T11:13:57.867639,EM_Bypass_North,22.5726,88.3639,23,23,141,141,1.0,FRC3,False
2026-02-10T11:13:59.022390,Park_Street,22.5535,88.3531,11,18,598,365,0.63,FRC4,False
2026-02-10T11:14:00.186742,Howrah_Bridge,22.5851,88.3467,12,24,1057,528,0.990134,FRC3,False
2026-02-10T11:14:01.341831,Gariahat,22.5189,88.3647,13,22,688,406,0.998134,FRC7,False
2026-02-10T11:14:02.502249,Salt_Lake_V,22.5744,88.4323,18,25,540,389,0.926058,FRC5,False
2026-02-10T11:15:03.720486,EM_Bypass_North,22.5726,88.3639,23,23,141,141,1.0,FRC3,False
2026-02-10T11:15:04.879745,Park_Street,22.5535,88.3531,11,18,598,365,0.65,FRC4,False
2026-02-10T11:15:06.043069,Howrah_Bridge,22.5851,88.3467,13,24,976,528,0.988699,FRC3,False
2026-02-10T11:15:07.199231,Gariahat,22.5189,88.3647,12,21,745,426,0.998134,FRC7,False
2026-02-10T11:15:08.353198,Salt_Lake_V,22.5744,88.4323,18,23,540,422,0.927235,FRC5,False
2026-02-10T11:16:09.614158,EM_Bypass_North,22.5726,88.3639,23,23,141,141,1.0,FRC3,False
2026-02-10T11:16:10.768716,Park_Street,22.5535,88.3531,11,18,598,365,0.66,FRC4,False
2026-02-10T11:16:11.923947,Howrah_Bridge,22.5851,88.3467,13,24,976,528,0.991577,FRC3,False
2026-02-10T11:16:13.079165,Gariahat,22.5189,88.3647,13,22,688,406,0.998286,FRC7,False
2026-02-10T11:16:14.236186,Salt_Lake_V,22.5744,88.4323,18,24,540,405,0.927235,FRC5,False
2026-02-10T11:17:15.480671,EM_Bypass_North,22.5726,88.3639,23,23,141,141,1.0,FRC3,False
2026-02-10T11:17:16.638418,Park_Street,22.5535,88.3531,11,18,598,365,0.66,FRC4,False
2026-02-10T11:17:17.801040,Howrah_Bridge,22.5851,88.3467,13,25,976,507,0.989623,FRC3,False
2026-02-10T11:17:18.956182,Gariahat,22.5189,88.3647,13,22,688,406,0.999143,FRC7,False
2026-02-10T11:17:20.125243,Salt_Lake_V,22.5744,88.4323,18,24,540,405,0.93385,FRC5,False
2026-02-10T11:18:21.337862,EM_Bypass_North,22.5726,88.3639,23,23,141,141,1.0,FRC3,False
2026-02-10T11:18:22.490461,Park_Street,22.5535,88.3531,11,19,598,346,0.66,FRC4,False
2026-02-10T11:18:23.646127,Howrah_Bridge,22.5851,88.3467,12,24,1057,528,0.990131,FRC3,False
2026-02-10T11:18:24.819118,Gariahat,22.5189,88.3647,14,22,639,406,0.998286,FRC7,False
2026-02-10T11:18:25.976579,Salt_Lake_V,22.5744,88.4323,18,24,540,405,0.93385,FRC5,False
2026-02-10T11:19:27.249441,EM_Bypass_North,22.5726,88.3639,23,23,141,141,1.0,FRC3,False
2026-02-10T11:19:28.400667,Park_Street,22.5535,88.3531,11,19,598,346,0.66,FRC4,False
2026-02-10T11:19:29.557186,Howrah_Bridge,22.5851,88.3467,14,23,906,551,0.990449,FRC3,False
2026-02-10T11:19:30.710943,Gariahat,22.5189,88.3647,15,22,596,406,0.99743,FRC7,False
2026-02-10T11:19:31.868870,Salt_Lake_V,22.5744,88.4323,19,24,511,405,0.927235,FRC5,False
2026-02-10T11:20:33.081551,EM_Bypass_North,22.5726,88.3639,23,23,141,141,1.0,FRC3,False
2026-02-10T11:20:34.246268,Park_Street,22.5535,88.3531,11,18,598,365,0.67,FRC4,False
2026-02-10T11:20:35.404923,Howrah_Bridge,22.5851,88.3467,13,24,976,528,0.990449,FRC3,False
2026-02-10T11:20:36.561350,Gariahat,22.5189,88.3647,15,21,596,426,0.99743,FRC7,False
2026-02-10T11:20:37.723821,Salt_Lake_V,22.5744,88.4323,19,24,511,405,0.932436,FRC5,False
2026-02-10T05:18:16.663511,EM_Bypass_North,22.5726,88.3639,23,23,141,141,1.0,FRC3,False
2026-02-10T05:18:17.827750,Park_Street,22.5535,88.3531,13,18,506,365,0.995192,FRC4,False
2026-02-10T05:18:18.992168,Howrah_Bridge,22.5851,88.3467,16,24,793,528,1.0,FRC3,False
2026-02-10T05:18:20.162092,Gariahat,22.5189,88.3647,19,23,471,389,0.99743,FRC7,False
2026-02-10T05:18:21.318949,Salt_Lake_V,22.5744,88.4323,17,25,572,389,0.923241,FRC5,False
2026-02-10T05:19:22.617572,EM_Bypass_North,22.5726,88.3639,23,23,141,141,1.0,FRC3,False
2026-02-10T05:19:23.777677,Park_Street,22.5535,88.3531,13,19,506,346,0.99,FRC4,False
2026-02-10T05:19:24.937349,Howrah_Bridge,22.5851,88.3467,16,23,793,551,1.0,FRC3,False
2026-02-10T05:19:26.097717,Gariahat,22.5189,88.3647,18,22,497,406,0.99817,FRC7,False
2026-02-10T05:19:27.257981,Salt_Lake_V,22.5744,88.4323,15,25,648,389,0.927631,FRC5,False
2026-02-10T05:20:28.527552,EM_Bypass_North,22.5726,88.3639,23,23,141,141,1.0,FRC3,False
2026-02-10T05:20:29.683494,Park_Street,22.5535,88.3531,11,18,598,365,0.99,FRC4,False
2026-02-10T05:20:30.840104,Howrah_Bridge,22.5851,88.3467,17,23,746,551,1.0,FRC3,False
2026-02-10T05:20:31.994107,Gariahat,22.5189,88.3647,18,21,497,426,0.99743,FRC7,False
2026-02-10T05:20:33.151933,Salt_Lake_V,22.5744,88.4323,17,24,572,405,0.927631,FRC5,False
2026-02-10T05:21:34.431365,EM_Bypass_North,22.5726,88.3639,23,23,141,141,1.0,FRC3,False
2026-02-10T05:21:35.591606,Park_Street,22.5535,88.3531,13,19,506,346,0.99,FRC4,False
2026-02-10T05:21:36.751570,Howrah_Bridge,22.5851,88.3467,18,24,705,528,1.0,FRC3,False
2026-02-10T05:21:37.905748,Gariahat,22.5189,88.3647,18,23,497,389,0.996573,FRC7,False
2026-02-10T05:21:39.072374,Salt_Lake_V,22.5744,88.4323,15,24,648,405,0.925869,FRC5,False
2026-02-10T05:22:40.367224,EM_Bypass_North,22.5726,88.3639,23,23,141,141,1.0,FRC3,False
2026-02-10T05:22:41.535745,Park_Street,22.5535,88.3531,14,18,470,365,0.993589,FRC4,False
2026-02-10T05:22:42.687438,Howrah_Bridge,22.5851,88.3467,18,24,705,528,1.0,FRC3,False
2026-02-10T05:22:43.855676,Gariahat,22.5189,88.3647,18,22,497,406,0.996573,FRC7,False
2026-02-10T05:22:45.018073,Salt_Lake_V,22.5744,88.4323,16,24,607,405,0.923689,FRC5,False
2026-02-10T05:23:46.267607,EM_Bypass_North,22.5726,88.3639,23,23,141,141,1.0,FRC3,False
2026-02-10T05:23:47.421053,Park_Street,22.5535,88.3531,14,18,470,365,0.993589,FRC4,False
2026-02-10T05:23:48.588170,Howrah_Bridge,22.5851,88.3467,19,24,668,528,1.0,FRC3,False
2026-02-10T05:23:49.745322,Gariahat,22.5189,88.3647,17,22,526,406,0.996573,FRC7,False
2026-02-10T05:23:50.907266,Salt_Lake_V,22.5744,88.4323,18,24,540,405,0.92805,FRC5,False
2026-02-10T05:24:52.213430,EM_Bypass_North,22.5726,88.3639,23,23,141,141,1.0,FRC3,False
2026-02-10T05:24:53.370840,Park_Street,22.5535,88.3531,13,18,506,365,0.99,FRC4,False
2026-02-10T05:24:54.533201,Howrah_Bridge,22.5851,88.3467,18,24,705,528,1.0,FRC3,False
2026-02-10T05:24:55.687233,Gariahat,22.5189,88.3647,16,23,559,389,0.99817,FRC7,False
2026-02-10T05:24:56.844589,Salt_Lake_V,22.5744,88.4323,17,24,572,405,0.923689,FRC5,False
2026-02-10T05:25:58.123645,EM_Bypass_North,22.5726,88.3639,23,23,141,141,1.0,FRC3,False
2026-02-10T05:25:59.294245,Park_Street,22.5535,88.3531,14,19,470,346,0.99,FRC4,False
2026-02-10T05:26:00.450507,Howrah_Bridge,22.5851,88.3467,16,23,793,551,1.0,FRC3,False
2026-02-10T05:26:01.607040,Gariahat,22.5189,88.3647,15,22,596,406,0.99817,FRC7,False
2026-02-10T05:26:02.759188,Salt_Lake_V,22.5744,88.4323,16,24,607,405,0.923689,FRC5,False
2026-02-10T05:27:04.032673,EM_Bypass_North,22.5726,88.3639,23,23,141,141,1.0,FRC3,False
2026-02-10T05:27:05.187581,Park_Street,22.5535,88.3531,14,19,470,346,0.99,FRC4,False
2026-02-10T05:27:06.347038,Howrah_Bridge,22.5851,88.3467,16,23,793,551,1.0,FRC3,False
2026-02-10T05:27:07.508263,Gariahat,22.5189,88.3647,15,22,596,406,0.99817,FRC7,False
2026-02-10T05:27:08.668196,Salt_Lake_V,22.5744,88.4323,16,25,607,389,0.927631,FRC5,False
2026-02-10T05:28:09.878509,EM_Bypass_North,22.5726,88.3639,19,22,170,147,0.506175,FRC3,False
2026-02-10T05:28:11.037947,Park_Street,22.5535,88.3531,13,18,506,365,0.99,FRC4,False
2026-02-10T05:28:12.197263,Howrah_Bridge,22.5851,88.3467,17,24,746,528,1.0,FRC3,False
2026-02-10T05:28:13.355454,Gariahat,22.5189,88.3647,15,22,596,406,0.99743,FRC7,False
2026-02-10T05:28:14.507727,Salt_Lake_V,22.5744,88.4323,17,24,572,405,0.927631,FRC5,False
2026-02-10T05:29:15.802256,EM_Bypass_North,22.5726,88.3639,19,22,170,147,0.506175,FRC3,False
2026-02-10T05:29:16.958446,Park_Street,22.5535,88.3531,11,18,598,365,0.99,FRC4,False
2026-02-10T05:29:18.127106,Howrah_Bridge,22.5851,88.3467,18,23,705,551,1.0,FRC3,False
2026-02-10T05:29:19.293837,Gariahat,22.5189,88.3647,15,23,596,389,0.99743,FRC7,False
2026-02-10T05:29:20.453682,Salt_Lake_V,22.5744,88.4323,18,24,540,405,0.927631,FRC5,False
2026-02-10T05:30:21.727130,EM_Bypass_North,22.5726,88.3639,19,22,170,147,0.506175,FRC3,False
2026-02-10T05:30:22.885467,Park_Street,22.5535,88.3531,11,18,598,365,0.99,FRC4,False
2026-02-10T05:30:24.043841,Howrah_Bridge,22.5851,88.3467,16,23,793,551,1.0,FRC3,False
2026-02-10T05:30:25.213655,Gariahat,22.5189,88.3647,15,22,596,406,0.99743,FRC7,False
2026-02-10T05:30:26.371949,Salt_Lake_V,22.5744,88.4323,16,24,607,405,0.927631,FRC5,False
2026-02-10T05:31:27.663174,EM_Bypass_North,22.5726,88.3639,19,22,170,147,0.506175,FRC3,False
2026-02-10T05:31:28.820647,Park_Street,22.5535,88.3531,11,19,598,346,0.99,FRC4,False
2026-02-10T05:31:29.977706,Howrah_Bridge,22.5851,88.3467,17,24,746,528,1.0,FRC3,False
2026-02-10T05:31:31.131042,Gariahat,22.5189,88.3647,15,22,596,406,0.99743,FRC7,False
2026-02-10T05:31:32.285875,Salt_Lake_V,22.5744,88.4323,14,24,694,405,0.927631,FRC5,False
2026-02-10T05:32:33.566442,EM_Bypass_North,22.5726,88.3639,19,22,170,147,0.506175,FRC3,False
2026-02-10T05:32:34.727098,Park_Street,22.5535,88.3531,10,17,658,387,0.995192,FRC4,False
2026-02-10T05:32:35.882843,Howrah_Bridge,22.5851,88.3467,16,24,793,528,1.0,FRC3,False
2026-02-10T05:32:37.040946,Gariahat,22.5189,88.3647,15,22,596,406,0.99817,FRC7,False
2026-02-10T05:32:38.194318,Salt_Lake_V,22.5744,88.4323,14,24,694,405,0.924929,FRC5,False
2026-02-10T05:33:39.481331,EM_Bypass_North,22.5726,88.3639,23,23,141,141,1.0,FRC3,False
2026-02-10T05:33:40.635884,Park_Street,22.5535,88.3531,10,18,658,365,0.995192,FRC4,False
2026-02-10T05:33:41.793544,Howrah_Bridge,22.5851,88.3467,16,23,793,551,1.0,FRC3,False
2026-02-10T05:33:42.949702,Gariahat,22.5189,88.3647,15,22,596,406,0.996573,FRC7,False
2026-02-10T05:33:44.104555,Salt_Lake_V,22.5744,88.4323,16,24,607,405,0.925373,FRC5,False
2026-02-10T05:34:45.384825,EM_Bypass_North,22.5726,88.3639,23,23,141,141,1.0,FRC3,False
2026-02-10T05:34:46.544206,Park_Street,22.5535,88.3531,10,17,658,387,0.995192,FRC4,False
2026-02-10T05:34:47.702093,Howrah_Bridge,22.5851,88.3467,17,24,746,528,1.0,FRC3,False
2026-02-10T05:34:48.855564,Gariahat,22.5189,88.3647,15,23,596,389,0.996573,FRC7,False
2026-02-10T05:34:50.013786,Salt_Lake_V,22.5744,88.4323,15,24,648,405,0.93177,FRC5,False
2026-02-10T05:35:51.225312,EM_Bypass_North,22.5726,88.3639,23,23,141,141,1.0,FRC3,False
2026-02-10T05:35:52.381531,Park_Street,22.5535,88.3531,10,17,658,387,0.995192,FRC4,False
2026-02-10T05:35:53.536781,Howrah_Bridge,22.5851,88.3467,17,23,746,551,1.0,FRC3,False
2026-02-10T05:35:54.691169,Gariahat,22.5189,88.3647,15,22,596,406,0.996573,FRC7,False
2026-02-10T05:35:55.844424,Salt_Lake_V,22.5744,88.4323,16,24,607,405,0.92805,FRC5,False
2026-02-10T05:36:57.127944,EM_Bypass_North,22.5726,88.3639,23,23,141,141,1.0,FRC3,False
2026-02-10T05:36:58.283346,Park_Street,22.5535,88.3531,10,18,658,365,0.996795,FRC4,False
2026-02-10T05:36:59.440552,Howrah_Bridge,22.5851,88.3467,17,23,746,551,1.0,FRC3,False
2026-02-10T05:37:00.598836,Gariahat,22.5189,88.3647,15,23,596,389,0.996573,FRC7,False
2026-02-10T05:37:01.756610,Salt_Lake_V,22.5744,88.4323,17,25,572,389,0.927631,FRC5,False
2026-02-10T05:38:02.963035,EM_Bypass_North,22.5726,88.3639,23,23,141,141,1.0,FRC3,False
2026-02-10T05:38:04.119736,Park_Street,22.5535,88.3531,11,19,598,346,0.99,FRC4,False
2026-02-10T05:38:05.276869,Howrah_Bridge,22.5851,88.3467,17,23,746,551,1.0,FRC3,False
2026-02-10T05:38:06.434034,Gariahat,22.5189,88.3647,17,23,526,389,0.995716,FRC7,False
2026-02-10T05:38:07.595030,Salt_Lake_V,22.5744,88.4323,16,24,607,405,0.927631,FRC5,False
2026-02-10T05:39:08.809254,EM_Bypass_North,22.5726,88.3639,23,23,141,141,1.0,FRC3,False
2026-02-10T05:39:09.963875,Park_Street,22.5535,88.3531,11,18,598,365,0.99,FRC4,False
2026-02-10T05:39:11.116856,Howrah_Bridge,22.5851,88.3467,17,24,746,528,1.0,FRC3,False
2026-02-10T05:39:12.268422,Gariahat,22.5189,88.3647,17,22,526,406,0.995716,FRC7,False
2026-02-10T05:39:13.427669,Salt_Lake_V,22.5744,88.4323,16,25,607,389,0.931215,FRC5,False
2026-02-10T05:40:14.702536,EM_Bypass_North,22.5726,88.3639,23,23,141,141,1.0,FRC3,False
2026-02-10T05:40:15.861687,Park_Street,22.5535,88.3531,11,19,598,346,0.99,FRC4,False
2026-02-10T05:40:17.022120,Howrah_Bridge,22.5851,88.3467,17,23,746,551,1.0,FRC3,False
2026-02-10T05:40:18.189536,Gariahat,22.5189,88.3647,17,23,526,389,0.995716,FRC7,False
2026-02-10T05:40:19.345497,Salt_Lake_V,22.5744,88.4323,16,25,607,389,0.931215,FRC5,False
2026-02-10T05:41:20.555647,EM_Bypass_North,22.5726,88.3639,18,22,180,147,0.512349,FRC3,False
2026-02-10T05:41:21.710456,Park_Street,22.5535,88.3531,11,18,598,365,0.99,FRC4,False
2026-02-10T05:41:22.869193,Howrah_Bridge,22.5851,88.3467,17,23,746,551,1.0,FRC3,False
2026-02-10T05:41:24.024918,Gariahat,22.5189,88.3647,17,22,526,406,0.995716,FRC7,False
2026-02-10T05:41:25.181296,Salt_Lake_V,22.5744,88.4323,15,25,648,389,0.927631,FRC5,False
2026-02-10T05:42:26.382361,EM_Bypass_North,22.5726,88.3639,18,22,180,147,0.512349,FRC3,False
2026-02-10T05:42:27.540436,Park_Street,22.5535,88.3531,11,19,598,346,0.99,FRC4,False
2026-02-10T05:42:28.693333,Howrah_Bridge,22.5851,88.3467,17,24,746,528,1.0,FRC3,False
2026-02-10T05:42:29.845491,Gariahat,22.5189,88.3647,17,22,526,406,0.996573,FRC7,False
2026-02-10T05:42:31.002667,Salt_Lake_V,22.5744,88.4323,14,23,694,422,0.927631,FRC5,False
2026-02-10T05:43:32.213822,EM_Bypass_North,22.5726,88.3639,18,22,180,147,0.512349,FRC3,False
2026-02-10T05:43:33.372680,Park_Street,22.5535,88.3531,13,19,506,346,0.99,FRC4,False
2026-02-10T05:43:34.532060,Howrah_Bridge,22.5851,88.3467,16,24,793,528,1.0,FRC3,False
2026-02-10T05:43:35.687391,Gariahat,22.5189,88.3647,18,22,497,406,0.996573,FRC7,False
2026-02-10T05:43:36.858123,Salt_Lake_V,22.5744,88.4323,16,24,607,405,0.942431,FRC5,False
2026-02-10T05:44:38.077181,EM_Bypass_North,22.5726,88.3639,18,22,180,147,0.512349,FRC3,False
2026-02-10T05:44:39.232548,Park_Street,22.5535,88.3531,11,19,598,346,0.99,FRC4,False
2026-02-10T05:44:40.388399,Howrah_Bridge,22.5851,88.3467,17,24,746,528,1.0,FRC3,False
2026-02-10T05:44:41.541308,Gariahat,22.5189,88.3647,18,23,497,389,0.995716,FRC7,False
2026-02-10T05:44:42.695080,Salt_Lake_V,22.5744,88.4323,15,25,648,389,0.942431,FRC5,False
2026-02-10T05:45:43.969977,EM_Bypass_North,22.5726,88.3639,18,22,180,147,0.512349,FRC3,False
2026-02-10T05:45:45.124158,Park_Street,22.5535,88.3531,11,18,598,365,0.99,FRC4,False
2026-02-10T05:45:46.286306,Howrah_Bridge,22.5851,88.3467,15,23,846,551,1.0,FRC3,False
2026-02-10T05:45:47.439629,Gariahat,22.5189,88.3647,17,22,526,406,0.996573,FRC7,False
2026-02-10T05:45:48.591951,Salt_Lake_V,22.5744,88.4323,16,24,607,405,0.939551,FRC5,False
2026-02-10T05:46:49.799326,EM_Bypass_North,22.5726,88.3639,18,22,180,147,0.512349,FRC3,False
2026-02-10T05:46:50.957863,Park_Street,22.5535,88.3531,11,19,598,346,0.99,FRC4,False
2026-02-10T05:46:52.118624,Howrah_Bridge,22.5851,88.3467,18,24,705,528,1.0,FRC3,False
2026-02-10T05:46:53.275888,Gariahat,22.5189,88.3647,16,22,559,406,0.996573,FRC7,False
2026-02-10T05:46:54.435116,Salt_Lake_V,22.5744,88.4323,13,25,748,389,0.937352,FRC5,False
2026-02-10T05:47:55.645117,EM_Bypass_North,22.5726,88.3639,18,22,180,147,0.512349,FRC3,False
2026-02-10T05:47:56.802210,Park_Street,22.5535,88.3531,13,18,506,365,0.99,FRC4,False
2026-02-10T05:47:57.953958,Howrah_Bridge,22.5851,88.3467,17,24,746,528,1.0,FRC3,False
2026-02-10T05:47:59.114039,Gariahat,22.5189,88.3647,16,22,559,406,0.996573,FRC7,False
2026-02-10T05:48:00.273168,Salt_Lake_V,22.5744,88.4323,13,24,748,405,0.926058,FRC5,False
2026-02-10T05:49:01.488095,EM_Bypass_North,22.5726,88.3639,18,22,180,147,0.518524,FRC3,False
2026-02-10T05:49:02.639279,Park_Street,22.5535,88.3531,13,18,506,365,0.99,FRC4,False
2026-02-10T05:49:03.791340,Howrah_Bridge,22.5851,88.3467,18,24,705,528,1.0,FRC3,False
2026-02-10T05:49:04.942840,Gariahat,22.5189,88.3647,17,22,526,406,0.995716,FRC7,False
2026-02-10T05:49:06.102738,Salt_Lake_V,22.5744,88.4323,13,24,748,405,0.926058,FRC5,False
2026-02-10T05:50:07.375876,EM_Bypass_North,22.5726,88.3639,18,22,180,147,0.518524,FRC3,False
2026-02-10T05:50:08.527544,Park_Street,22.5535,88.3531,11,18,598,365,1.0,FRC4,False
2026-02-10T05:50:09.685466,Howrah_Bridge,22.5851,88.3467,16,24,793,528,1.0,FRC3,False
2026-02-10T05:50:10.840952,Gariahat,22.5189,88.3647,15,23,596,389,0.996573,FRC7,False
2026-02-10T05:50:11.996488,Salt_Lake_V,22.5744,88.4323,13,24,748,405,0.926058,FRC5,False
2026-02-10T05:51:13.303816,EM_Bypass_North,22.5726,88.3639,18,22,180,147,0.518524,FRC3,False
2026-02-10T05:51:14.469643,Park_Street,22.5535,88.3531,11,18,598,365,1.0,FRC4,False
2026-02-10T05:51:15.629423,Howrah_Bridge,22.5851,88.3467,16,24,793,528,1.0,FRC3,False
2026-02-10T05:51:16.786546,Gariahat,22.5189,88.3647,16,22,559,406,0.996573,FRC7,False
2026-02-10T05:51:17.941985,Salt_Lake_V,22.5744,88.4323,12,23,810,422,0.926058,FRC5,False
2026-02-10T05:52:19.141253,EM_Bypass_North,22.5726,88.3639,18,22,180,147,0.518524,FRC3,False
2026-02-10T05:52:20.297863,Park_Street,22.5535,88.3531,12,18,548,365,0.996464,FRC4,False
2026-02-10T05:52:21.452408,Howrah_Bridge,22.5851,88.3467,17,24,746,528,1.0,FRC3,False
2026-02-10T05:52:22.611444,Gariahat,22.5189,88.3647,16,21,559,426,0.995716,FRC7,False
2026-02-10T05:52:23.766412,Salt_Lake_V,22.5744,88.4323,15,25,648,389,0.926058,FRC5,False
2026-02-10T05:53:24.972058,EM_Bypass_North,22.5726,88.3639,18,22,180,147,0.518524,FRC3,False
2026-02-10T05:53:26.129638,Park_Street,22.5535,88.3531,11,18,598,365,0.994839,FRC4,False
2026-02-10T05:53:27.291966,Howrah_Bridge,22.5851,88.3467,18,24,705,528,1.0,FRC3,False
2026-02-10T05:53:28.456984,Gariahat,22.5189,88.3647,16,21,559,426,0.996573,FRC7,False
2026-02-10T05:53:29.613200,Salt_Lake_V,22.5744,88.4323,16,25,607,389,0.926058,FRC5,False
2026-02-10T05:54:30.829337,EM_Bypass_North,22.5726,88.3639,19,22,170,147,0.512349,FRC3,False
2026-02-10T05:54:31.987721,Park_Street,22.5535,88.3531,11,19,598,346,0.996464,FRC4,False
2026-02-10T05:54:33.140345,Howrah_Bridge,22.5851,88.3467,17,24,746,528,1.0,FRC3,False
2026-02-10T05:54:34.298376,Gariahat,22.5189,88.3647,17,22,526,406,0.996573,FRC7,False
2026-02-10T05:54:35.451947,Salt_Lake_V,22.5744,88.4323,15,25,648,389,0.926058,FRC5,False
2026-02-10T05:55:36.655820,EM_Bypass_North,22.5726,88.3639,19,22,170,147,0.512349,FRC3,False
2026-02-10T05:55:37.812408,Park_Street,22.5535,88.3531,12,19,548,346,0.996464,FRC4,False
2026-02-10T05:55:38.966481,Howrah_Bridge,22.5851,88.3467,17,24,746,528,1.0,FRC3,False
2026-02-10T05:55:40.122875,Gariahat,22.5189,88.3647,17,23,526,389,0.995716,FRC7,False
2026-02-10T05:55:41.282409,Salt_Lake_V,22.5744,88.4323,14,24,694,405,0.926058,FRC5,False
2026-02-10T05:56:42.565039,EM_Bypass_North,22.5726,88.3639,17,22,191,147,0.518524,FRC3,False
2026-02-10T05:56:43.720803,Park_Street,22.5535,88.3531,12,18,548,365,0.996464,FRC4,False
2026-02-10T05:56:44.884294,Howrah_Bridge,22.5851,88.3467,18,24,705,528,1.0,FRC3,False
2026-02-10T05:56:46.040164,Gariahat,22.5189,88.3647,18,22,497,406,0.995716,FRC7,False
2026-02-10T05:56:47.195239,Salt_Lake_V,22.5744,88.4323,17,24,572,405,0.924929,FRC5,False
2026-02-10T05:57:48.404825,EM_Bypass_North,22.5726,88.3639,17,22,191,147,0.518524,FRC3,False
2026-02-10T05:57:49.564970,Park_Street,22.5535,88.3531,11,19,598,346,0.996464,FRC4,False
2026-02-10T05:57:50.720235,Howrah_Bridge,22.5851,88.3467,18,23,705,551,1.0,FRC3,False
2026-02-10T05:57:51.877812,Gariahat,22.5189,88.3647,17,22,526,406,0.994859,FRC7,False
2026-02-10T05:57:53.034708,Salt_Lake_V,22.5744,88.4323,16,25,607,389,0.924929,FRC5,False
2026-02-10T05:58:54.245200,EM_Bypass_North,22.5726,88.3639,23,23,141,141,1.0,FRC3,False
2026-02-10T05:58:55.406507,Park_Street,22.5535,88.3531,10,19,658,346,0.996464,FRC4,False
2026-02-10T05:58:56.564334,Howrah_Bridge,22.5851,88.3467,17,24,746,528,1.0,FRC3,False
2026-02-10T05:58:57.726056,Gariahat,22.5189,88.3647,17,22,526,406,0.994859,FRC7,False
2026-02-10T05:58:58.886869,Salt_Lake_V,22.5744,88.4323,15,24,648,405,0.92487,FRC5,False
2026-02-10T06:00:00.087334,EM_Bypass_North,22.5726,88.3639,23,23,141,141,1.0,FRC3,False
2026-02-10T06:00:01.242074,Park_Street,22.5535,88.3531,10,18,658,365,0.996464,FRC4,False
2026-02-10T06:00:02.396050,Howrah_Bridge,22.5851,88.3467,17,24,746,528,1.0,FRC3,False
2026-02-10T06:00:03.560963,Gariahat,22.5189,88.3647,17,22,526,406,0.994859,FRC7,False
2026-02-10T06:00:04.716889,Salt_Lake_V,22.5744,88.4323,15,24,648,405,0.926617,FRC5,False
2026-02-10T06:01:05.989267,EM_Bypass_North,22.5726,88.3639,23,23,141,141,1.0,FRC3,False
2026-02-10T06:01:07.148417,Park_Street,22.5535,88.3531,10,18,658,365,0.99,FRC4,False
2026-02-10T06:01:08.304575,Howrah_Bridge,22.5851,88.3467,17,24,746,528,1.0,FRC3,False
2026-02-10T06:01:09.464019,Gariahat,22.5189,88.3647,16,22,559,406,0.995716,FRC7,False
2026-02-10T06:01:10.620580,Salt_Lake_V,22.5744,88.4323,15,24,648,405,0.926617,FRC5,False
2026-02-10T06:02:11.829252,EM_Bypass_North,22.5726,88.3639,23,23,141,141,1.0,FRC3,False
2026-02-10T06:02:12.982806,Park_Street,22.5535,88.3531,11,18,598,365,0.99,FRC4,False
2026-02-10T06:02:14.137617,Howrah_Bridge,22.5851,88.3467,17,24,746,528,1.0,FRC3,False
2026-02-10T06:02:15.294719,Gariahat,22.5189,88.3647,16,22,559,406,0.995716,FRC7,False
2026-02-10T06:02:16.451626,Salt_Lake_V,22.5744,88.4323,15,25,648,389,0.931859,FRC5,False
2026-02-10T06:03:17.661708,EM_Bypass_North,22.5726,88.3639,23,23,141,141,1.0,FRC3,False
2026-02-10T06:03:18.819686,Park_Street,22.5535,88.3531,12,18,548,365,0.99,FRC4,False
2026-02-10T06:03:19.971430,Howrah_Bridge,22.5851,88.3467,16,24,793,528,1.0,FRC3,False
2026-02-10T06:03:21.123643,Gariahat,22.5189,88.3647,16,23,559,389,0.995716,FRC7,False
2026-02-10T06:03:22.280271,Salt_Lake_V,22.5744,88.4323,16,25,607,389,0.925906,FRC5,False
2026-02-10T06:04:23.486886,EM_Bypass_North,22.5726,88.3639,23,23,141,141,1.0,FRC3,False
2026-02-10T06:04:24.639699,Park_Street,22.5535,88.3531,11,17,598,387,0.998397,FRC4,False
2026-02-10T06:04:25.797458,Howrah_Bridge,22.5851,88.3467,17,24,746,528,1.0,FRC3,False
2026-02-10T06:04:26.952621,Gariahat,22.5189,88.3647,17,23,526,389,0.995716,FRC7,False
2026-02-10T06:04:28.104721,Salt_Lake_V,22.5744,88.4323,15,24,648,405,0.930111,FRC5,False
2026-02-10T06:05:29.307425,EM_Bypass_North,22.5726,88.3639,23,23,141,141,1.0,FRC3,False
2026-02-10T06:05:30.465031,Park_Street,22.5535,88.3531,10,19,658,346,0.99,FRC4,False
2026-02-10T06:05:31.617081,Howrah_Bridge,22.5851,88.3467,17,24,746,528,1.0,FRC3,False
2026-02-10T06:05:32.774734,Gariahat,22.5189,88.3647,16,22,559,406,0.995716,FRC7,False
2026-02-10T06:05:33.925700,Salt_Lake_V,22.5744,88.4323,17,25,572,389,0.928364,FRC5,False
2026-02-10T06:06:35.128157,EM_Bypass_North,22.5726,88.3639,18,22,180,147,0.522349,FRC3,False
2026-02-10T06:06:36.281964,Park_Street,22.5535,88.3531,12,19,548,346,0.99,FRC4,False
2026-02-10T06:06:37.438868,Howrah_Bridge,22.5851,88.3467,17,24,746,528,1.0,FRC3,False
2026-02-10T06:06:38.592746,Gariahat,22.5189,88.3647,16,22,559,406,0.995716,FRC7,False
2026-02-10T06:06:39.759182,Salt_Lake_V,22.5744,88.4323,17,24,572,405,0.925373,FRC5,False
2026-02-10T06:07:40.966019,EM_Bypass_North,22.5726,88.3639,23,23,141,141,1.0,FRC3,False
2026-02-10T06:07:42.120597,Park_Street,22.5535,88.3531,12,19,548,346,0.99,FRC4,False
2026-02-10T06:07:43.285170,Howrah_Bridge,22.5851,88.3467,17,24,746,528,1.0,FRC3,False
2026-02-10T06:07:44.443205,Gariahat,22.5189,88.3647,15,22,596,406,0.995716,FRC7,False
2026-02-10T06:07:45.595886,Salt_Lake_V,22.5744,88.4323,16,24,607,405,0.926058,FRC5,False
2026-02-10T06:08:46.795123,EM_Bypass_North,22.5726,88.3639,23,23,141,141,1.0,FRC3,False
2026-02-10T06:08:47.947083,Park_Street,22.5535,88.3531,12,19,548,346,0.998999,FRC4,False
2026-02-10T06:08:49.097428,Howrah_Bridge,22.5851,88.3467,17,24,746,528,1.0,FRC3,False
2026-02-10T06:08:50.253079,Gariahat,22.5189,88.3647,15,23,596,389,0.996339,FRC7,False
2026-02-10T06:08:51.405630,Salt_Lake_V,22.5744,88.4323,14,24,694,405,0.933902,FRC5,False
2026-02-10T06:09:52.616597,EM_Bypass_North,22.5726,88.3639,23,23,141,141,1.0,FRC3,False
2026-02-10T06:09:53.777950,Park_Street,22.5535,88.3531,11,18,598,365,0.998999,FRC4,False
2026-02-10T06:09:54.934664,Howrah_Bridge,22.5851,88.3467,16,24,793,528,1.0,FRC3,False
2026-02-10T06:09:56.092231,Gariahat,22.5189,88.3647,14,21,639,426,0.992759,FRC7,False
2026-02-10T06:09:57.250294,Salt_Lake_V,22.5744,88.4323,14,25,694,389,0.940217,FRC5,False
2026-02-10T06:10:58.463936,EM_Bypass_North,22.5726,88.3639,23,23,141,141,1.0,FRC3,False
2026-02-10T06:10:59.620583,Park_Street,22.5535,88.3531,12,18,548,365,0.997998,FRC4,False
2026-02-10T06:11:00.777118,Howrah_Bridge,22.5851,88.3467,16,23,793,551,1.0,FRC3,False
2026-02-10T06:11:01.934105,Gariahat,22.5189,88.3647,15,23,596,389,0.995716,FRC7,False
2026-02-10T06:11:03.090801,Salt_Lake_V,22.5744,88.4323,13,25,748,389,0.938848,FRC5,False
2026-02-10T06:12:04.301646,EM_Bypass_North,22.5726,88.3639,23,23,141,141,1.0,FRC3,False
2026-02-10T06:12:05.459552,Park_Street,22.5535,88.3531,13,18,506,365,0.998999,FRC4,False
2026-02-10T06:12:06.631393,Howrah_Bridge,22.5851,88.3467,17,24,746,528,1.0,FRC3,False
2026-02-10T06:12:07.789116,Gariahat,22.5189,88.3647,15,21,596,426,0.995716,FRC7,False
2026-02-10T06:12:08.957397,Salt_Lake_V,22.5744,88.4323,13,24,748,405,0.933902,FRC5,False
2026-02-10T06:13:10.249928,EM_Bypass_North,22.5726,88.3639,23,23,141,141,1.0,FRC3,False
2026-02-10T06:13:11.407472,Park_Street,22.5535,88.3531,11,18,598,365,0.997998,FRC4,False
2026-02-10T06:13:12.566117,Howrah_Bridge,22.5851,88.3467,16,24,793,528,1.0,FRC3,False
2026-02-10T06:13:13.726676,Gariahat,22.5189,88.3647,15,22,596,406,0.995716,FRC7,False
2026-02-10T06:13:14.879518,Salt_Lake_V,22.5744,88.4323,12,24,810,405,0.93177,FRC5,False
2026-02-10T06:14:16.091613,EM_Bypass_North,22.5726,88.3639,23,23,141,141,1.0,FRC3,False
2026-02-10T06:14:17.250373,Park_Street,22.5535,88.3531,11,18,598,365,0.99444,FRC4,False
2026-02-10T06:14:18.409957,Howrah_Bridge,22.5851,88.3467,14,24,906,528,1.0,FRC3,False
2026-02-10T06:14:19.568913,Gariahat,22.5189,88.3647,15,22,596,406,0.992759,FRC7,False
2026-02-10T06:14:20.726947,Salt_Lake_V,22.5744,88.4323,13,24,748,405,0.959488,FRC5,False
2026-02-10T06:15:21.940473,EM_Bypass_North,22.5726,88.3639,23,23,141,141,1.0,FRC3,False
2026-02-10T06:15:23.100156,Park_Street,22.5535,88.3531,11,18,598,365,0.99444,FRC4,False
2026-02-10T06:15:24.258064,Howrah_Bridge,22.5851,88.3467,15,24,846,528,1.0,FRC3,False
2026-02-10T06:15:25.411247,Gariahat,22.5189,88.3647,15,22,596,406,0.992759,FRC7,False
2026-02-10T06:15:26.568748,Salt_Lake_V,22.5744,88.4323,14,25,694,389,0.961987,FRC5,False
2026-02-10T06:16:27.777224,EM_Bypass_North,22.5726,88.3639,23,23,141,141,1.0,FRC3,False
2026-02-10T06:16:28.936693,Park_Street,22.5535,88.3531,11,18,598,365,0.99444,FRC4,False
2026-02-10T06:16:30.090839,Howrah_Bridge,22.5851,88.3467,16,24,793,528,1.0,FRC3,False
2026-02-10T06:16:31.244534,Gariahat,22.5189,88.3647,17,22,526,406,0.995716,FRC7,False
2026-02-10T06:16:32.395655,Salt_Lake_V,22.5744,88.4323,13,24,748,405,0.961987,FRC5,False
2026-02-10T06:17:33.613937,EM_Bypass_North,22.5726,88.3639,23,23,141,141,1.0,FRC3,False
2026-02-10T06:17:34.771594,Park_Street,22.5535,88.3531,10,18,658,365,0.992661,FRC4,False
2026-02-10T06:17:35.929962,Howrah_Bridge,22.5851,88.3467,15,24,846,528,1.0,FRC3,False
2026-02-10T06:17:37.084074,Gariahat,22.5189,88.3647,17,21,526,426,0.994859,FRC7,False
2026-02-10T06:17:38.242069,Salt_Lake_V,22.5744,88.4323,14,25,694,389,0.960588,FRC5,False
2026-02-10T06:18:39.442628,EM_Bypass_North,22.5726,88.3639,23,23,141,141,1.0,FRC3,False
2026-02-10T06:18:40.599553,Park_Street,22.5535,88.3531,11,18,598,365,0.99166,FRC4,False
2026-02-10T06:18:41.753604,Howrah_Bridge,22.5851,88.3467,16,24,793,528,1.0,FRC3,False
2026-02-10T06:18:42.904446,Gariahat,22.5189,88.3647,17,22,526,406,0.997325,FRC7,False
2026-02-10T06:18:44.063700,Salt_Lake_V,22.5744,88.4323,13,24,748,405,0.960588,FRC5,False
2026-02-10T06:19:45.275008,EM_Bypass_North,22.5726,88.3639,23,23,141,141,1.0,FRC3,False
2026-02-10T06:19:46.435558,Park_Street,22.5535,88.3531,12,19,548,346,0.99166,FRC4,False
2026-02-10T06:19:47.588530,Howrah_Bridge,22.5851,88.3467,14,23,906,551,1.0,FRC3,False
2026-02-10T06:19:48.742553,Gariahat,22.5189,88.3647,15,21,596,426,0.992759,FRC7,False
2026-02-10T06:19:49.901463,Salt_Lake_V,22.5744,88.4323,14,25,694,389,0.960588,FRC5,False
2026-02-10T06:20:51.108105,EM_Bypass_North,22.5726,88.3639,23,23,141,141,1.0,FRC3,False
2026-02-10T06:20:52.262987,Park_Street,22.5535,88.3531,11,18,598,365,0.99166,FRC4,False
2026-02-10T06:20:53.417358,Howrah_Bridge,22.5851,88.3467,15,23,846,551,1.0,FRC3,False
2026-02-10T06:20:54.571856,Gariahat,22.5189,88.3647,15,21,596,426,0.992759,FRC7,False
2026-02-10T06:20:55.734846,Salt_Lake_V,22.5744,88.4323,12,24,810,405,0.961561,FRC5,False
2026-02-10T06:21:56.944847,EM_Bypass_North,22.5726,88.3639,23,23,141,141,1.0,FRC3,False
2026-02-10T06:21:58.100968,Park_Street,22.5535,88.3531,11,18,598,365,0.99166,FRC4,False
2026-02-10T06:21:59.256579,Howrah_Bridge,22.5851,88.3467,14,23,906,551,1.0,FRC3,False
2026-02-10T06:22:00.416518,Gariahat,22.5189,88.3647,16,22,559,406,0.997325,FRC7,False
2026-02-10T06:22:01.571847,Salt_Lake_V,22.5744,88.4323,12,24,810,405,0.961561,FRC5,False
2026-02-10T06:23:02.781013,EM_Bypass_North,22.5726,88.3639,23,23,141,141,1.0,FRC3,False
2026-02-10T06:23:03.942677,Park_Street,22.5535,88.3531,10,19,658,346,0.986997,FRC4,False
2026-02-10T06:23:05.112058,Howrah_Bridge,22.5851,88.3467,14,23,906,551,1.0,FRC3,False
2026-02-10T06:23:06.263080,Gariahat,22.5189,88.3647,15,21,596,426,0.992759,FRC7,False
2026-02-10T06:23:07.414468,Salt_Lake_V,22.5744,88.4323,13,24,748,405,0.963309,FRC5,False
2026-02-10T06:24:08.679442,EM_Bypass_North,22.5726,88.3639,23,23,141,141,1.0,FRC3,False
2026-02-10T06:24:09.830929,Park_Street,22.5535,88.3531,10,18,658,365,0.985996,FRC4,False
2026-02-10T06:24:10.993141,Howrah_Bridge,22.5851,88.3467,15,24,846,528,1.0,FRC3,False
2026-02-10T06:24:12.154660,Gariahat,22.5189,88.3647,15,21,596,426,0.992759,FRC7,False
2026-02-10T06:24:13.308938,Salt_Lake_V,22.5744,88.4323,16,24,607,405,0.962242,FRC5,False
2026-02-10T06:25:14.519909,EM_Bypass_North,22.5726,88.3639,23,23,141,141,1.0,FRC3,False
2026-02-10T06:25:15.671504,Park_Street,22.5535,88.3531,10,18,658,365,0.985996,FRC4,False
2026-02-10T06:25:16.827967,Howrah_Bridge,22.5851,88.3467,14,23,906,551,1.0,FRC3,False
2026-02-10T06:25:17.990526,Gariahat,22.5189,88.3647,15,22,596,406,0.992759,FRC7,False
2026-02-10T06:25:19.149629,Salt_Lake_V,22.5744,88.4323,16,25,607,389,0.962242,FRC5,False
2026-02-10T06:26:20.411113,EM_Bypass_North,22.5726,88.3639,23,23,141,141,1.0,FRC3,False
2026-02-10T06:26:21.563123,Park_Street,22.5535,88.3531,10,17,658,387,0.985996,FRC4,False
2026-02-10T06:26:22.726247,Howrah_Bridge,22.5851,88.3467,13,23,976,551,1.0,FRC3,False
2026-02-10T06:26:23.885251,Gariahat,22.5189,88.3647,16,22,559,406,0.996573,FRC7,False
2026-02-10T06:26:25.040075,Salt_Lake_V,22.5744,88.4323,15,24,648,405,0.962242,FRC5,False
2026-02-10T06:27:26.289202,EM_Bypass_North,22.5726,88.3639,23,23,141,141,1.0,FRC3,False
2026-02-10T06:27:27.480289,Park_Street,22.5535,88.3531,11,18,598,365,0.99,FRC4,False
2026-02-10T06:27:28.637576,Howrah_Bridge,22.5851,88.3467,14,23,906,551,1.0,FRC3,False
2026-02-10T06:27:29.803390,Gariahat,22.5189,88.3647,15,22,596,406,0.99743,FRC7,False
2026-02-10T06:27:30.956046,Salt_Lake_V,22.5744,88.4323,14,24,694,405,0.962242,FRC5,False
2026-02-10T06:28:32.167481,EM_Bypass_North,22.5726,88.3639,23,23,141,141,1.0,FRC3,False
2026-02-10T06:28:33.323949,Park_Street,22.5535,88.3531,13,19,506,346,0.99,FRC4,False
2026-02-10T06:28:34.528889,Howrah_Bridge,22.5851,88.3467,15,24,846,528,1.0,FRC3,False
2026-02-10T06:28:35.684351,Gariahat,22.5189,88.3647,14,22,639,406,0.996573,FRC7,False
2026-02-10T06:28:36.847450,Salt_Lake_V,22.5744,88.4323,14,24,694,405,0.960177,FRC5,False
2026-02-10T06:29:38.094155,EM_Bypass_North,22.5726,88.3639,23,23,141,141,1.0,FRC3,False
2026-02-10T06:29:39.260997,Park_Street,22.5535,88.3531,13,19,506,346,0.99,FRC4,False
2026-02-10T06:29:40.416926,Howrah_Bridge,22.5851,88.3467,14,23,906,551,1.0,FRC3,False
2026-02-10T06:29:41.570898,Gariahat,22.5189,88.3647,14,22,639,406,0.99743,FRC7,False
2026-02-10T06:29:42.732434,Salt_Lake_V,22.5744,88.4323,16,25,607,389,0.958367,FRC5,False
2026-02-10T06:30:43.972197,EM_Bypass_North,22.5726,88.3639,23,23,141,141,1.0,FRC3,False
2026-02-10T06:30:45.125384,Park_Street,22.5535,88.3531,11,19,598,346,0.99,FRC4,False
2026-02-10T06:30:46.284048,Howrah_Bridge,22.5851,88.3467,15,23,846,551,1.0,FRC3,False
2026-02-10T06:30:47.450335,Gariahat,22.5189,88.3647,14,21,639,426,0.99743,FRC7,False
2026-02-10T06:30:48.605524,Salt_Lake_V,22.5744,88.4323,15,24,648,405,0.954213,FRC5,False
2026-02-10T06:31:49.864527,EM_Bypass_North,22.5726,88.3639,23,23,141,141,1.0,FRC3,False
2026-02-10T06:31:51.029919,Park_Street,22.5535,88.3531,9,18,731,365,0.99,FRC4,False
2026-02-10T06:31:52.185098,Howrah_Bridge,22.5851,88.3467,17,24,746,528,1.0,FRC3,False
2026-02-10T06:31:53.336404,Gariahat,22.5189,88.3647,14,21,639,426,0.99743,FRC7,False
2026-02-10T06:31:54.511907,Salt_Lake_V,22.5744,88.4323,15,25,648,389,0.956394,FRC5,False
2026-02-10T06:32:55.763080,EM_Bypass_North,22.5726,88.3639,23,23,141,141,1.0,FRC3,False
2026-02-10T06:32:56.917292,Park_Street,22.5535,88.3531,10,19,658,346,0.99,FRC4,False
2026-02-10T06:32:58.108111,Howrah_Bridge,22.5851,88.3467,17,24,746,528,1.0,FRC3,False
2026-02-10T06:32:59.283531,Gariahat,22.5189,88.3647,15,22,596,406,0.995716,FRC7,False
2026-02-10T06:33:00.440187,Salt_Lake_V,22.5744,88.4323,15,24,648,405,0.954213,FRC5,False
2026-02-10T06:34:01.696736,EM_Bypass_North,22.5726,88.3639,23,23,141,141,1.0,FRC3,False
2026-02-10T06:34:02.855087,Park_Street,22.5535,88.3531,11,19,598,346,0.99,FRC4,False
2026-02-10T06:34:04.009030,Howrah_Bridge,22.5851,88.3467,17,23,746,551,1.0,FRC3,False
2026-02-10T06:34:05.165740,Gariahat,22.5189,88.3647,15,21,596,426,0.995716,FRC7,False
2026-02-10T06:34:06.334849,Salt_Lake_V,22.5744,88.4323,14,25,694,389,0.954213,FRC5,False
2026-02-10T06:35:07.594819,EM_Bypass_North,22.5726,88.3639,23,23,141,141,1.0,FRC3,False
2026-02-10T06:35:08.746402,Park_Street,22.5535,88.3531,11,18,598,365,0.99,FRC4,False
2026-02-10T06:35:09.908123,Howrah_Bridge,22.5851,88.3467,16,24,793,528,1.0,FRC3,False
2026-02-10T06:35:11.065708,Gariahat,22.5189,88.3647,14,22,639,406,0.995716,FRC7,False
2026-02-10T06:35:12.229415,Salt_Lake_V,22.5744,88.4323,14,24,694,405,0.962242,FRC5,False
2026-02-10T06:36:13.484585,EM_Bypass_North,22.5726,88.3639,23,23,141,141,1.0,FRC3,False
2026-02-10T06:36:14.638361,Park_Street,22.5535,88.3531,10,19,658,346,0.99,FRC4,False
2026-02-10T06:36:15.794683,Howrah_Bridge,22.5851,88.3467,15,23,846,551,1.0,FRC3,False
2026-02-10T06:36:16.949565,Gariahat,22.5189,88.3647,14,21,639,426,0.995716,FRC7,False
2026-02-10T06:36:18.176438,Salt_Lake_V,22.5744,88.4323,15,25,648,389,0.962242,FRC5,False
2026-02-10T06:37:19.378466,EM_Bypass_North,22.5726,88.3639,23,23,141,141,1.0,FRC3,False
2026-02-10T06:37:20.536596,Park_Street,22.5535,88.3531,10,19,658,346,1.0,FRC4,False
2026-02-10T06:37:21.693398,Howrah_Bridge,22.5851,88.3467,14,24,906,528,1.0,FRC3,False
2026-02-10T06:37:22.849961,Gariahat,22.5189,88.3647,14,21,639,426,0.995716,FRC7,False
2026-02-10T06:37:24.009652,Salt_Lake_V,22.5744,88.4323,15,24,648,405,0.953081,FRC5,False
2026-02-10T06:38:25.260695,EM_Bypass_North,22.5726,88.3639,23,23,141,141,1.0,FRC3,False
2026-02-10T06:38:26.419457,Park_Street,22.5535,88.3531,11,19,598,346,1.0,FRC4,False
2026-02-10T06:38:27.583239,Howrah_Bridge,22.5851,88.3467,15,23,846,551,1.0,FRC3,False
2026-02-10T06:38:28.738832,Gariahat,22.5189,88.3647,15,22,596,406,0.996573,FRC7,False
2026-02-10T06:38:29.894229,Salt_Lake_V,22.5744,88.4323,16,24,607,405,0.925869,FRC5,False
2026-02-10T06:39:31.137999,EM_Bypass_North,22.5726,88.3639,23,23,141,141,1.0,FRC3,False
2026-02-10T06:39:32.291975,Park_Street,22.5535,88.3531,11,18,598,365,1.0,FRC4,False
2026-02-10T06:39:33.458185,Howrah_Bridge,22.5851,88.3467,15,24,846,528,1.0,FRC3,False
2026-02-10T06:39:34.611314,Gariahat,22.5189,88.3647,14,22,639,406,0.996573,FRC7,False
2026-02-10T06:39:35.781988,Salt_Lake_V,22.5744,88.4323,16,24,607,405,0.935497,FRC5,False
2026-02-10T06:40:37.044486,EM_Bypass_North,22.5726,88.3639,23,23,141,141,1.0,FRC3,False
2026-02-10T06:40:38.195151,Park_Street,22.5535,88.3531,11,19,598,346,1.0,FRC4,False
2026-02-10T06:40:39.349291,Howrah_Bridge,22.5851,88.3467,15,24,846,528,1.0,FRC3,False
2026-02-10T06:40:40.504292,Gariahat,22.5189,88.3647,15,22,596,406,0.996573,FRC7,False
2026-02-10T06:40:41.659429,Salt_Lake_V,22.5744,88.4323,16,25,607,389,0.935497,FRC5,False
2026-02-10T06:41:42.908477,EM_Bypass_North,22.5726,88.3639,18,21,180,154,0.548624,FRC3,False
2026-02-10T06:41:44.069924,Park_Street,22.5535,88.3531,11,19,598,346,1.0,FRC4,False
2026-02-10T06:41:45.234002,Howrah_Bridge,22.5851,88.3467,14,24,906,528,1.0,FRC3,False
2026-02-10T06:41:46.387115,Gariahat,22.5189,88.3647,15,22,596,406,0.996573,FRC7,False
2026-02-10T06:41:47.544270,Salt_Lake_V,22.5744,88.4323,15,24,648,405,0.92805,FRC5,False
2026-02-10T06:42:48.783619,EM_Bypass_North,22.5726,88.3639,13,23,249,141,0.637216,FRC3,False
2026-02-10T06:42:49.936648,Park_Street,22.5535,88.3531,11,18,598,365,1.0,FRC4,False
2026-02-10T06:42:51.090871,Howrah_Bridge,22.5851,88.3467,13,23,976,551,1.0,FRC3,False
2026-02-10T06:42:52.254293,Gariahat,22.5189,88.3647,15,22,596,406,0.996573,FRC7,False
2026-02-10T06:42:53.413324,Salt_Lake_V,22.5744,88.4323,16,25,607,389,0.925869,FRC5,False
2026-02-10T06:43:54.656500,EM_Bypass_North,22.5726,88.3639,13,23,249,141,0.637216,FRC3,False
2026-02-10T06:43:55.812672,Park_Street,22.5535,88.3531,12,19,548,346,1.0,FRC4,False
2026-02-10T06:43:56.969601,Howrah_Bridge,22.5851,88.3467,14,24,906,528,1.0,FRC3,False
2026-02-10T06:43:58.129600,Gariahat,22.5189,88.3647,14,21,639,426,0.996573,FRC7,False
2026-02-10T06:43:59.282689,Salt_Lake_V,22.5744,88.4323,15,24,648,405,0.92805,FRC5,False
2026-02-10T06:45:00.537192,EM_Bypass_North,22.5726,88.3639,13,23,249,141,0.637216,FRC3,False
2026-02-10T06:45:01.702173,Park_Street,22.5535,88.3531,12,18,548,365,0.998397,FRC4,False
2026-02-10T06:45:02.858659,Howrah_Bridge,22.5851,88.3467,14,24,906,528,1.0,FRC3,False
2026-02-10T06:45:04.012579,Gariahat,22.5189,88.3647,15,21,596,426,0.996573,FRC7,False
2026-02-10T06:45:05.168709,Salt_Lake_V,22.5744,88.4323,15,25,648,389,0.930778,FRC5,False
2026-02-10T06:46:06.377791,EM_Bypass_North,22.5726,88.3639,13,23,249,141,0.637216,FRC3,False
2026-02-10T06:46:07.530875,Park_Street,22.5535,88.3531,13,19,506,346,1.0,FRC4,False
2026-02-10T06:46:08.690177,Howrah_Bridge,22.5851,88.3467,15,24,846,528,1.0,FRC3,False
2026-02-10T06:46:09.852549,Gariahat,22.5189,88.3647,14,21,639,426,0.996573,FRC7,False
2026-02-10T06:46:11.004955,Salt_Lake_V,22.5744,88.4323,15,25,648,389,0.930778,FRC5,False
2026-02-10T06:47:12.206592,EM_Bypass_North,22.5726,88.3639,13,23,249,141,0.637216,FRC3,False
2026-02-10T06:47:13.364477,Park_Street,22.5535,88.3531,13,19,506,346,1.0,FRC4,False
2026-02-10T06:47:14.523735,Howrah_Bridge,22.5851,88.3467,14,24,906,528,1.0,FRC3,False
2026-02-10T06:47:15.678071,Gariahat,22.5189,88.3647,14,22,639,406,0.996573,FRC7,False
2026-02-10T06:47:16.832670,Salt_Lake_V,22.5744,88.4323,16,25,607,389,0.929205,FRC5,False
2026-02-10T06:48:18.071641,EM_Bypass_North,22.5726,88.3639,13,23,249,141,0.637216,FRC3,False
2026-02-10T06:48:19.230553,Park_Street,22.5535,88.3531,11,18,598,365,1.0,FRC4,False
2026-02-10T06:48:20.386645,Howrah_Bridge,22.5851,88.3467,14,24,906,528,1.0,FRC3,False
2026-02-10T06:48:21.542293,Gariahat,22.5189,88.3647,14,22,639,406,0.996573,FRC7,False
2026-02-10T06:48:22.695357,Salt_Lake_V,22.5744,88.4323,15,24,648,405,0.930778,FRC5,False
2026-02-10T06:49:24.005148,EM_Bypass_North,22.5726,88.3639,13,23,249,141,0.629766,FRC3,False
2026-02-10T06:49:25.164860,Park_Street,22.5535,88.3531,11,19,598,346,1.0,FRC4,False
2026-02-10T06:49:26.322513,Howrah_Bridge,22.5851,88.3467,15,24,846,528,1.0,FRC3,False
2026-02-10T06:49:27.478449,Gariahat,22.5189,88.3647,14,22,639,406,0.996573,FRC7,False
2026-02-10T06:49:28.630392,Salt_Lake_V,22.5744,88.4323,14,24,694,405,0.929205,FRC5,False
2026-02-10T06:50:29.838079,EM_Bypass_North,22.5726,88.3639,13,23,249,141,0.629766,FRC3,False
2026-02-10T06:50:31.002347,Park_Street,22.5535,88.3531,11,18,598,365,1.0,FRC4,False
2026-02-10T06:50:32.159075,Howrah_Bridge,22.5851,88.3467,14,24,906,528,1.0,FRC3,False
2026-02-10T06:50:33.312740,Gariahat,22.5189,88.3647,14,22,639,406,0.996573,FRC7,False
2026-02-10T06:50:34.470364,Salt_Lake_V,22.5744,88.4323,14,24,694,405,0.924929,FRC5,False
2026-02-10T06:51:35.698500,EM_Bypass_North,22.5726,88.3639,13,23,249,141,0.629766,FRC3,False
2026-02-10T06:51:36.852521,Park_Street,22.5535,88.3531,13,19,506,346,1.0,FRC4,False
2026-02-10T06:51:38.013308,Howrah_Bridge,22.5851,88.3467,15,24,846,528,1.0,FRC3,False
2026-02-10T06:51:39.167667,Gariahat,22.5189,88.3647,14,22,639,406,0.996573,FRC7,False
2026-02-10T06:51:40.326009,Salt_Lake_V,22.5744,88.4323,13,24,748,405,0.923052,FRC5,False
2026-02-10T06:52:41.538723,EM_Bypass_North,22.5726,88.3639,14,23,231,141,0.626042,FRC3,False
2026-02-10T06:52:42.706837,Park_Street,22.5535,88.3531,11,18,598,365,1.0,FRC4,False
2026-02-10T06:52:43.863630,Howrah_Bridge,22.5851,88.3467,14,24,906,528,1.0,FRC3,False
2026-02-10T06:52:45.019929,Gariahat,22.5189,88.3647,13,21,688,426,0.994662,FRC7,False
2026-02-10T06:52:46.178534,Salt_Lake_V,22.5744,88.4323,12,25,810,389,0.924929,FRC5,False
2026-02-10T06:53:47.386386,EM_Bypass_North,22.5726,88.3639,14,23,231,141,0.626042,FRC3,False
2026-02-10T06:53:48.553387,Park_Street,22.5535,88.3531,13,19,506,346,1.0,FRC4,False
2026-02-10T06:53:49.722359,Howrah_Bridge,22.5851,88.3467,15,24,846,528,1.0,FRC3,False
2026-02-10T06:53:50.874062,Gariahat,22.5189,88.3647,13,21,688,426,0.994662,FRC7,False
2026-02-10T06:53:52.030922,Salt_Lake_V,22.5744,88.4323,13,24,748,405,0.924363,FRC5,False
2026-02-10T06:54:53.238475,EM_Bypass_North,22.5726,88.3639,14,23,231,141,0.625631,FRC3,False
2026-02-10T06:54:54.391980,Park_Street,22.5535,88.3531,13,19,506,346,1.0,FRC4,False
2026-02-10T06:54:55.546470,Howrah_Bridge,22.5851,88.3467,15,24,846,528,1.0,FRC3,False
2026-02-10T06:54:56.701460,Gariahat,22.5189,88.3647,13,21,688,426,0.994662,FRC7,False
2026-02-10T06:54:57.858965,Salt_Lake_V,22.5744,88.4323,14,25,694,389,0.922819,FRC5,False
2026-02-10T06:55:59.104874,EM_Bypass_North,22.5726,88.3639,14,22,231,147,0.625631,FRC3,False
2026-02-10T06:56:00.263293,Park_Street,22.5535,88.3531,11,18,598,365,1.0,FRC4,False
2026-02-10T06:56:01.431268,Howrah_Bridge,22.5851,88.3467,14,24,906,528,1.0,FRC3,False
2026-02-10T06:56:02.594671,Gariahat,22.5189,88.3647,13,22,688,406,0.994662,FRC7,False
2026-02-10T06:56:03.749967,Salt_Lake_V,22.5744,88.4323,15,24,648,405,0.923052,FRC5,False
2026-02-10T06:57:05.000316,EM_Bypass_North,22.5726,88.3639,15,23,216,141,0.625631,FRC3,False
2026-02-10T06:57:06.155466,Park_Street,22.5535,88.3531,11,19,598,346,1.0,FRC4,False
2026-02-10T06:57:07.312073,Howrah_Bridge,22.5851,88.3467,14,24,906,528,1.0,FRC3,False
2026-02-10T06:57:08.473736,Gariahat,22.5189,88.3647,12,21,745,426,0.994662,FRC7,False
2026-02-10T06:57:09.629089,Salt_Lake_V,22.5744,88.4323,14,24,694,405,0.923052,FRC5,False
2026-02-10T06:58:10.846228,EM_Bypass_North,22.5726,88.3639,11,23,295,141,0.668855,FRC3,False
2026-02-10T06:58:12.001329,Park_Street,22.5535,88.3531,11,19,598,346,1.0,FRC4,False
2026-02-10T06:58:13.161444,Howrah_Bridge,22.5851,88.3467,14,24,906,528,1.0,FRC3,False
2026-02-10T06:58:14.313972,Gariahat,22.5189,88.3647,12,21,745,426,0.994662,FRC7,False
2026-02-10T06:58:15.470783,Salt_Lake_V,22.5744,88.4323,15,25,648,389,0.923052,FRC5,False
2026-02-10T06:59:16.682183,EM_Bypass_North,22.5726,88.3639,11,23,295,141,0.668855,FRC3,False
2026-02-10T06:59:17.831588,Park_Street,22.5535,88.3531,11,19,598,346,1.0,FRC4,False
2026-02-10T06:59:18.987916,Howrah_Bridge,22.5851,88.3467,14,23,906,551,1.0,FRC3,False
2026-02-10T06:59:20.139595,Gariahat,22.5189,88.3647,12,22,745,406,0.994662,FRC7,False
2026-02-10T06:59:21.299457,Salt_Lake_V,22.5744,88.4323,15,24,648,405,0.921509,FRC5,False
2026-02-10T07:00:22.515059,EM_Bypass_North,22.5726,88.3639,11,23,295,141,0.668855,FRC3,False
2026-02-10T07:00:23.668588,Park_Street,22.5535,88.3531,10,19,658,346,1.0,FRC4,False
2026-02-10T07:00:24.820207,Howrah_Bridge,22.5851,88.3467,14,24,906,528,1.0,FRC3,False
2026-02-10T07:00:25.978624,Gariahat,22.5189,88.3647,13,22,688,406,0.994662,FRC7,False
2026-02-10T07:00:27.136837,Salt_Lake_V,22.5744,88.4323,16,24,607,405,0.921509,FRC5,False
2026-02-10T07:01:28.346167,EM_Bypass_North,22.5726,88.3639,11,23,295,141,0.668855,FRC3,False
2026-02-10T07:01:29.507472,Park_Street,22.5535,88.3531,10,19,658,346,1.0,FRC4,False
2026-02-10T07:01:30.666876,Howrah_Bridge,22.5851,88.3467,14,24,906,528,1.0,FRC3,False
2026-02-10T07:01:31.821491,Gariahat,22.5189,88.3647,13,21,688,426,0.995664,FRC7,False
2026-02-10T07:01:32.979992,Salt_Lake_V,22.5744,88.4323,15,24,648,405,0.921509,FRC5,False
2026-02-10T07:02:34.196988,EM_Bypass_North,22.5726,88.3639,11,23,295,141,0.668855,FRC3,False
2026-02-10T07:02:35.368744,Park_Street,22.5535,88.3531,10,18,658,365,1.0,FRC4,False
2026-02-10T07:02:36.527331,Howrah_Bridge,22.5851,88.3467,15,24,846,528,1.0,FRC3,False
2026-02-10T07:02:37.680979,Gariahat,22.5189,88.3647,14,22,639,406,0.994807,FRC7,False
2026-02-10T07:02:38.831214,Salt_Lake_V,22.5744,88.4323,15,25,648,389,0.924485,FRC5,False
2026-02-10T07:03:40.037811,EM_Bypass_North,22.5726,88.3639,11,23,295,141,0.668855,FRC3,False
2026-02-10T07:03:41.192670,Park_Street,22.5535,88.3531,11,19,598,346,1.0,FRC4,False
2026-02-10T07:03:42.346591,Howrah_Bridge,22.5851,88.3467,14,24,906,528,1.0,FRC3,False
2026-02-10T07:03:43.508161,Gariahat,22.5189,88.3647,14,22,639,406,0.993805,FRC7,False
2026-02-10T07:03:44.660947,Salt_Lake_V,22.5744,88.4323,17,25,572,389,0.924485,FRC5,False
2026-02-10T07:04:45.875601,EM_Bypass_North,22.5726,88.3639,11,23,295,141,0.668855,FRC3,False
2026-02-10T07:04:47.031167,Park_Street,22.5535,88.3531,11,18,598,365,1.0,FRC4,False
2026-02-10T07:04:48.188280,Howrah_Bridge,22.5851,88.3467,15,24,846,528,1.0,FRC3,False
2026-02-10T07:04:49.343045,Gariahat,22.5189,88.3647,14,22,639,406,0.993805,FRC7,False
2026-02-10T07:04:50.497461,Salt_Lake_V,22.5744,88.4323,18,25,540,389,0.924485,FRC5,False
2026-02-10T07:05:51.707272,EM_Bypass_North,22.5726,88.3639,11,23,295,141,0.668855,FRC3,False
2026-02-10T07:05:52.867681,Park_Street,22.5535,88.3531,11,19,598,346,1.0,FRC4,False
2026-02-10T07:05:54.020341,Howrah_Bridge,22.5851,88.3467,14,24,906,528,1.0,FRC3,False
2026-02-10T07:05:55.190668,Gariahat,22.5189,88.3647,14,22,639,406,0.996573,FRC7,False
2026-02-10T07:05:56.345787,Salt_Lake_V,22.5744,88.4323,18,24,540,405,0.937633,FRC5,False
2026-02-10T07:06:57.558272,EM_Bypass_North,22.5726,88.3639,11,23,295,141,0.668855,FRC3,False
2026-02-10T07:06:58.710700,Park_Street,22.5535,88.3531,11,18,598,365,1.0,FRC4,False
2026-02-10T07:06:59.873502,Howrah_Bridge,22.5851,88.3467,15,23,846,551,1.0,FRC3,False
2026-02-10T07:07:01.039682,Gariahat,22.5189,88.3647,16,23,559,389,0.996573,FRC7,False
2026-02-10T07:07:02.192530,Salt_Lake_V,22.5744,88.4323,18,23,540,422,0.935412,FRC5,False
2026-02-10T07:08:03.402559,EM_Bypass_North,22.5726,88.3639,11,23,295,141,0.668855,FRC3,False
2026-02-10T07:08:04.557707,Park_Street,22.5535,88.3531,11,18,598,365,1.0,FRC4,False
2026-02-10T07:08:05.717086,Howrah_Bridge,22.5851,88.3467,15,24,846,528,1.0,FRC3,False
2026-02-10T07:08:06.882196,Gariahat,22.5189,88.3647,15,22,596,406,1.0,FRC7,False
2026-02-10T07:08:08.034479,Salt_Lake_V,22.5744,88.4323,19,24,511,405,0.935412,FRC5,False
2026-02-10T07:09:09.275350,EM_Bypass_North,22.5726,88.3639,11,23,295,141,0.668855,FRC3,False
2026-02-10T07:09:10.427652,Park_Street,22.5535,88.3531,11,18,598,365,1.0,FRC4,False
2026-02-10T07:09:11.589901,Howrah_Bridge,22.5851,88.3467,14,24,906,528,1.0,FRC3,False
2026-02-10T07:09:12.748677,Gariahat,22.5189,88.3647,15,22,596,406,1.0,FRC7,False
2026-02-10T07:09:13.911700,Salt_Lake_V,22.5744,88.4323,24,24,405,405,1.0,FRC5,False
2026-02-10T07:10:15.133888,EM_Bypass_North,22.5726,88.3639,11,23,295,141,0.649728,FRC3,False
2026-02-10T07:10:16.290601,Park_Street,22.5535,88.3531,11,18,598,365,1.0,FRC4,False
2026-02-10T07:10:17.452598,Howrah_Bridge,22.5851,88.3467,15,24,846,528,1.0,FRC3,False
2026-02-10T07:10:18.612242,Gariahat,22.5189,88.3647,15,22,596,406,1.0,FRC7,False
2026-02-10T07:10:19.771043,Salt_Lake_V,22.5744,88.4323,24,24,405,405,1.0,FRC5,False
2026-02-10T07:11:20.981031,EM_Bypass_North,22.5726,88.3639,11,23,295,141,0.588524,FRC3,False
2026-02-10T07:11:22.136703,Park_Street,22.5535,88.3531,11,19,598,346,1.0,FRC4,False
2026-02-10T07:11:23.397465,Howrah_Bridge,22.5851,88.3467,16,24,793,528,1.0,FRC3,False
2026-02-10T07:11:24.555559,Gariahat,22.5189,88.3647,15,21,596,426,1.0,FRC7,False
2026-02-10T07:11:25.709864,Salt_Lake_V,22.5744,88.4323,24,24,405,405,1.0,FRC5,False
2026-02-10T07:12:26.923585,EM_Bypass_North,22.5726,88.3639,11,22,295,147,0.693495,FRC3,False
2026-02-10T07:12:28.089658,Park_Street,22.5535,88.3531,11,19,598,346,1.0,FRC4,False
2026-02-10T07:12:29.247778,Howrah_Bridge,22.5851,88.3467,16,24,793,528,1.0,FRC3,False
2026-02-10T07:12:30.402066,Gariahat,22.5189,88.3647,15,22,596,406,1.0,FRC7,False
2026-02-10T07:12:31.553818,Salt_Lake_V,22.5744,88.4323,24,24,405,405,1.0,FRC5,False
2026-02-10T07:13:32.780342,EM_Bypass_North,22.5726,88.3639,11,22,295,147,0.693495,FRC3,False
2026-02-10T07:13:33.948677,Park_Street,22.5535,88.3531,11,18,598,365,0.99,FRC4,False
2026-02-10T07:13:35.107699,Howrah_Bridge,22.5851,88.3467,14,23,906,551,0.998934,FRC3,False
2026-02-10T07:13:36.270554,Gariahat,22.5189,88.3647,15,22,596,406,0.99817,FRC7,False
2026-02-10T07:13:37.424922,Salt_Lake_V,22.5744,88.4323,21,24,463,405,0.924485,FRC5,False
2026-02-10T07:14:38.632772,EM_Bypass_North,22.5726,88.3639,16,22,202,147,0.672893,FRC3,False
2026-02-10T07:14:39.792688,Park_Street,22.5535,88.3531,11,18,598,365,0.99,FRC4,False
2026-02-10T07:14:40.950323,Howrah_Bridge,22.5851,88.3467,14,24,906,528,0.998934,FRC3,False
2026-02-10T07:14:42.111402,Gariahat,22.5189,88.3647,15,22,596,406,1.0,FRC7,False
2026-02-10T07:14:43.267588,Salt_Lake_V,22.5744,88.4323,20,23,486,422,0.927235,FRC5,False
2026-02-10T07:15:44.484027,EM_Bypass_North,22.5726,88.3639,16,22,202,147,0.672893,FRC3,False
2026-02-10T07:15:45.637303,Park_Street,22.5535,88.3531,11,18,598,365,0.99,FRC4,False
2026-02-10T07:15:46.809918,Howrah_Bridge,22.5851,88.3467,14,24,906,528,0.99852,FRC3,False
2026-02-10T07:15:47.971592,Gariahat,22.5189,88.3647,14,21,639,426,0.996573,FRC7,False
2026-02-10T07:15:49.137184,Salt_Lake_V,22.5744,88.4323,20,23,486,422,0.927235,FRC5,False
2026-02-10T07:16:50.345504,EM_Bypass_North,22.5726,88.3639,16,22,202,147,0.672893,FRC3,False
2026-02-10T07:16:51.502056,Park_Street,22.5535,88.3531,11,19,598,346,0.99,FRC4,False
2026-02-10T07:16:52.656065,Howrah_Bridge,22.5851,88.3467,15,23,846,551,0.998934,FRC3,False
2026-02-10T07:16:53.810358,Gariahat,22.5189,88.3647,14,21,639,426,0.996573,FRC7,False
2026-02-10T07:16:54.968814,Salt_Lake_V,22.5744,88.4323,19,24,511,405,0.935412,FRC5,False
2026-02-10T07:17:56.181829,EM_Bypass_North,22.5726,88.3639,16,22,202,147,0.672893,FRC3,False
2026-02-10T07:17:57.334265,Park_Street,22.5535,88.3531,11,18,598,365,0.99,FRC4,False
2026-02-10T07:17:58.486685,Howrah_Bridge,22.5851,88.3467,15,24,846,528,0.998934,FRC3,False
2026-02-10T07:17:59.645164,Gariahat,22.5189,88.3647,14,23,639,389,0.996573,FRC7,False
2026-02-10T07:18:00.802641,Salt_Lake_V,22.5744,88.4323,18,24,540,405,0.924485,FRC5,False
2026-02-10T07:19:02.016461,EM_Bypass_North,22.5726,88.3639,16,22,202,147,0.672893,FRC3,False
2026-02-10T07:19:03.169447,Park_Street,22.5535,88.3531,10,19,658,346,1.0,FRC4,False
2026-02-10T07:19:04.327696,Howrah_Bridge,22.5851,88.3467,15,24,846,528,0.998871,FRC3,False
2026-02-10T07:19:05.484052,Gariahat,22.5189,88.3647,14,22,639,406,0.996573,FRC7,False
2026-02-10T07:19:06.638432,Salt_Lake_V,22.5744,88.4323,16,24,607,405,0.924485,FRC5,False
2026-02-10T07:20:07.847406,EM_Bypass_North,22.5726,88.3639,16,22,202,147,0.672893,FRC3,False
2026-02-10T07:20:09.002227,Park_Street,22.5535,88.3531,10,18,658,365,0.991072,FRC4,False
2026-02-10T07:20:10.159461,Howrah_Bridge,22.5851,88.3467,15,24,846,528,0.99852,FRC3,False
2026-02-10T07:20:11.318458,Gariahat,22.5189,88.3647,14,22,639,406,0.996573,FRC7,False
2026-02-10T07:20:12.476132,Salt_Lake_V,22.5744,88.4323,17,25,572,389,0.924485,FRC5,False
2026-02-10T07:21:13.681614,EM_Bypass_North,22.5726,88.3639,15,22,216,147,0.672893,FRC3,False
2026-02-10T07:21:14.840715,Park_Street,22.5535,88.3531,12,19,548,346,0.991072,FRC4,False
2026-02-10T07:21:15.993684,Howrah_Bridge,22.5851,88.3467,15,24,846,528,0.99852,FRC3,False
2026-02-10T07:21:17.147355,Gariahat,22.5189,88.3647,14,21,639,426,1.0,FRC7,False
2026-02-10T07:21:18.306982,Salt_Lake_V,22.5744,88.4323,16,24,607,405,0.924485,FRC5,False
2026-02-10T07:22:19.508991,EM_Bypass_North,22.5726,88.3639,15,22,216,147,0.672893,FRC3,False
2026-02-10T07:22:20.660419,Park_Street,22.5535,88.3531,11,18,598,365,0.991597,FRC4,False
2026-02-10T07:22:21.813916,Howrah_Bridge,22.5851,88.3467,15,24,846,528,0.998934,FRC3,False
2026-02-10T07:22:22.968284,Gariahat,22.5189,88.3647,14,22,639,406,0.996573,FRC7,False
2026-02-10T07:22:24.128955,Salt_Lake_V,22.5744,88.4323,17,24,572,405,0.93385,FRC5,False
2026-02-10T07:23:25.331263,EM_Bypass_North,22.5726,88.3639,15,22,216,147,0.611145,FRC3,False
2026-02-10T07:23:26.495633,Park_Street,22.5535,88.3531,10,18,658,365,0.99,FRC4,False
2026-02-10T07:23:27.651604,Howrah_Bridge,22.5851,88.3467,14,24,906,528,0.998934,FRC3,False
2026-02-10T07:23:28.810234,Gariahat,22.5189,88.3647,14,22,639,406,0.996573,FRC7,False
2026-02-10T07:23:29.967264,Salt_Lake_V,22.5744,88.4323,17,24,572,405,0.924485,FRC5,False
2026-02-10T07:24:31.179563,EM_Bypass_North,22.5726,88.3639,15,22,216,147,0.561747,FRC3,False
2026-02-10T07:24:32.336312,Park_Street,22.5535,88.3531,10,18,658,365,0.99,FRC4,False
2026-02-10T07:24:33.492616,Howrah_Bridge,22.5851,88.3467,15,24,846,528,0.998934,FRC3,False
2026-02-10T07:24:34.644257,Gariahat,22.5189,88.3647,14,22,639,406,0.996573,FRC7,False
2026-02-10T07:24:35.798127,Salt_Lake_V,22.5744,88.4323,18,24,540,405,0.924485,FRC5,False
2026-02-10T07:25:37.011134,EM_Bypass_North,22.5726,88.3639,15,22,216,147,0.561747,FRC3,False
2026-02-10T07:25:38.171684,Park_Street,22.5535,88.3531,12,19,548,346,0.99,FRC4,False
2026-02-10T07:25:39.332827,Howrah_Bridge,22.5851,88.3467,15,24,846,528,0.998871,FRC3,False
2026-02-10T07:25:40.487498,Gariahat,22.5189,88.3647,13,22,688,406,0.996573,FRC7,False
2026-02-10T07:25:41.656164,Salt_Lake_V,22.5744,88.4323,18,23,540,422,0.932436,FRC5,False
2026-02-10T07:26:42.869232,EM_Bypass_North,22.5726,88.3639,15,22,216,147,0.580272,FRC3,False
2026-02-10T07:26:44.028664,Park_Street,22.5535,88.3531,12,19,548,346,0.988232,FRC4,False
2026-02-10T07:26:45.182157,Howrah_Bridge,22.5851,88.3467,16,24,793,528,0.998871,FRC3,False
2026-02-10T07:26:46.339184,Gariahat,22.5189,88.3647,14,22,639,406,0.996573,FRC7,False
2026-02-10T07:26:47.547540,Salt_Lake_V,22.5744,88.4323,18,24,540,405,0.927235,FRC5,False
2026-02-10T07:27:48.760371,EM_Bypass_North,22.5726,88.3639,15,22,216,147,0.580272,FRC3,False
2026-02-10T07:27:49.913998,Park_Street,22.5535,88.3531,11,19,598,346,0.99,FRC4,False
2026-02-10T07:27:51.077955,Howrah_Bridge,22.5851,88.3467,16,24,793,528,0.998157,FRC3,False
2026-02-10T07:27:52.237479,Gariahat,22.5189,88.3647,14,22,639,406,0.996573,FRC7,False
2026-02-10T07:27:53.394347,Salt_Lake_V,22.5744,88.4323,18,24,540,405,0.922912,FRC5,False
2026-02-10T07:28:54.601747,EM_Bypass_North,22.5726,88.3639,15,22,216,147,0.580272,FRC3,False
2026-02-10T07:28:55.756537,Park_Street,22.5535,88.3531,11,18,598,365,0.99,FRC4,False
2026-02-10T07:28:56.912171,Howrah_Bridge,22.5851,88.3467,17,24,746,528,0.998571,FRC3,False
2026-02-10T07:28:58.070737,Gariahat,22.5189,88.3647,13,22,688,406,0.996573,FRC7,False
2026-02-10T07:28:59.228043,Salt_Lake_V,22.5744,88.4323,17,23,572,422,0.927235,FRC5,False
2026-02-10T07:30:00.441891,EM_Bypass_North,22.5726,88.3639,15,22,216,147,0.580272,FRC3,False
2026-02-10T07:30:01.599476,Park_Street,22.5535,88.3531,11,19,598,346,0.99,FRC4,False
2026-02-10T07:30:02.766180,Howrah_Bridge,22.5851,88.3467,16,23,793,551,0.998571,FRC3,False
2026-02-10T07:30:03.920354,Gariahat,22.5189,88.3647,14,22,639,406,0.996573,FRC7,False
2026-02-10T07:30:05.079915,Salt_Lake_V,22.5744,88.4323,19,25,511,389,0.922912,FRC5,False
2026-02-10T07:31:06.294744,EM_Bypass_North,22.5726,88.3639,15,22,216,147,0.580272,FRC3,False
2026-02-10T07:31:07.460903,Park_Street,22.5535,88.3531,10,18,658,365,0.99,FRC4,False
2026-02-10T07:31:08.616563,Howrah_Bridge,22.5851,88.3467,14,23,906,551,0.998571,FRC3,False
2026-02-10T07:31:09.766204,Gariahat,22.5189,88.3647,14,23,639,389,0.996573,FRC7,False
2026-02-10T07:31:10.921625,Salt_Lake_V,22.5744,88.4323,20,24,486,405,0.922912,FRC5,False
2026-02-10T07:32:12.173429,EM_Bypass_North,22.5726,88.3639,15,22,216,147,0.580272,FRC3,False
2026-02-10T07:32:13.325032,Park_Street,22.5535,88.3531,10,19,658,346,0.99,FRC4,False
2026-02-10T07:32:14.487563,Howrah_Bridge,22.5851,88.3467,15,24,846,528,0.998571,FRC3,False
2026-02-10T07:32:15.642540,Gariahat,22.5189,88.3647,14,22,639,406,0.995716,FRC7,False
2026-02-10T07:32:16.797954,Salt_Lake_V,22.5744,88.4323,19,25,511,389,0.922912,FRC5,False
2026-02-10T07:33:18.059351,EM_Bypass_North,22.5726,88.3639,15,22,216,147,0.580272,FRC3,False
2026-02-10T07:33:19.220693,Park_Street,22.5535,88.3531,10,19,658,346,0.99,FRC4,False
2026-02-10T07:33:20.381371,Howrah_Bridge,22.5851,88.3467,15,24,846,528,0.998571,FRC3,False
2026-02-10T07:33:21.536623,Gariahat,22.5189,88.3647,14,22,639,406,0.995716,FRC7,False
2026-02-10T07:33:22.687585,Salt_Lake_V,22.5744,88.4323,19,25,511,389,0.922912,FRC5,False
2026-02-10T07:34:23.898827,EM_Bypass_North,22.5726,88.3639,15,22,216,147,0.580272,FRC3,False
2026-02-10T07:34:25.053499,Park_Street,22.5535,88.3531,9,18,731,365,0.99,FRC4,False
2026-02-10T07:34:26.206338,Howrah_Bridge,22.5851,88.3467,15,24,846,528,0.998508,FRC3,False
2026-02-10T07:34:27.361506,Gariahat,22.5189,88.3647,14,23,639,389,0.996573,FRC7,False
2026-02-10T07:34:28.518218,Salt_Lake_V,22.5744,88.4323,20,25,486,389,0.922912,FRC5,False
2026-02-10T07:35:29.773605,EM_Bypass_North,22.5726,88.3639,15,22,216,147,0.580272,FRC3,False
2026-02-10T07:35:30.934144,Park_Street,22.5535,88.3531,9,18,731,365,0.99,FRC4,False
2026-02-10T07:35:32.092013,Howrah_Bridge,22.5851,88.3467,15,24,846,528,0.998508,FRC3,False
2026-02-10T07:35:33.253841,Gariahat,22.5189,88.3647,15,23,596,389,0.995716,FRC7,False
2026-02-10T07:35:34.405837,Salt_Lake_V,22.5744,88.4323,19,24,511,405,0.932436,FRC5,False
2026-02-10T07:36:35.609940,EM_Bypass_North,22.5726,88.3639,15,22,216,147,0.580272,FRC3,False
2026-02-10T07:36:36.765660,Park_Street,22.5535,88.3531,9,19,731,346,0.98,FRC4,False
2026-02-10T07:36:37.918792,Howrah_Bridge,22.5851,88.3467,16,24,793,528,0.998157,FRC3,False
2026-02-10T07:36:39.072220,Gariahat,22.5189,88.3647,15,22,596,406,0.995716,FRC7,False
2026-02-10T07:36:40.229245,Salt_Lake_V,22.5744,88.4323,19,24,511,405,0.932436,FRC5,False
2026-02-10T07:37:41.479009,EM_Bypass_North,22.5726,88.3639,15,22,216,147,0.580272,FRC3,False
2026-02-10T07:37:42.631088,Park_Street,22.5535,88.3531,9,19,731,346,0.98,FRC4,False
2026-02-10T07:37:43.783265,Howrah_Bridge,22.5851,88.3467,14,23,906,551,0.99852,FRC3,False
2026-02-10T07:37:44.938194,Gariahat,22.5189,88.3647,15,22,596,406,0.994859,FRC7,False
2026-02-10T07:37:46.090646,Salt_Lake_V,22.5744,88.4323,18,24,540,405,0.922912,FRC5,False
2026-02-10T07:38:47.376390,EM_Bypass_North,22.5726,88.3639,17,22,191,147,0.561747,FRC3,False
2026-02-10T07:38:48.528857,Park_Street,22.5535,88.3531,9,20,731,329,0.981634,FRC4,False
2026-02-10T07:38:49.683490,Howrah_Bridge,22.5851,88.3467,14,24,906,528,0.998934,FRC3,False
2026-02-10T07:38:50.839445,Gariahat,22.5189,88.3647,15,22,596,406,0.995716,FRC7,False
2026-02-10T07:38:51.991731,Salt_Lake_V,22.5744,88.4323,24,24,405,405,1.0,FRC5,False
2026-02-10T07:39:53.247137,EM_Bypass_North,22.5726,88.3639,17,22,191,147,0.561747,FRC3,False
2026-02-10T07:39:54.403253,Park_Street,22.5535,88.3531,9,18,731,365,0.98,FRC4,False
2026-02-10T07:39:55.555425,Howrah_Bridge,22.5851,88.3467,13,23,976,551,0.998934,FRC3,False
2026-02-10T07:39:56.709724,Gariahat,22.5189,88.3647,15,22,596,406,0.995716,FRC7,False
2026-02-10T07:39:57.871000,Salt_Lake_V,22.5744,88.4323,24,24,405,405,1.0,FRC5,False
2026-02-10T07:40:59.130192,EM_Bypass_North,22.5726,88.3639,17,22,191,147,0.555573,FRC3,False
2026-02-10T07:41:00.287967,Park_Street,22.5535,88.3531,9,18,731,365,0.98,FRC4,False
2026-02-10T07:41:01.441981,Howrah_Bridge,22.5851,88.3467,13,24,976,528,1.0,FRC3,False
2026-02-10T07:41:02.594127,Gariahat,22.5189,88.3647,15,22,596,406,0.995716,FRC7,False
2026-02-10T07:41:03.751738,Salt_Lake_V,22.5744,88.4323,18,24,540,405,0.922912,FRC5,False
2026-02-10T07:42:04.986166,EM_Bypass_North,22.5726,88.3639,17,22,191,147,0.555573,FRC3,False
2026-02-10T07:42:06.141786,Park_Street,22.5535,88.3531,9,18,731,365,0.98,FRC4,False
2026-02-10T07:42:07.298919,Howrah_Bridge,22.5851,88.3467,15,24,846,528,1.0,FRC3,False
2026-02-10T07:42:08.453720,Gariahat,22.5189,88.3647,15,22,596,406,0.994859,FRC7,False
2026-02-10T07:42:09.612869,Salt_Lake_V,22.5744,88.4323,19,25,511,389,0.922912,FRC5,False
2026-02-10T07:43:10.851318,EM_Bypass_North,22.5726,88.3639,19,22,170,147,0.549398,FRC3,False
2026-02-10T07:43:12.005343,Park_Street,22.5535,88.3531,9,18,731,365,0.976795,FRC4,False
2026-02-10T07:43:13.166346,Howrah_Bridge,22.5851,88.3467,15,23,846,551,1.0,FRC3,False
2026-02-10T07:43:14.320316,Gariahat,22.5189,88.3647,16,22,559,406,0.994859,FRC7,False
2026-02-10T07:43:15.473415,Salt_Lake_V,22.5744,88.4323,18,24,540,405,0.926058,FRC5,False
2026-02-10T07:44:16.728450,EM_Bypass_North,22.5726,88.3639,19,22,170,147,0.549398,FRC3,False
2026-02-10T07:44:17.882624,Park_Street,22.5535,88.3531,9,17,731,387,0.975192,FRC4,False
2026-02-10T07:44:19.038736,Howrah_Bridge,22.5851,88.3467,14,24,906,528,1.0,FRC3,False
2026-02-10T07:44:20.190374,Gariahat,22.5189,88.3647,16,22,559,406,0.995716,FRC7,False
2026-02-10T07:44:21.345621,Salt_Lake_V,22.5744,88.4323,17,24,572,405,0.930778,FRC5,False
2026-02-10T07:45:22.602174,EM_Bypass_North,22.5726,88.3639,23,23,141,141,1.0,FRC3,False
2026-02-10T07:45:23.764672,Park_Street,22.5535,88.3531,9,17,731,387,0.966795,FRC4,False
2026-02-10T07:45:24.918883,Howrah_Bridge,22.5851,88.3467,13,23,976,551,1.0,FRC3,False
2026-02-10T07:45:26.074771,Gariahat,22.5189,88.3647,16,22,559,406,0.994859,FRC7,False
2026-02-10T07:45:27.231350,Salt_Lake_V,22.5744,88.4323,17,24,572,405,0.942831,FRC5,False
2026-02-10T07:46:28.484086,EM_Bypass_North,22.5726,88.3639,23,23,141,141,1.0,FRC3,False
2026-02-10T07:46:29.638686,Park_Street,22.5535,88.3531,9,17,731,387,0.966795,FRC4,False
2026-02-10T07:46:30.789796,Howrah_Bridge,22.5851,88.3467,15,24,846,528,1.0,FRC3,False
2026-02-10T07:46:31.949418,Gariahat,22.5189,88.3647,16,21,559,426,0.995716,FRC7,False
2026-02-10T07:46:33.110838,Salt_Lake_V,22.5744,88.4323,19,24,511,405,0.937071,FRC5,False
2026-02-10T07:47:34.321307,EM_Bypass_North,22.5726,88.3639,23,23,141,141,1.0,FRC3,False
2026-02-10T07:47:35.479426,Park_Street,22.5535,88.3531,9,17,731,387,0.955192,FRC4,False
2026-02-10T07:47:36.634260,Howrah_Bridge,22.5851,88.3467,15,23,846,551,1.0,FRC3,False
2026-02-10T07:47:37.790108,Gariahat,22.5189,88.3647,17,22,526,406,0.995716,FRC7,False
2026-02-10T07:47:38.950246,Salt_Lake_V,22.5744,88.4323,16,23,607,422,0.943486,FRC5,False
2026-02-10T07:48:40.216302,EM_Bypass_North,22.5726,88.3639,23,23,141,141,1.0,FRC3,False
2026-02-10T07:48:41.367377,Park_Street,22.5535,88.3531,9,18,731,365,0.953589,FRC4,False
2026-02-10T07:48:42.522078,Howrah_Bridge,22.5851,88.3467,15,24,846,528,1.0,FRC3,False
2026-02-10T07:48:43.676323,Gariahat,22.5189,88.3647,17,22,526,406,0.995716,FRC7,False
2026-02-10T07:48:44.835778,Salt_Lake_V,22.5744,88.4323,17,24,572,405,0.94708,FRC5,False
2026-02-10T07:49:46.046588,EM_Bypass_North,22.5726,88.3639,23,23,141,141,1.0,FRC3,False
2026-02-10T07:49:47.202034,Park_Street,22.5535,88.3531,9,18,731,365,0.941987,FRC4,False
2026-02-10T07:49:48.356258,Howrah_Bridge,22.5851,88.3467,15,24,846,528,0.998727,FRC3,False
2026-02-10T07:49:49.512092,Gariahat,22.5189,88.3647,17,22,526,406,0.995716,FRC7,False
2026-02-10T07:49:50.668875,Salt_Lake_V,22.5744,88.4323,18,25,540,389,0.933924,FRC5,False
2026-02-10T07:50:51.927955,EM_Bypass_North,22.5726,88.3639,23,23,141,141,1.0,FRC3,False
2026-02-10T07:50:53.083104,Park_Street,22.5535,88.3531,9,17,731,387,0.940384,FRC4,False
2026-02-10T07:50:54.239192,Howrah_Bridge,22.5851,88.3467,14,24,906,528,0.998245,FRC3,False
2026-02-10T07:50:55.389498,Gariahat,22.5189,88.3647,17,22,526,406,0.995716,FRC7,False
2026-02-10T07:50:56.542387,Salt_Lake_V,22.5744,88.4323,18,25,540,389,0.933924,FRC5,False
2026-02-10T07:51:57.745981,EM_Bypass_North,22.5726,88.3639,23,23,141,141,1.0,FRC3,False
2026-02-10T07:51:58.899076,Park_Street,22.5535,88.3531,9,18,731,365,0.922371,FRC4,False
2026-02-10T07:52:00.064459,Howrah_Bridge,22.5851,88.3467,15,24,846,528,1.0,FRC3,False
2026-02-10T07:52:01.224683,Gariahat,22.5189,88.3647,16,22,559,406,0.995716,FRC7,False
2026-02-10T07:52:02.385364,Salt_Lake_V,22.5744,88.4323,18,24,540,405,0.933924,FRC5,False
2026-02-10T07:53:03.597633,EM_Bypass_North,22.5726,88.3639,23,23,141,141,1.0,FRC3,False
2026-02-10T07:53:04.757958,Park_Street,22.5535,88.3531,9,18,731,365,0.877563,FRC4,False
2026-02-10T07:53:05.916920,Howrah_Bridge,22.5851,88.3467,15,25,846,507,1.0,FRC3,False
2026-02-10T07:53:07.072956,Gariahat,22.5189,88.3647,16,22,559,406,0.995716,FRC7,False
2026-02-10T07:53:08.226723,Salt_Lake_V,22.5744,88.4323,17,24,572,405,0.933924,FRC5,False
2026-02-10T07:54:09.456796,EM_Bypass_North,22.5726,88.3639,23,23,141,141,1.0,FRC3,False
2026-02-10T07:54:10.608677,Park_Street,22.5535,88.3531,9,18,731,365,0.846345,FRC4,False
2026-02-10T07:54:11.765360,Howrah_Bridge,22.5851,88.3467,14,24,906,528,1.0,FRC3,False
2026-02-10T07:54:12.922873,Gariahat,22.5189,88.3647,15,22,596,406,0.999143,FRC7,False
2026-02-10T07:54:14.076688,Salt_Lake_V,22.5744,88.4323,17,24,572,405,0.933924,FRC5,False
2026-02-10T07:55:15.279379,EM_Bypass_North,22.5726,88.3639,23,23,141,141,1.0,FRC3,False
2026-02-10T07:55:16.442589,Park_Street,22.5535,88.3531,9,18,731,365,0.812755,FRC4,False
2026-02-10T07:55:17.596926,Howrah_Bridge,22.5851,88.3467,15,23,846,551,1.0,FRC3,False
2026-02-10T07:55:18.755426,Gariahat,22.5189,88.3647,14,21,639,426,1.0,FRC7,False
2026-02-10T07:55:19.909089,Salt_Lake_V,22.5744,88.4323,16,24,607,405,0.933902,FRC5,False
2026-02-10T07:56:21.120160,EM_Bypass_North,22.5726,88.3639,23,23,141,141,1.0,FRC3,False
2026-02-10T07:56:22.276417,Park_Street,22.5535,88.3531,9,18,731,365,0.728782,FRC4,False
2026-02-10T07:56:23.436812,Howrah_Bridge,22.5851,88.3467,15,23,846,551,1.0,FRC3,False
2026-02-10T07:56:24.591442,Gariahat,22.5189,88.3647,14,22,639,406,1.0,FRC7,False
2026-02-10T07:56:25.743430,Salt_Lake_V,22.5744,88.4323,18,24,540,405,0.943486,FRC5,False
2026-02-10T07:57:26.982350,EM_Bypass_North,22.5726,88.3639,23,23,141,141,1.0,FRC3,False
2026-02-10T07:57:28.135659,Park_Street,22.5535,88.3531,9,18,731,365,0.69,FRC4,False
2026-02-10T07:57:29.292551,Howrah_Bridge,22.5851,88.3467,15,24,846,528,1.0,FRC3,False
2026-02-10T07:57:30.446386,Gariahat,22.5189,88.3647,13,22,688,406,1.0,FRC7,False
2026-02-10T07:57:31.606541,Salt_Lake_V,22.5744,88.4323,19,24,511,405,0.933924,FRC5,False
2026-02-10T07:58:32.844966,EM_Bypass_North,22.5726,88.3639,23,23,141,141,1.0,FRC3,False
2026-02-10T07:58:33.998418,Park_Street,22.5535,88.3531,10,19,658,346,0.65,FRC4,False
2026-02-10T07:58:35.161277,Howrah_Bridge,22.5851,88.3467,15,24,846,528,1.0,FRC3,False
2026-02-10T07:58:36.320340,Gariahat,22.5189,88.3647,13,21,688,426,1.0,FRC7,False
2026-02-10T07:58:37.480138,Salt_Lake_V,22.5744,88.4323,18,24,540,405,0.933924,FRC5,False
2026-02-10T07:59:38.728025,EM_Bypass_North,22.5726,88.3639,23,23,141,141,1.0,FRC3,False
2026-02-10T07:59:39.884584,Park_Street,22.5535,88.3531,10,19,658,346,0.64,FRC4,False
2026-02-10T07:59:41.041134,Howrah_Bridge,22.5851,88.3467,14,24,906,528,1.0,FRC3,False
2026-02-10T07:59:42.193017,Gariahat,22.5189,88.3647,13,22,688,406,1.0,FRC7,False
2026-02-10T07:59:43.344913,Salt_Lake_V,22.5744,88.4323,19,24,511,405,0.943486,FRC5,False
2026-02-10T08:00:44.554883,EM_Bypass_North,22.5726,88.3639,23,23,141,141,1.0,FRC3,False
2026-02-10T08:00:45.710474,Park_Street,22.5535,88.3531,11,19,598,346,0.64,FRC4,False
2026-02-10T08:00:46.872255,Howrah_Bridge,22.5851,88.3467,13,24,976,528,1.0,FRC3,False
2026-02-10T08:00:48.029414,Gariahat,22.5189,88.3647,13,22,688,406,1.0,FRC7,False
2026-02-10T08:00:49.205095,Salt_Lake_V,22.5744,88.4323,18,23,540,422,0.943486,FRC5,False
2026-02-10T08:01:50.456489,EM_Bypass_North,22.5726,88.3639,23,23,141,141,1.0,FRC3,False
2026-02-10T08:01:51.612039,Park_Street,22.5535,88.3531,11,19,598,346,0.61,FRC4,False
2026-02-10T08:01:52.767784,Howrah_Bridge,22.5851,88.3467,13,24,976,528,1.0,FRC3,False
2026-02-10T08:01:53.925678,Gariahat,22.5189,88.3647,13,22,688,406,0.999143,FRC7,False
2026-02-10T08:01:55.087831,Salt_Lake_V,22.5744,88.4323,18,24,540,405,0.933924,FRC5,False
2026-02-10T08:02:56.295790,EM_Bypass_North,22.5726,88.3639,23,23,141,141,1.0,FRC3,False
2026-02-10T08:02:57.467350,Park_Street,22.5535,88.3531,11,19,598,346,0.59884,FRC4,False
2026-02-10T08:02:58.624572,Howrah_Bridge,22.5851,88.3467,14,24,906,528,1.0,FRC3,False
2026-02-10T08:02:59.779117,Gariahat,22.5189,88.3647,13,22,688,406,0.999143,FRC7,False
2026-02-10T08:03:00.935604,Salt_Lake_V,22.5744,88.4323,20,24,486,405,0.935497,FRC5,False
2026-02-10T08:04:03.146268,EM_Bypass_North,22.5726,88.3639,23,23,141,141,1.0,FRC3,False
2026-02-10T08:04:04.300951,Park_Street,22.5535,88.3531,11,19,598,346,0.591768,FRC4,False
2026-02-10T08:04:05.458109,Howrah_Bridge,22.5851,88.3467,14,24,906,528,0.998871,FRC3,False
2026-02-10T08:04:06.616189,Gariahat,22.5189,88.3647,13,21,688,426,0.999143,FRC7,False
2026-02-10T08:04:07.771447,Salt_Lake_V,22.5744,88.4323,20,24,486,405,0.935497,FRC5,False
2026-02-10T08:05:08.984934,EM_Bypass_North,22.5726,88.3639,23,23,141,141,1.0,FRC3,False
2026-02-10T08:05:10.142428,Park_Street,22.5535,88.3531,12,18,548,365,0.592376,FRC4,False
2026-02-10T08:05:11.297334,Howrah_Bridge,22.5851,88.3467,13,24,976,528,1.0,FRC3,False
2026-02-10T08:05:12.449447,Gariahat,22.5189,88.3647,13,22,688,406,1.0,FRC7,False
2026-02-10T08:05:13.627126,Salt_Lake_V,22.5744,88.4323,17,24,572,405,0.932436,FRC5,False
2026-02-10T08:06:14.837919,EM_Bypass_North,22.5726,88.3639,23,23,141,141,1.0,FRC3,False
2026-02-10T08:06:15.999885,Park_Street,22.5535,88.3531,12,18,548,365,0.592376,FRC4,False
2026-02-10T08:06:17.158131,Howrah_Bridge,22.5851,88.3467,12,24,1057,528,1.0,FRC3,False
2026-02-10T08:06:18.311067,Gariahat,22.5189,88.3647,13,22,688,406,1.0,FRC7,False
2026-02-10T08:06:19.469218,Salt_Lake_V,22.5744,88.4323,17,24,572,405,0.942831,FRC5,False
2026-02-10T08:07:20.679750,EM_Bypass_North,22.5726,88.3639,23,23,141,141,1.0,FRC3,False
2026-02-10T08:07:21.840825,Park_Street,22.5535,88.3531,12,18,548,365,0.584145,FRC4,False
2026-02-10T08:07:22.999257,Howrah_Bridge,22.5851,88.3467,11,24,1154,528,0.998871,FRC3,False
2026-02-10T08:07:24.160943,Gariahat,22.5189,88.3647,13,22,688,406,1.0,FRC7,False
2026-02-10T08:07:25.320891,Salt_Lake_V,22.5744,88.4323,16,24,607,405,0.943364,FRC5,False
2026-02-10T08:08:26.533303,EM_Bypass_North,22.5726,88.3639,23,23,141,141,1.0,FRC3,False
2026-02-10T08:08:27.686071,Park_Street,22.5535,88.3531,13,18,506,365,0.614696,FRC4,False
2026-02-10T08:08:28.846290,Howrah_Bridge,22.5851,88.3467,12,24,1057,528,1.0,FRC3,False
2026-02-10T08:08:30.016361,Gariahat,22.5189,88.3647,12,21,745,426,1.0,FRC7,False
2026-02-10T08:08:31.179703,Salt_Lake_V,22.5744,88.4323,16,24,607,405,0.94179,FRC5,False
2026-02-10T08:09:32.441721,EM_Bypass_North,22.5726,88.3639,23,23,141,141,1.0,FRC3,False
2026-02-10T08:09:33.597042,Park_Street,22.5535,88.3531,13,18,506,365,0.623536,FRC4,False
2026-02-10T08:09:34.763299,Howrah_Bridge,22.5851,88.3467,12,24,1057,528,0.998934,FRC3,False
2026-02-10T08:09:35.918292,Gariahat,22.5189,88.3647,13,22,688,406,1.0,FRC7,False
2026-02-10T08:09:37.076955,Salt_Lake_V,22.5744,88.4323,16,24,607,405,0.942831,FRC5,False
2026-02-10T08:10:38.294460,EM_Bypass_North,22.5726,88.3639,23,23,141,141,1.0,FRC3,False
2026-02-10T08:10:39.451292,Park_Street,22.5535,88.3531,14,18,470,365,0.6,FRC4,False
2026-02-10T08:10:40.610685,Howrah_Bridge,22.5851,88.3467,14,24,906,528,0.99842,FRC3,False
2026-02-10T08:10:41.763442,Gariahat,22.5189,88.3647,14,22,639,406,0.99743,FRC7,False
2026-02-10T08:10:42.921543,Salt_Lake_V,22.5744,88.4323,18,24,540,405,0.949657,FRC5,False
2026-02-10T08:11:44.131294,EM_Bypass_North,22.5726,88.3639,23,23,141,141,1.0,FRC3,False
2026-02-10T08:11:45.287505,Park_Street,22.5535,88.3531,14,19,470,346,0.58,FRC4,False
2026-02-10T08:11:46.440675,Howrah_Bridge,22.5851,88.3467,13,23,976,551,1.0,FRC3,False
2026-02-10T08:11:47.600021,Gariahat,22.5189,88.3647,14,21,639,426,0.99743,FRC7,False
2026-02-10T08:11:48.759875,Salt_Lake_V,22.5744,88.4323,18,24,540,405,0.937633,FRC5,False
2026-02-10T08:12:49.983106,EM_Bypass_North,22.5726,88.3639,23,23,141,141,1.0,FRC3,False
2026-02-10T08:12:51.139788,Park_Street,22.5535,88.3531,14,19,470,346,0.58,FRC4,False
2026-02-10T08:12:52.297632,Howrah_Bridge,22.5851,88.3467,15,24,846,528,1.0,FRC3,False
2026-02-10T08:12:53.447345,Gariahat,22.5189,88.3647,14,22,639,406,0.99743,FRC7,False
2026-02-10T08:12:54.650114,Salt_Lake_V,22.5744,88.4323,17,24,572,405,0.95123,FRC5,False
2026-02-10T08:13:55.865612,EM_Bypass_North,22.5726,88.3639,23,23,141,141,1.0,FRC3,False
2026-02-10T08:13:57.019575,Park_Street,22.5535,88.3531,14,19,470,346,0.61,FRC4,False
2026-02-10T08:13:58.187330,Howrah_Bridge,22.5851,88.3467,15,24,846,528,0.998171,FRC3,False
2026-02-10T08:13:59.343874,Gariahat,22.5189,88.3647,15,22,596,406,0.996573,FRC7,False
2026-02-10T08:14:00.496897,Salt_Lake_V,22.5744,88.4323,16,24,607,405,0.949657,FRC5,False
2026-02-10T08:15:01.705890,EM_Bypass_North,22.5726,88.3639,23,23,141,141,1.0,FRC3,False
2026-02-10T08:15:02.863591,Park_Street,22.5535,88.3531,14,18,470,365,0.620066,FRC4,False
2026-02-10T08:15:04.020881,Howrah_Bridge,22.5851,88.3467,13,23,976,551,0.998171,FRC3,False
2026-02-10T08:15:05.181983,Gariahat,22.5189,88.3647,15,22,596,406,0.996573,FRC7,False
2026-02-10T08:15:06.339988,Salt_Lake_V,22.5744,88.4323,16,24,607,405,0.94651,FRC5,False
2026-02-10T08:16:07.546494,EM_Bypass_North,22.5726,88.3639,14,22,231,147,0.589398,FRC3,False
2026-02-10T08:16:08.704213,Park_Street,22.5535,88.3531,13,19,506,346,0.67,FRC4,False
2026-02-10T08:16:09.863157,Howrah_Bridge,22.5851,88.3467,14,24,906,528,0.9989,FRC3,False
2026-02-10T08:16:11.017670,Gariahat,22.5189,88.3647,15,22,596,406,0.995571,FRC7,False
2026-02-10T08:16:12.179328,Salt_Lake_V,22.5744,88.4323,16,24,607,405,0.940217,FRC5,False
2026-02-10T08:17:13.394026,EM_Bypass_North,22.5726,88.3639,14,22,231,147,0.589398,FRC3,False
2026-02-10T08:17:14.558303,Park_Street,22.5535,88.3531,13,19,506,346,0.68,FRC4,False
2026-02-10T08:17:15.726745,Howrah_Bridge,22.5851,88.3467,13,23,976,551,1.0,FRC3,False
2026-02-10T08:17:16.880126,Gariahat,22.5189,88.3647,15,22,596,406,0.996428,FRC7,False
2026-02-10T08:17:18.033603,Salt_Lake_V,22.5744,88.4323,16,24,607,405,0.93241,FRC5,False
2026-02-10T08:18:19.246653,EM_Bypass_North,22.5726,88.3639,14,22,231,147,0.589398,FRC3,False
2026-02-10T08:18:20.404363,Park_Street,22.5535,88.3531,11,18,598,365,0.7,FRC4,False
2026-02-10T08:18:21.562522,Howrah_Bridge,22.5851,88.3467,14,23,906,551,1.0,FRC3,False
2026-02-10T08:18:22.728120,Gariahat,22.5189,88.3647,15,22,596,406,0.995571,FRC7,False
2026-02-10T08:18:23.886389,Salt_Lake_V,22.5744,88.4323,17,24,572,405,0.942831,FRC5,False
2026-02-10T08:19:25.138567,EM_Bypass_North,22.5726,88.3639,14,22,231,147,0.589398,FRC3,False
2026-02-10T08:19:26.293359,Park_Street,22.5535,88.3531,11,19,598,346,0.69,FRC4,False
2026-02-10T08:19:27.450046,Howrah_Bridge,22.5851,88.3467,14,23,906,551,1.0,FRC3,False
2026-02-10T08:19:28.619855,Gariahat,22.5189,88.3647,15,22,596,406,0.996428,FRC7,False
2026-02-10T08:19:29.775511,Salt_Lake_V,22.5744,88.4323,17,25,572,389,0.935497,FRC5,False
2026-02-10T08:20:30.995123,EM_Bypass_North,22.5726,88.3639,10,23,324,141,0.6,FRC3,False
2026-02-10T08:20:32.149303,Park_Street,22.5535,88.3531,11,19,598,346,0.69,FRC4,False
2026-02-10T08:20:33.303413,Howrah_Bridge,22.5851,88.3467,15,24,846,528,0.998301,FRC3,False
2026-02-10T08:20:34.467032,Gariahat,22.5189,88.3647,16,22,559,406,0.996428,FRC7,False
2026-02-10T08:20:35.626696,Salt_Lake_V,22.5744,88.4323,17,24,572,405,0.927239,FRC5,False
2026-02-10T08:21:36.852898,EM_Bypass_North,22.5726,88.3639,10,23,324,141,0.6,FRC3,False
2026-02-10T08:21:38.010363,Park_Street,22.5535,88.3531,11,19,598,346,0.69,FRC4,False
2026-02-10T08:21:39.169681,Howrah_Bridge,22.5851,88.3467,15,24,846,528,0.998301,FRC3,False
2026-02-10T08:21:40.323710,Gariahat,22.5189,88.3647,16,21,559,426,0.995519,FRC7,False
2026-02-10T08:21:41.479562,Salt_Lake_V,22.5744,88.4323,16,24,607,405,0.935497,FRC5,False
2026-02-10T08:22:42.678031,EM_Bypass_North,22.5726,88.3639,10,23,324,141,0.6,FRC3,False
2026-02-10T08:22:43.837637,Park_Street,22.5535,88.3531,11,19,598,346,0.69,FRC4,False
2026-02-10T08:22:44.996419,Howrah_Bridge,22.5851,88.3467,14,24,906,528,0.998301,FRC3,False
2026-02-10T08:22:46.152712,Gariahat,22.5189,88.3647,17,22,526,406,0.995519,FRC7,False
2026-02-10T08:22:47.308816,Salt_Lake_V,22.5744,88.4323,14,24,694,405,0.927339,FRC5,False
2026-02-10T08:23:48.523709,EM_Bypass_North,22.5726,88.3639,10,23,324,141,0.6,FRC3,False
2026-02-10T08:23:49.675960,Park_Street,22.5535,88.3531,11,19,598,346,0.69,FRC4,False
2026-02-10T08:23:50.833597,Howrah_Bridge,22.5851,88.3467,14,24,906,528,0.997876,FRC3,False
2026-02-10T08:23:51.991803,Gariahat,22.5189,88.3647,16,22,559,406,0.995519,FRC7,False
2026-02-10T08:23:53.149977,Salt_Lake_V,22.5744,88.4323,16,24,607,405,0.927239,FRC5,False
2026-02-10T08:24:54.362055,EM_Bypass_North,22.5726,88.3639,10,23,324,141,0.6,FRC3,False
2026-02-10T08:24:55.518543,Park_Street,22.5535,88.3531,11,19,598,346,0.69,FRC4,False
2026-02-10T08:24:56.675989,Howrah_Bridge,22.5851,88.3467,15,24,846,528,0.997436,FRC3,False
2026-02-10T08:24:57.831156,Gariahat,22.5189,88.3647,16,22,559,406,0.99743,FRC7,False
2026-02-10T08:24:58.983217,Salt_Lake_V,22.5744,88.4323,14,24,694,405,0.927239,FRC5,False
2026-02-10T08:26:00.193642,EM_Bypass_North,22.5726,88.3639,10,23,324,141,0.6,FRC3,False
2026-02-10T08:26:01.355618,Park_Street,22.5535,88.3531,11,19,598,346,0.68,FRC4,False
2026-02-10T08:26:02.519325,Howrah_Bridge,22.5851,88.3467,14,24,906,528,0.999146,FRC3,False
2026-02-10T08:26:03.676185,Gariahat,22.5189,88.3647,17,22,526,406,0.994759,FRC7,False
2026-02-10T08:26:04.843387,Salt_Lake_V,22.5744,88.4323,17,24,572,405,0.935497,FRC5,False
2026-02-10T08:27:06.049705,EM_Bypass_North,22.5726,88.3639,10,23,324,141,0.59,FRC3,False
2026-02-10T08:27:07.201857,Park_Street,22.5535,88.3531,11,19,598,346,0.65,FRC4,False
2026-02-10T08:27:08.356158,Howrah_Bridge,22.5851,88.3467,14,24,906,528,0.999146,FRC3,False
2026-02-10T08:27:09.515487,Gariahat,22.5189,88.3647,17,23,526,389,0.993902,FRC7,False
2026-02-10T08:27:10.672815,Salt_Lake_V,22.5744,88.4323,17,24,572,405,0.932436,FRC5,False
2026-02-10T08:28:11.902579,EM_Bypass_North,22.5726,88.3639,10,23,324,141,0.59,FRC3,False
2026-02-10T08:28:13.057140,Park_Street,22.5535,88.3531,11,19,598,346,0.65,FRC4,False
2026-02-10T08:28:14.213485,Howrah_Bridge,22.5851,88.3467,14,24,906,528,0.999146,FRC3,False
2026-02-10T08:28:15.374302,Gariahat,22.5189,88.3647,16,22,559,406,0.995716,FRC7,False
2026-02-10T08:28:16.525323,Salt_Lake_V,22.5744,88.4323,17,24,572,405,0.933924,FRC5,False
2026-02-10T08:29:17.748949,EM_Bypass_North,22.5726,88.3639,10,23,324,141,0.59,FRC3,False
2026-02-10T08:29:18.904198,Park_Street,22.5535,88.3531,11,18,598,365,0.65,FRC4,False
2026-02-10T08:29:20.059042,Howrah_Bridge,22.5851,88.3467,13,23,976,551,1.0,FRC3,False
2026-02-10T08:29:21.217954,Gariahat,22.5189,88.3647,16,22,559,406,0.994859,FRC7,False
2026-02-10T08:29:22.376688,Salt_Lake_V,22.5744,88.4323,18,25,540,389,0.933924,FRC5,False
2026-02-10T08:30:23.589691,EM_Bypass_North,22.5726,88.3639,10,23,324,141,0.59,FRC3,False
2026-02-10T08:30:24.751724,Park_Street,22.5535,88.3531,11,18,598,365,0.65,FRC4,False
2026-02-10T08:30:25.910642,Howrah_Bridge,22.5851,88.3467,14,24,906,528,0.998477,FRC3,False
2026-02-10T08:30:27.062293,Gariahat,22.5189,88.3647,16,22,559,406,0.995716,FRC7,False
2026-02-10T08:30:28.214995,Salt_Lake_V,22.5744,88.4323,18,24,540,405,0.933924,FRC5,False
2026-02-10T08:31:29.427280,EM_Bypass_North,22.5726,88.3639,10,23,324,141,0.59,FRC3,False
2026-02-10T08:31:30.583259,Park_Street,22.5535,88.3531,11,18,598,365,0.639922,FRC4,False
2026-02-10T08:31:31.741011,Howrah_Bridge,22.5851,88.3467,13,23,976,551,0.998171,FRC3,False
2026-02-10T08:31:32.896828,Gariahat,22.5189,88.3647,15,21,596,426,0.995716,FRC7,False
2026-02-10T08:31:34.055589,Salt_Lake_V,22.5744,88.4323,18,24,540,405,0.927239,FRC5,False
2026-02-10T08:32:35.258716,EM_Bypass_North,22.5726,88.3639,10,23,324,141,0.59,FRC3,False
2026-02-10T08:32:36.409122,Park_Street,22.5535,88.3531,12,19,548,346,0.632859,FRC4,False
2026-02-10T08:32:37.564804,Howrah_Bridge,22.5851,88.3467,14,24,906,528,0.998477,FRC3,False
2026-02-10T08:32:38.736450,Gariahat,22.5189,88.3647,15,21,596,426,0.995716,FRC7,False
2026-02-10T08:32:39.897015,Salt_Lake_V,22.5744,88.4323,17,23,572,422,0.932436,FRC5,False
2026-02-10T08:33:41.105128,EM_Bypass_North,22.5726,88.3639,10,23,324,141,0.59,FRC3,False
2026-02-10T08:33:42.263954,Park_Street,22.5535,88.3531,10,19,658,346,0.646985,FRC4,False
2026-02-10T08:33:43.446654,Howrah_Bridge,22.5851,88.3467,14,24,906,528,0.998477,FRC3,False
2026-02-10T08:33:44.609380,Gariahat,22.5189,88.3647,15,22,596,406,0.997357,FRC7,False
2026-02-10T08:33:45.763805,Salt_Lake_V,22.5744,88.4323,17,23,572,422,0.932436,FRC5,False
2026-02-10T08:34:46.967524,EM_Bypass_North,22.5726,88.3639,15,22,216,147,0.561747,FRC3,False
2026-02-10T08:34:48.120711,Park_Street,22.5535,88.3531,10,18,658,365,0.639922,FRC4,False
2026-02-10T08:34:49.278237,Howrah_Bridge,22.5851,88.3467,14,24,906,528,0.998063,FRC3,False
2026-02-10T08:34:50.432744,Gariahat,22.5189,88.3647,16,22,559,406,0.99817,FRC7,False
2026-02-10T08:34:51.588638,Salt_Lake_V,22.5744,88.4323,18,23,540,422,0.919265,FRC5,False
2026-02-10T08:35:52.843285,EM_Bypass_North,22.5726,88.3639,15,22,216,147,0.561747,FRC3,False
2026-02-10T08:35:53.995904,Park_Street,22.5535,88.3531,10,18,658,365,0.639922,FRC4,False
2026-02-10T08:35:55.153149,Howrah_Bridge,22.5851,88.3467,15,23,846,551,0.998063,FRC3,False
2026-02-10T08:35:56.308493,Gariahat,22.5189,88.3647,17,23,526,389,0.996339,FRC7,False
2026-02-10T08:35:57.468024,Salt_Lake_V,22.5744,88.4323,17,23,572,422,0.919265,FRC5,False
2026-02-10T08:36:58.721602,EM_Bypass_North,22.5726,88.3639,15,22,216,147,0.561747,FRC3,False
2026-02-10T08:36:59.877492,Park_Street,22.5535,88.3531,10,18,658,365,0.639922,FRC4,False
2026-02-10T08:37:01.034871,Howrah_Bridge,22.5851,88.3467,14,23,906,551,1.0,FRC3,False
2026-02-10T08:37:02.192728,Gariahat,22.5189,88.3647,16,22,559,406,0.996339,FRC7,False
2026-02-10T08:37:03.348117,Salt_Lake_V,22.5744,88.4323,18,25,540,389,0.930778,FRC5,False
2026-02-10T08:38:04.591395,EM_Bypass_North,22.5726,88.3639,15,22,216,147,0.561747,FRC3,False
2026-02-10T08:38:05.767211,Park_Street,22.5535,88.3531,10,18,658,365,0.625797,FRC4,False
2026-02-10T08:38:06.924714,Howrah_Bridge,22.5851,88.3467,14,24,906,528,1.0,FRC3,False
2026-02-10T08:38:08.092754,Gariahat,22.5189,88.3647,17,22,526,406,0.996573,FRC7,False
2026-02-10T08:38:09.251191,Salt_Lake_V,22.5744,88.4323,19,25,511,389,0.930778,FRC5,False
2026-02-10T08:39:10.475931,EM_Bypass_North,22.5726,88.3639,15,22,216,147,0.561747,FRC3,False
2026-02-10T08:39:11.631717,Park_Street,22.5535,88.3531,10,19,658,346,0.632859,FRC4,False
2026-02-10T08:39:12.787917,Howrah_Bridge,22.5851,88.3467,14,23,906,551,1.0,FRC3,False
2026-02-10T08:39:13.948503,Gariahat,22.5189,88.3647,17,22,526,406,0.994859,FRC7,False
2026-02-10T08:39:15.098600,Salt_Lake_V,22.5744,88.4323,19,24,511,405,0.929205,FRC5,False
2026-02-10T08:40:16.338633,EM_Bypass_North,22.5726,88.3639,15,22,216,147,0.561747,FRC3,False
2026-02-10T08:40:17.492528,Park_Street,22.5535,88.3531,11,19,598,346,0.65,FRC4,False
2026-02-10T08:40:18.647701,Howrah_Bridge,22.5851,88.3467,14,24,906,528,0.998871,FRC3,False
2026-02-10T08:40:19.808892,Gariahat,22.5189,88.3647,17,22,526,406,0.994859,FRC7,False
2026-02-10T08:40:20.964237,Salt_Lake_V,22.5744,88.4323,19,24,511,405,0.929205,FRC5,False
2026-02-10T08:41:22.173077,EM_Bypass_North,22.5726,88.3639,15,22,216,147,0.555573,FRC3,False
2026-02-10T08:41:23.328747,Park_Street,22.5535,88.3531,11,18,598,365,0.64,FRC4,False
2026-02-10T08:41:24.482495,Howrah_Bridge,22.5851,88.3467,14,23,906,551,0.998437,FRC3,False
2026-02-10T08:41:25.634308,Gariahat,22.5189,88.3647,17,21,526,426,0.996339,FRC7,False
2026-02-10T08:41:26.793003,Salt_Lake_V,22.5744,88.4323,18,23,540,422,0.935412,FRC5,False
2026-02-10T08:42:28.000881,EM_Bypass_North,22.5726,88.3639,16,22,202,147,0.549398,FRC3,False
2026-02-10T08:42:29.160024,Park_Street,22.5535,88.3531,9,20,731,329,0.62,FRC4,False
2026-02-10T08:42:30.315382,Howrah_Bridge,22.5851,88.3467,13,24,976,528,1.0,FRC3,False
2026-02-10T08:42:31.469487,Gariahat,22.5189,88.3647,16,22,559,406,0.996339,FRC7,False
2026-02-10T08:42:32.628632,Salt_Lake_V,22.5744,88.4323,19,24,511,405,0.927239,FRC5,False
2026-02-10T08:43:33.830479,EM_Bypass_North,22.5726,88.3639,16,22,202,147,0.549398,FRC3,False
2026-02-10T08:43:34.986693,Park_Street,22.5535,88.3531,8,18,822,365,0.62,FRC4,False
2026-02-10T08:43:36.143519,Howrah_Bridge,22.5851,88.3467,12,24,1057,528,1.0,FRC3,False
2026-02-10T08:43:37.302477,Gariahat,22.5189,88.3647,16,22,559,406,0.992759,FRC7,False
2026-02-10T08:43:38.458652,Salt_Lake_V,22.5744,88.4323,19,24,511,405,0.92062,FRC5,False
2026-02-10T08:44:39.659703,EM_Bypass_North,22.5726,88.3639,15,22,216,147,0.543223,FRC3,False
2026-02-10T08:44:40.813542,Park_Street,22.5535,88.3531,8,18,822,365,0.6,FRC4,False
2026-02-10T08:44:41.976543,Howrah_Bridge,22.5851,88.3467,13,24,976,528,1.0,FRC3,False
2026-02-10T08:44:43.145972,Gariahat,22.5189,88.3647,15,21,596,426,0.992759,FRC7,False
2026-02-10T08:44:44.298502,Salt_Lake_V,22.5744,88.4323,18,24,540,405,0.932436,FRC5,False
2026-02-10T08:45:45.534151,EM_Bypass_North,22.5726,88.3639,15,22,216,147,0.543223,FRC3,False
2026-02-10T08:45:46.693114,Park_Street,22.5535,88.3531,8,18,822,365,0.59,FRC4,False
2026-02-10T08:45:47.847285,Howrah_Bridge,22.5851,88.3467,14,24,906,528,1.0,FRC3,False
2026-02-10T08:45:49.001361,Gariahat,22.5189,88.3647,15,21,596,426,0.992759,FRC7,False
2026-02-10T08:45:50.155986,Salt_Lake_V,22.5744,88.4323,19,24,511,405,0.927235,FRC5,False
2026-02-10T08:46:51.397838,EM_Bypass_North,22.5726,88.3639,18,22,180,147,0.524522,FRC3,False
2026-02-10T08:46:52.557033,Park_Street,22.5535,88.3531,9,20,731,329,0.58,FRC4,False
2026-02-10T08:46:53.711513,Howrah_Bridge,22.5851,88.3467,13,24,976,528,0.99899,FRC3,False
2026-02-10T08:46:54.874453,Gariahat,22.5189,88.3647,16,22,559,406,0.99817,FRC7,False
2026-02-10T08:46:56.032745,Salt_Lake_V,22.5744,88.4323,18,24,540,405,0.924485,FRC5,False
2026-02-10T08:47:57.239750,EM_Bypass_North,22.5726,88.3639,18,22,180,147,0.524522,FRC3,False
2026-02-10T08:47:58.411393,Park_Street,22.5535,88.3531,9,19,731,346,0.6,FRC4,False
2026-02-10T08:47:59.570701,Howrah_Bridge,22.5851,88.3467,14,24,906,528,0.99899,FRC3,False
2026-02-10T08:48:00.726220,Gariahat,22.5189,88.3647,16,22,559,406,0.995716,FRC7,False
2026-02-10T08:48:01.885716,Salt_Lake_V,22.5744,88.4323,19,24,511,405,0.935412,FRC5,False
2026-02-10T08:49:03.097767,EM_Bypass_North,22.5726,88.3639,23,23,141,141,1.0,FRC3,False
2026-02-10T08:49:04.255879,Park_Street,22.5535,88.3531,9,19,731,346,0.6,FRC4,False
2026-02-10T08:49:05.413933,Howrah_Bridge,22.5851,88.3467,13,24,976,528,0.998871,FRC3,False
2026-02-10T08:49:06.569781,Gariahat,22.5189,88.3647,15,22,596,406,0.996573,FRC7,False
2026-02-10T08:49:07.731671,Salt_Lake_V,22.5744,88.4323,19,23,511,422,0.935412,FRC5,False
2026-02-10T08:50:08.991787,EM_Bypass_North,22.5726,88.3639,23,23,141,141,1.0,FRC3,False
2026-02-10T08:50:10.144861,Park_Street,22.5535,88.3531,9,19,731,346,0.6,FRC4,False
2026-02-10T08:50:11.305325,Howrah_Bridge,22.5851,88.3467,13,24,976,528,1.0,FRC3,False
2026-02-10T08:50:12.461864,Gariahat,22.5189,88.3647,16,22,559,406,0.993576,FRC7,False
2026-02-10T08:50:13.619629,Salt_Lake_V,22.5744,88.4323,20,24,486,405,0.927339,FRC5,False
2026-02-10T08:51:14.874004,EM_Bypass_North,22.5726,88.3639,23,23,141,141,1.0,FRC3,False
2026-02-10T08:51:16.028063,Park_Street,22.5535,88.3531,9,18,731,365,0.585576,FRC4,False
2026-02-10T08:51:17.181647,Howrah_Bridge,22.5851,88.3467,12,23,1057,551,1.0,FRC3,False
2026-02-10T08:51:18.340419,Gariahat,22.5189,88.3647,16,22,559,406,0.995716,FRC7,False
2026-02-10T08:51:19.495461,Salt_Lake_V,22.5744,88.4323,19,24,511,405,0.935412,FRC5,False
2026-02-10T08:52:20.716132,EM_Bypass_North,22.5726,88.3639,23,23,141,141,1.0,FRC3,False
2026-02-10T08:52:21.887242,Park_Street,22.5535,88.3531,9,18,731,365,0.585576,FRC4,False
2026-02-10T08:52:23.043619,Howrah_Bridge,22.5851,88.3467,13,24,976,528,1.0,FRC3,False
2026-02-10T08:52:24.207179,Gariahat,22.5189,88.3647,16,22,559,406,0.992759,FRC7,False
2026-02-10T08:52:25.368700,Salt_Lake_V,22.5744,88.4323,17,24,572,405,0.935412,FRC5,False
2026-02-10T08:53:26.620586,EM_Bypass_North,22.5726,88.3639,23,23,141,141,1.0,FRC3,False
2026-02-10T08:53:27.776021,Park_Street,22.5535,88.3531,9,18,731,365,0.583974,FRC4,False
2026-02-10T08:53:28.937595,Howrah_Bridge,22.5851,88.3467,13,24,976,528,1.0,FRC3,False
2026-02-10T08:53:30.091957,Gariahat,22.5189,88.3647,16,22,559,406,0.995716,FRC7,False
2026-02-10T08:53:31.249644,Salt_Lake_V,22.5744,88.4323,19,24,511,405,0.937633,FRC5,False
2026-02-10T08:54:32.465124,EM_Bypass_North,22.5726,88.3639,23,23,141,141,1.0,FRC3,False
2026-02-10T08:54:33.624703,Park_Street,22.5535,88.3531,9,19,731,346,0.617563,FRC4,False
2026-02-10T08:54:34.778532,Howrah_Bridge,22.5851,88.3467,13,23,976,551,1.0,FRC3,False
2026-02-10T08:54:35.935360,Gariahat,22.5189,88.3647,17,21,526,426,0.994859,FRC7,False
2026-02-10T08:54:37.092024,Salt_Lake_V,22.5744,88.4323,17,25,572,389,0.924485,FRC5,False
2026-02-10T08:55:38.335871,EM_Bypass_North,22.5726,88.3639,23,23,141,141,1.0,FRC3,False
2026-02-10T08:55:39.498958,Park_Street,22.5535,88.3531,9,19,731,346,0.617563,FRC4,False
2026-02-10T08:55:40.658225,Howrah_Bridge,22.5851,88.3467,13,23,976,551,1.0,FRC3,False
2026-02-10T08:55:41.814284,Gariahat,22.5189,88.3647,17,22,526,406,0.992759,FRC7,False
2026-02-10T08:55:42.968543,Salt_Lake_V,22.5744,88.4323,17,25,572,389,0.926058,FRC5,False
2026-02-10T08:56:44.176137,EM_Bypass_North,22.5726,88.3639,23,23,141,141,1.0,FRC3,False
2026-02-10T08:56:45.339479,Park_Street,22.5535,88.3531,9,18,731,365,0.617563,FRC4,False
2026-02-10T08:56:46.504382,Howrah_Bridge,22.5851,88.3467,14,24,906,528,1.0,FRC3,False
2026-02-10T08:56:47.660996,Gariahat,22.5189,88.3647,17,22,526,406,0.994859,FRC7,False
2026-02-10T08:56:48.816307,Salt_Lake_V,22.5744,88.4323,19,24,511,405,0.933924,FRC5,False
2026-02-10T08:57:50.019264,EM_Bypass_North,22.5726,88.3639,23,23,141,141,1.0,FRC3,False
2026-02-10T08:57:51.173432,Park_Street,22.5535,88.3531,9,18,731,365,0.634358,FRC4,False
2026-02-10T08:57:52.334316,Howrah_Bridge,22.5851,88.3467,12,24,1057,528,1.0,FRC3,False
2026-02-10T08:57:53.497304,Gariahat,22.5189,88.3647,17,22,526,406,0.994859,FRC7,False
2026-02-10T08:57:54.657750,Salt_Lake_V,22.5744,88.4323,24,24,405,405,1.0,FRC5,False
2026-02-10T08:58:55.871616,EM_Bypass_North,22.5726,88.3639,23,23,141,141,1.0,FRC3,False
2026-02-10T08:58:57.023899,Park_Street,22.5535,88.3531,9,18,731,365,0.625961,FRC4,False
2026-02-10T08:58:58.180130,Howrah_Bridge,22.5851,88.3467,13,24,976,528,1.0,FRC3,False
2026-02-10T08:58:59.337657,Gariahat,22.5189,88.3647,17,22,526,406,0.994859,FRC7,False
2026-02-10T08:59:00.501972,Salt_Lake_V,22.5744,88.4323,24,24,405,405,1.0,FRC5,False
2026-02-10T09:00:01.760276,EM_Bypass_North,22.5726,88.3639,23,23,141,141,1.0,FRC3,False
2026-02-10T09:00:02.918179,Park_Street,22.5535,88.3531,9,18,731,365,0.609166,FRC4,False
2026-02-10T09:00:04.071561,Howrah_Bridge,22.5851,88.3467,13,24,976,528,1.0,FRC3,False
2026-02-10T09:00:05.223524,Gariahat,22.5189,88.3647,16,22,559,406,0.994859,FRC7,False
2026-02-10T09:00:06.376580,Salt_Lake_V,22.5744,88.4323,17,24,572,405,0.929205,FRC5,False
2026-02-10T09:01:07.589288,EM_Bypass_North,22.5726,88.3639,23,23,141,141,1.0,FRC3,False
2026-02-10T09:01:08.745621,Park_Street,22.5535,88.3531,9,18,731,365,0.609166,FRC4,False
2026-02-10T09:01:09.904147,Howrah_Bridge,22.5851,88.3467,13,23,976,551,1.0,FRC3,False
2026-02-10T09:01:11.058616,Gariahat,22.5189,88.3647,17,21,526,426,0.994859,FRC7,False
2026-02-10T09:01:12.213637,Salt_Lake_V,22.5744,88.4323,17,24,572,405,0.929205,FRC5,False
2026-02-10T09:02:13.446123,EM_Bypass_North,22.5726,88.3639,23,23,141,141,1.0,FRC3,False
2026-02-10T09:02:14.601880,Park_Street,22.5535,88.3531,9,18,731,365,0.609166,FRC4,False
2026-02-10T09:02:15.757312,Howrah_Bridge,22.5851,88.3467,14,24,906,528,1.0,FRC3,False
2026-02-10T09:02:16.914203,Gariahat,22.5189,88.3647,18,21,497,426,0.994859,FRC7,False
2026-02-10T09:02:18.064400,Salt_Lake_V,22.5744,88.4323,17,24,572,405,0.929205,FRC5,False
2026-02-10T09:03:19.270180,EM_Bypass_North,22.5726,88.3639,23,23,141,141,1.0,FRC3,False
2026-02-10T09:03:20.425012,Park_Street,22.5535,88.3531,9,19,731,346,0.617563,FRC4,False
2026-02-10T09:03:21.590735,Howrah_Bridge,22.5851,88.3467,14,23,906,551,1.0,FRC3,False
2026-02-10T09:03:22.749459,Gariahat,22.5189,88.3647,18,22,497,406,0.994859,FRC7,False
2026-02-10T09:03:23.905836,Salt_Lake_V,22.5744,88.4323,19,24,511,405,0.929205,FRC5,False
2026-02-10T09:04:25.138851,EM_Bypass_North,22.5726,88.3639,23,23,141,141,1.0,FRC3,False
2026-02-10T09:04:26.290603,Park_Street,22.5535,88.3531,9,18,731,365,0.617563,FRC4,False
2026-02-10T09:04:27.448908,Howrah_Bridge,22.5851,88.3467,13,24,976,528,1.0,FRC3,False
2026-02-10T09:04:28.601548,Gariahat,22.5189,88.3647,18,22,497,406,0.994859,FRC7,False
2026-02-10T09:04:29.755566,Salt_Lake_V,22.5744,88.4323,18,23,540,422,0.943486,FRC5,False
2026-02-10T09:05:31.027364,EM_Bypass_North,22.5726,88.3639,23,23,141,141,1.0,FRC3,False
2026-02-10T09:05:32.184989,Park_Street,22.5535,88.3531,8,18,822,365,0.65955,FRC4,False
2026-02-10T09:05:33.340930,Howrah_Bridge,22.5851,88.3467,13,23,976,551,1.0,FRC3,False
2026-02-10T09:05:34.498199,Gariahat,22.5189,88.3647,18,23,497,389,0.994859,FRC7,False
2026-02-10T09:05:35.654717,Salt_Lake_V,22.5744,88.4323,18,24,540,405,0.935412,FRC5,False
2026-02-10T09:06:36.907155,EM_Bypass_North,22.5726,88.3639,23,23,141,141,1.0,FRC3,False
2026-02-10T09:06:38.063263,Park_Street,22.5535,88.3531,8,18,822,365,0.65955,FRC4,False
2026-02-10T09:06:39.224784,Howrah_Bridge,22.5851,88.3467,14,24,906,528,1.0,FRC3,False
2026-02-10T09:06:40.379312,Gariahat,22.5189,88.3647,17,22,526,406,0.994859,FRC7,False
2026-02-10T09:06:41.550738,Salt_Lake_V,22.5744,88.4323,24,24,405,405,1.0,FRC5,False
2026-02-10T09:07:42.793559,EM_Bypass_North,22.5726,88.3639,23,23,141,141,1.0,FRC3,False
2026-02-10T09:07:43.948287,Park_Street,22.5535,88.3531,8,19,822,346,0.69,FRC4,False
2026-02-10T09:07:45.103297,Howrah_Bridge,22.5851,88.3467,13,24,976,528,1.0,FRC3,False
2026-02-10T09:07:46.257325,Gariahat,22.5189,88.3647,17,22,526,406,0.995716,FRC7,False
2026-02-10T09:07:47.418569,Salt_Lake_V,22.5744,88.4323,24,24,405,405,1.0,FRC5,False
2026-02-10T09:08:48.632579,EM_Bypass_North,22.5726,88.3639,23,23,141,141,1.0,FRC3,False
2026-02-10T09:08:49.791564,Park_Street,22.5535,88.3531,8,19,822,346,0.67,FRC4,False
2026-02-10T09:08:50.954546,Howrah_Bridge,22.5851,88.3467,14,24,906,528,1.0,FRC3,False
2026-02-10T09:08:52.109233,Gariahat,22.5189,88.3647,16,22,559,406,0.99817,FRC7,False
2026-02-10T09:08:53.265942,Salt_Lake_V,22.5744,88.4323,24,24,405,405,1.0,FRC5,False
2026-02-10T09:09:54.475493,EM_Bypass_North,22.5726,88.3639,23,23,141,141,1.0,FRC3,False
2026-02-10T09:09:55.632323,Park_Street,22.5535,88.3531,8,19,822,346,0.67,FRC4,False
2026-02-10T09:09:56.785722,Howrah_Bridge,22.5851,88.3467,13,24,976,528,1.0,FRC3,False
2026-02-10T09:09:57.946285,Gariahat,22.5189,88.3647,15,21,596,426,1.0,FRC7,False
2026-02-10T09:09:59.116825,Salt_Lake_V,22.5744,88.4323,19,24,511,405,0.929205,FRC5,False
2026-02-10T09:11:00.380237,EM_Bypass_North,22.5726,88.3639,23,23,141,141,1.0,FRC3,False
2026-02-10T09:11:01.543619,Park_Street,22.5535,88.3531,8,18,822,365,0.625458,FRC4,False
2026-02-10T09:11:02.703654,Howrah_Bridge,22.5851,88.3467,14,23,906,551,1.0,FRC3,False
2026-02-10T09:11:03.858867,Gariahat,22.5189,88.3647,15,22,596,406,1.0,FRC7,False
2026-02-10T09:11:05.018395,Salt_Lake_V,22.5744,88.4323,19,24,511,405,0.929205,FRC5,False
2026-02-10T09:12:06.312747,EM_Bypass_North,22.5726,88.3639,23,23,141,141,1.0,FRC3,False
2026-02-10T09:12:07.470735,Park_Street,22.5535,88.3531,8,18,822,365,0.623883,FRC4,False
2026-02-10T09:12:08.638741,Howrah_Bridge,22.5851,88.3467,13,24,976,528,0.999351,FRC3,False
2026-02-10T09:12:09.796821,Gariahat,22.5189,88.3647,14,21,639,426,1.0,FRC7,False
2026-02-10T09:12:10.954895,Salt_Lake_V,22.5744,88.4323,16,24,607,405,0.929205,FRC5,False
2026-02-10T09:13:12.166154,EM_Bypass_North,22.5726,88.3639,23,23,141,141,1.0,FRC3,False
2026-02-10T09:13:13.339966,Park_Street,22.5535,88.3531,8,19,822,346,0.625976,FRC4,False
2026-02-10T09:13:14.501134,Howrah_Bridge,22.5851,88.3467,12,23,1057,551,0.999288,FRC3,False
2026-02-10T09:13:15.657059,Gariahat,22.5189,88.3647,13,21,688,426,1.0,FRC7,False
2026-02-10T09:13:16.816530,Salt_Lake_V,22.5744,88.4323,15,24,648,405,0.930778,FRC5,False
2026-02-10T09:14:18.068995,EM_Bypass_North,22.5726,88.3639,23,23,141,141,1.0,FRC3,False
2026-02-10T09:14:19.226790,Park_Street,22.5535,88.3531,9,18,731,365,0.635976,FRC4,False
2026-02-10T09:14:20.383676,Howrah_Bridge,22.5851,88.3467,13,23,976,551,1.0,FRC3,False
2026-02-10T09:14:21.542740,Gariahat,22.5189,88.3647,13,21,688,426,1.0,FRC7,False
2026-02-10T09:14:22.696680,Salt_Lake_V,22.5744,88.4323,14,24,694,405,0.943486,FRC5,False
2026-02-10T09:15:23.902688,EM_Bypass_North,22.5726,88.3639,23,23,141,141,1.0,FRC3,False
2026-02-10T09:15:25.054742,Park_Street,22.5535,88.3531,9,18,731,365,0.635976,FRC4,False
2026-02-10T09:15:26.215358,Howrah_Bridge,22.5851,88.3467,14,23,906,551,1.0,FRC3,False
2026-02-10T09:15:27.381895,Gariahat,22.5189,88.3647,14,22,639,406,1.0,FRC7,False
2026-02-10T09:15:28.542822,Salt_Lake_V,22.5744,88.4323,15,24,648,405,0.930778,FRC5,False
2026-02-10T09:16:29.752667,EM_Bypass_North,22.5726,88.3639,23,23,141,141,1.0,FRC3,False
2026-02-10T09:16:30.911473,Park_Street,22.5535,88.3531,10,19,658,346,0.644777,FRC4,False
2026-02-10T09:16:32.062344,Howrah_Bridge,22.5851,88.3467,14,23,906,551,1.0,FRC3,False
2026-02-10T09:16:33.231648,Gariahat,22.5189,88.3647,15,22,596,406,0.997325,FRC7,False
2026-02-10T09:16:34.384636,Salt_Lake_V,22.5744,88.4323,16,24,607,405,0.930778,FRC5,False
2026-02-10T09:17:35.644882,EM_Bypass_North,22.5726,88.3639,23,23,141,141,1.0,FRC3,False
2026-02-10T09:17:36.804042,Park_Street,22.5535,88.3531,10,19,658,346,0.644777,FRC4,False
2026-02-10T09:17:37.966640,Howrah_Bridge,22.5851,88.3467,12,24,1057,528,1.0,FRC3,False
2026-02-10T09:17:39.121388,Gariahat,22.5189,88.3647,16,22,559,406,0.996573,FRC7,False
2026-02-10T09:17:40.291255,Salt_Lake_V,22.5744,88.4323,16,24,607,405,0.929205,FRC5,False
2026-02-10T09:18:41.553073,EM_Bypass_North,22.5726,88.3639,23,23,141,141,1.0,FRC3,False
2026-02-10T09:18:42.707255,Park_Street,22.5535,88.3531,9,19,731,346,0.647315,FRC4,False
2026-02-10T09:18:43.865152,Howrah_Bridge,22.5851,88.3467,13,23,976,551,1.0,FRC3,False
2026-02-10T09:18:45.026299,Gariahat,22.5189,88.3647,16,22,559,406,0.996573,FRC7,False
2026-02-10T09:18:46.181979,Salt_Lake_V,22.5744,88.4323,16,24,607,405,0.929205,FRC5,False
2026-02-10T09:19:47.429424,EM_Bypass_North,22.5726,88.3639,23,23,141,141,1.0,FRC3,False
2026-02-10T09:19:48.591623,Park_Street,22.5535,88.3531,9,19,731,346,0.647315,FRC4,False
2026-02-10T09:19:49.749294,Howrah_Bridge,22.5851,88.3467,13,23,976,551,1.0,FRC3,False
2026-02-10T09:19:50.910529,Gariahat,22.5189,88.3647,17,23,526,389,0.995716,FRC7,False
2026-02-10T09:19:52.062952,Salt_Lake_V,22.5744,88.4323,15,24,648,405,0.930778,FRC5,False
2026-02-10T09:20:53.283298,EM_Bypass_North,22.5726,88.3639,23,23,141,141,1.0,FRC3,False
2026-02-10T09:20:54.441681,Park_Street,22.5535,88.3531,10,19,658,346,0.638602,FRC4,False
2026-02-10T09:20:55.611262,Howrah_Bridge,22.5851,88.3467,13,23,976,551,1.0,FRC3,False
2026-02-10T09:20:56.771721,Gariahat,22.5189,88.3647,17,23,526,389,0.995716,FRC7,False
2026-02-10T09:20:57.927400,Salt_Lake_V,22.5744,88.4323,17,24,572,405,0.930778,FRC5,False
2026-02-10T09:21:59.145443,EM_Bypass_North,22.5726,88.3639,23,23,141,141,1.0,FRC3,False
2026-02-10T09:22:00.309243,Park_Street,22.5535,88.3531,10,19,658,346,0.639889,FRC4,False
2026-02-10T09:22:01.468782,Howrah_Bridge,22.5851,88.3467,13,24,976,528,1.0,FRC3,False
2026-02-10T09:22:02.629082,Gariahat,22.5189,88.3647,16,22,559,406,0.995716,FRC7,False
2026-02-10T09:22:03.789531,Salt_Lake_V,22.5744,88.4323,19,24,511,405,0.930778,FRC5,False
2026-02-10T09:23:05.019654,EM_Bypass_North,22.5726,88.3639,23,23,141,141,1.0,FRC3,False
2026-02-10T09:23:06.181351,Park_Street,22.5535,88.3531,10,19,658,346,0.639889,FRC4,False
2026-02-10T09:23:07.339071,Howrah_Bridge,22.5851,88.3467,13,23,976,551,1.0,FRC3,False
2026-02-10T09:23:08.491065,Gariahat,22.5189,88.3647,16,22,559,406,0.995716,FRC7,False
2026-02-10T09:23:09.651664,Salt_Lake_V,22.5744,88.4323,24,24,405,405,1.0,FRC5,False
2026-02-10T09:24:10.863298,EM_Bypass_North,22.5726,88.3639,23,23,141,141,1.0,FRC3,False
2026-02-10T09:24:12.018606,Park_Street,22.5535,88.3531,10,19,658,346,0.639889,FRC4,False
2026-02-10T09:24:13.177071,Howrah_Bridge,22.5851,88.3467,14,24,906,528,0.999433,FRC3,False
2026-02-10T09:24:14.331497,Gariahat,22.5189,88.3647,17,22,526,406,0.994859,FRC7,False
2026-02-10T09:24:15.489874,Salt_Lake_V,22.5744,88.4323,19,24,511,405,0.927339,FRC5,False
2026-02-10T09:25:16.690641,EM_Bypass_North,22.5726,88.3639,23,23,141,141,1.0,FRC3,False
2026-02-10T09:25:17.843216,Park_Street,22.5535,88.3531,10,18,658,365,0.639889,FRC4,False
2026-02-10T09:25:18.998196,Howrah_Bridge,22.5851,88.3467,12,23,1057,551,1.0,FRC3,False
2026-02-10T09:25:20.151738,Gariahat,22.5189,88.3647,16,21,559,426,0.994859,FRC7,False
2026-02-10T09:25:21.318433,Salt_Lake_V,22.5744,88.4323,19,24,511,405,0.927239,FRC5,False
2026-02-10T09:26:22.532374,EM_Bypass_North,22.5726,88.3639,23,23,141,141,1.0,FRC3,False
2026-02-10T09:26:23.694743,Park_Street,22.5535,88.3531,11,19,598,346,0.629863,FRC4,False
2026-02-10T09:26:24.848497,Howrah_Bridge,22.5851,88.3467,13,24,976,528,0.999549,FRC3,False
2026-02-10T09:26:26.019609,Gariahat,22.5189,88.3647,17,21,526,426,0.995716,FRC7,False
2026-02-10T09:26:27.173700,Salt_Lake_V,22.5744,88.4323,24,24,405,405,1.0,FRC5,False
2026-02-10T09:27:28.387035,EM_Bypass_North,22.5726,88.3639,23,23,141,141,1.0,FRC3,False
2026-02-10T09:27:29.543623,Park_Street,22.5535,88.3531,11,19,598,346,0.616841,FRC4,False
2026-02-10T09:27:30.696868,Howrah_Bridge,22.5851,88.3467,12,24,1057,528,0.999549,FRC3,False
2026-02-10T09:27:31.851679,Gariahat,22.5189,88.3647,16,21,559,426,0.995716,FRC7,False
2026-02-10T09:27:33.012202,Salt_Lake_V,22.5744,88.4323,19,24,511,405,0.927631,FRC5,False
2026-02-10T09:28:34.270350,EM_Bypass_North,22.5726,88.3639,23,23,141,141,1.0,FRC3,False
2026-02-10T09:28:35.434593,Park_Street,22.5535,88.3531,12,19,548,346,0.603819,FRC4,False
2026-02-10T09:28:36.594559,Howrah_Bridge,22.5851,88.3467,14,24,906,528,1.0,FRC3,False
2026-02-10T09:28:37.748841,Gariahat,22.5189,88.3647,17,21,526,426,0.995716,FRC7,False
2026-02-10T09:28:38.910171,Salt_Lake_V,22.5744,88.4323,19,24,511,405,0.922912,FRC5,False
2026-02-10T09:29:40.121039,EM_Bypass_North,22.5726,88.3639,23,23,141,141,1.0,FRC3,False
2026-02-10T09:29:41.273220,Park_Street,22.5535,88.3531,13,19,506,346,0.603819,FRC4,False
2026-02-10T09:29:42.428957,Howrah_Bridge,22.5851,88.3467,13,24,976,528,1.0,FRC3,False
2026-02-10T09:29:43.583606,Gariahat,22.5189,88.3647,16,22,559,406,0.995716,FRC7,False
2026-02-10T09:29:44.737991,Salt_Lake_V,22.5744,88.4323,20,24,486,405,0.922912,FRC5,False
2026-02-10T09:30:45.946074,EM_Bypass_North,22.5726,88.3639,23,23,141,141,1.0,FRC3,False
2026-02-10T09:30:47.106271,Park_Street,22.5535,88.3531,14,19,470,346,0.603819,FRC4,False
2026-02-10T09:30:48.274925,Howrah_Bridge,22.5851,88.3467,13,24,976,528,1.0,FRC3,False
2026-02-10T09:30:49.469631,Gariahat,22.5189,88.3647,16,22,559,406,0.994859,FRC7,False
2026-02-10T09:30:50.626273,Salt_Lake_V,22.5744,88.4323,18,24,540,405,0.922912,FRC5,False
2026-02-10T09:31:51.840279,EM_Bypass_North,22.5726,88.3639,23,23,141,141,1.0,FRC3,False
2026-02-10T09:31:52.990266,Park_Street,22.5535,88.3531,14,18,470,365,0.577315,FRC4,False
2026-02-10T09:31:54.155956,Howrah_Bridge,22.5851,88.3467,13,24,976,528,1.0,FRC3,False
2026-02-10T09:31:55.321254,Gariahat,22.5189,88.3647,16,22,559,406,0.994859,FRC7,False
2026-02-10T09:31:56.479400,Salt_Lake_V,22.5744,88.4323,19,24,511,405,0.932351,FRC5,False
2026-02-10T09:32:57.687383,EM_Bypass_North,22.5726,88.3639,23,23,141,141,1.0,FRC3,False
2026-02-10T09:32:58.842797,Park_Street,22.5535,88.3531,13,18,506,365,0.567173,FRC4,False
2026-02-10T09:32:59.998969,Howrah_Bridge,22.5851,88.3467,12,23,1057,551,1.0,FRC3,False
2026-02-10T09:33:01.180119,Gariahat,22.5189,88.3647,17,22,526,406,0.994002,FRC7,False
2026-02-10T09:33:02.339974,Salt_Lake_V,22.5744,88.4323,17,25,572,389,0.932351,FRC5,False
2026-02-10T09:34:03.543979,EM_Bypass_North,22.5726,88.3639,23,23,141,141,1.0,FRC3,False
2026-02-10T09:34:04.700501,Park_Street,22.5535,88.3531,14,18,470,365,0.565365,FRC4,False
2026-02-10T09:34:05.860133,Howrah_Bridge,22.5851,88.3467,13,24,976,528,1.0,FRC3,False
2026-02-10T09:34:07.019156,Gariahat,22.5189,88.3647,17,22,526,406,0.996573,FRC7,False
2026-02-10T09:34:08.175202,Salt_Lake_V,22.5744,88.4323,17,24,572,405,0.933924,FRC5,False
2026-02-10T09:35:09.397638,EM_Bypass_North,22.5726,88.3639,23,23,141,141,1.0,FRC3,False
2026-02-10T09:35:10.558252,Park_Street,22.5535,88.3531,15,19,438,346,0.562985,FRC4,False
2026-02-10T09:35:11.722785,Howrah_Bridge,22.5851,88.3467,12,23,1057,551,1.0,FRC3,False
2026-02-10T09:35:12.878420,Gariahat,22.5189,88.3647,16,22,559,406,0.996573,FRC7,False
2026-02-10T09:35:14.033954,Salt_Lake_V,22.5744,88.4323,17,24,572,405,0.938644,FRC5,False
2026-02-10T09:36:15.284003,EM_Bypass_North,22.5726,88.3639,23,23,141,141,1.0,FRC3,False
2026-02-10T09:36:16.468901,Park_Street,22.5535,88.3531,15,19,438,346,0.557681,FRC4,False
2026-02-10T09:36:17.628151,Howrah_Bridge,22.5851,88.3467,13,24,976,528,1.0,FRC3,False
2026-02-10T09:36:18.780144,Gariahat,22.5189,88.3647,16,22,559,406,0.994859,FRC7,False
2026-02-10T09:36:19.931817,Salt_Lake_V,22.5744,88.4323,19,24,511,405,0.938644,FRC5,False
2026-02-10T09:37:21.172276,EM_Bypass_North,22.5726,88.3639,23,23,141,141,1.0,FRC3,False
2026-02-10T09:37:22.326962,Park_Street,22.5535,88.3531,15,19,438,346,0.557681,FRC4,False
2026-02-10T09:37:23.521594,Howrah_Bridge,22.5851,88.3467,13,24,976,528,1.0,FRC3,False
2026-02-10T09:37:24.680568,Gariahat,22.5189,88.3647,17,22,526,406,0.994859,FRC7,False
2026-02-10T09:37:25.839240,Salt_Lake_V,22.5744,88.4323,20,25,486,389,0.938644,FRC5,False
2026-02-10T09:38:27.079045,EM_Bypass_North,22.5726,88.3639,23,23,141,141,1.0,FRC3,False
2026-02-10T09:38:28.244325,Park_Street,22.5535,88.3531,15,19,438,346,0.564753,FRC4,False
2026-02-10T09:38:29.402989,Howrah_Bridge,22.5851,88.3467,13,24,976,528,1.0,FRC3,False
2026-02-10T09:38:30.564333,Gariahat,22.5189,88.3647,17,23,526,389,0.994859,FRC7,False
2026-02-10T09:38:31.719856,Salt_Lake_V,22.5744,88.4323,18,24,540,405,0.937633,FRC5,False
2026-02-10T09:39:32.939537,EM_Bypass_North,22.5726,88.3639,23,23,141,141,1.0,FRC3,False
2026-02-10T09:39:34.093803,Park_Street,22.5535,88.3531,15,19,438,346,0.564753,FRC4,False
2026-02-10T09:39:35.262731,Howrah_Bridge,22.5851,88.3467,13,24,976,528,1.0,FRC3,False
2026-02-10T09:39:36.417086,Gariahat,22.5189,88.3647,17,22,526,406,0.994859,FRC7,False
2026-02-10T09:39:37.585726,Salt_Lake_V,22.5744,88.4323,18,23,540,422,0.935412,FRC5,False
2026-02-10T09:40:38.798415,EM_Bypass_North,22.5726,88.3639,23,23,141,141,1.0,FRC3,False
2026-02-10T09:40:39.953401,Park_Street,22.5535,88.3531,15,18,438,365,0.566521,FRC4,False
2026-02-10T09:40:41.109991,Howrah_Bridge,22.5851,88.3467,13,24,976,528,1.0,FRC3,False
2026-02-10T09:40:42.279942,Gariahat,22.5189,88.3647,17,22,526,406,0.994859,FRC7,False
2026-02-10T09:40:43.436896,Salt_Lake_V,22.5744,88.4323,20,24,486,405,0.935412,FRC5,False
2026-02-10T09:41:44.669429,EM_Bypass_North,22.5726,88.3639,23,23,141,141,1.0,FRC3,False
2026-02-10T09:41:45.821543,Park_Street,22.5535,88.3531,15,19,438,346,0.562907,FRC4,False
2026-02-10T09:41:46.975377,Howrah_Bridge,22.5851,88.3467,14,24,906,528,1.0,FRC3,False
2026-02-10T09:41:48.129492,Gariahat,22.5189,88.3647,16,23,559,389,0.995716,FRC7,False
2026-02-10T09:41:49.299890,Salt_Lake_V,22.5744,88.4323,19,24,511,405,0.935412,FRC5,False
2026-02-10T09:42:50.550130,EM_Bypass_North,22.5726,88.3639,23,23,141,141,1.0,FRC3,False
2026-02-10T09:42:51.709078,Park_Street,22.5535,88.3531,14,19,470,346,0.574125,FRC4,False
2026-02-10T09:42:52.869607,Howrah_Bridge,22.5851,88.3467,14,24,906,528,1.0,FRC3,False
2026-02-10T09:42:54.023131,Gariahat,22.5189,88.3647,16,21,559,426,0.995716,FRC7,False
2026-02-10T09:42:55.181367,Salt_Lake_V,22.5744,88.4323,19,24,511,405,0.938644,FRC5,False
2026-02-10T09:43:56.397940,EM_Bypass_North,22.5726,88.3639,23,23,141,141,1.0,FRC3,False
2026-02-10T09:43:57.555626,Park_Street,22.5535,88.3531,14,19,470,346,0.585344,FRC4,False
2026-02-10T09:43:58.716664,Howrah_Bridge,22.5851,88.3467,14,23,906,551,1.0,FRC3,False
2026-02-10T09:43:59.871229,Gariahat,22.5189,88.3647,17,22,526,406,0.995716,FRC7,False
2026-02-10T09:44:01.027261,Salt_Lake_V,22.5744,88.4323,24,24,405,405,1.0,FRC5,False
2026-02-10T09:45:02.248351,EM_Bypass_North,22.5726,88.3639,23,23,141,141,1.0,FRC3,False
2026-02-10T09:45:03.421596,Park_Street,22.5535,88.3531,14,19,470,346,0.585344,FRC4,False
2026-02-10T09:45:04.578297,Howrah_Bridge,22.5851,88.3467,14,24,906,528,1.0,FRC3,False
2026-02-10T09:45:05.756169,Gariahat,22.5189,88.3647,15,21,596,426,1.0,FRC7,False
2026-02-10T09:45:06.912538,Salt_Lake_V,22.5744,88.4323,24,24,405,405,1.0,FRC5,False
2026-02-10T09:46:08.135226,EM_Bypass_North,22.5726,88.3639,23,23,141,141,1.0,FRC3,False
2026-02-10T09:46:09.292323,Park_Street,22.5535,88.3531,14,19,470,346,0.585344,FRC4,False
2026-02-10T09:46:10.449906,Howrah_Bridge,22.5851,88.3467,14,24,906,528,1.0,FRC3,False
2026-02-10T09:46:11.610524,Gariahat,22.5189,88.3647,16,22,559,406,1.0,FRC7,False
2026-02-10T09:46:12.769024,Salt_Lake_V,22.5744,88.4323,24,24,405,405,1.0,FRC5,False
2026-02-10T09:47:13.974874,EM_Bypass_North,22.5726,88.3639,23,23,141,141,1.0,FRC3,False
2026-02-10T09:47:15.126125,Park_Street,22.5535,88.3531,14,19,470,346,0.585344,FRC4,False
2026-02-10T09:47:16.291463,Howrah_Bridge,22.5851,88.3467,15,24,846,528,1.0,FRC3,False
2026-02-10T09:47:17.454315,Gariahat,22.5189,88.3647,16,22,559,406,1.0,FRC7,False
2026-02-10T09:47:18.608875,Salt_Lake_V,22.5744,88.4323,19,24,511,405,0.927235,FRC5,False
2026-02-10T09:48:19.822851,EM_Bypass_North,22.5726,88.3639,23,23,141,141,1.0,FRC3,False
2026-02-10T09:48:20.978544,Park_Street,22.5535,88.3531,14,19,470,346,0.585344,FRC4,False
2026-02-10T09:48:22.132679,Howrah_Bridge,22.5851,88.3467,14,24,906,528,1.0,FRC3,False
2026-02-10T09:48:23.288250,Gariahat,22.5189,88.3647,16,21,559,426,1.0,FRC7,False
2026-02-10T09:48:24.447440,Salt_Lake_V,22.5744,88.4323,19,24,511,405,0.927235,FRC5,False
2026-02-10T09:49:26.655696,EM_Bypass_North,22.5726,88.3639,23,23,141,141,1.0,FRC3,False
2026-02-10T09:49:27.813889,Park_Street,22.5535,88.3531,13,18,506,365,0.585344,FRC4,False
2026-02-10T09:49:28.969201,Howrah_Bridge,22.5851,88.3467,13,23,976,551,1.0,FRC3,False
2026-02-10T09:49:30.124682,Gariahat,22.5189,88.3647,17,22,526,406,0.996573,FRC7,False
2026-02-10T09:49:31.278983,Salt_Lake_V,22.5744,88.4323,19,23,511,422,0.927235,FRC5,False
2026-02-10T09:50:32.492597,EM_Bypass_North,22.5726,88.3639,23,23,141,141,1.0,FRC3,False
2026-02-10T09:50:33.650098,Park_Street,22.5535,88.3531,13,18,506,365,0.587117,FRC4,False
2026-02-10T09:50:34.807687,Howrah_Bridge,22.5851,88.3467,13,23,976,551,1.0,FRC3,False
2026-02-10T09:50:35.965095,Gariahat,22.5189,88.3647,17,21,526,426,1.0,FRC7,False
2026-02-10T09:50:37.123290,Salt_Lake_V,22.5744,88.4323,19,23,511,422,0.94179,FRC5,False
2026-02-10T09:51:38.368389,EM_Bypass_North,22.5726,88.3639,23,23,141,141,1.0,FRC3,False
2026-02-10T09:51:39.523191,Park_Street,22.5535,88.3531,13,18,506,365,0.587117,FRC4,False
2026-02-10T09:51:40.686314,Howrah_Bridge,22.5851,88.3467,13,24,976,528,0.998934,FRC3,False
2026-02-10T09:51:41.844140,Gariahat,22.5189,88.3647,17,22,526,406,1.0,FRC7,False
2026-02-10T09:51:43.002257,Salt_Lake_V,22.5744,88.4323,19,23,511,422,0.944937,FRC5,False
2026-02-10T09:52:44.249290,EM_Bypass_North,22.5726,88.3639,23,23,141,141,1.0,FRC3,False
2026-02-10T09:52:45.427548,Park_Street,22.5535,88.3531,13,18,506,365,0.58357,FRC4,False
2026-02-10T09:52:46.577724,Howrah_Bridge,22.5851,88.3467,13,24,976,528,0.998934,FRC3,False
2026-02-10T09:52:47.731681,Gariahat,22.5189,88.3647,16,21,559,426,1.0,FRC7,False
2026-02-10T09:52:48.893844,Salt_Lake_V,22.5744,88.4323,20,24,486,405,0.944937,FRC5,False
2026-02-10T09:53:50.106776,EM_Bypass_North,22.5726,88.3639,23,23,141,141,1.0,FRC3,False
2026-02-10T09:53:51.262541,Park_Street,22.5535,88.3531,13,18,506,365,0.58357,FRC4,False
2026-02-10T09:53:52.417653,Howrah_Bridge,22.5851,88.3467,13,24,976,528,0.99852,FRC3,False
2026-02-10T09:53:53.572816,Gariahat,22.5189,88.3647,15,21,596,426,1.0,FRC7,False
2026-02-10T09:53:54.727319,Salt_Lake_V,22.5744,88.4323,20,24,486,405,0.944937,FRC5,False
2026-02-10T09:54:55.969334,EM_Bypass_North,22.5726,88.3639,23,23,141,141,1.0,FRC3,False
2026-02-10T09:54:57.129149,Park_Street,22.5535,88.3531,13,18,506,365,0.58357,FRC4,False
2026-02-10T09:54:58.293169,Howrah_Bridge,22.5851,88.3467,13,23,976,551,0.99852,FRC3,False
2026-02-10T09:54:59.446847,Gariahat,22.5189,88.3647,16,21,559,426,1.0,FRC7,False
2026-02-10T09:55:00.599456,Salt_Lake_V,22.5744,88.4323,19,24,511,405,0.944937,FRC5,False
2026-02-10T09:56:01.799645,EM_Bypass_North,22.5726,88.3639,23,23,141,141,1.0,FRC3,False
2026-02-10T09:56:02.951881,Park_Street,22.5535,88.3531,14,18,470,365,0.585344,FRC4,False
2026-02-10T09:56:04.106605,Howrah_Bridge,22.5851,88.3467,14,24,906,528,0.99852,FRC3,False
2026-02-10T09:56:05.266203,Gariahat,22.5189,88.3647,16,21,559,426,1.0,FRC7,False
2026-02-10T09:56:06.425934,Salt_Lake_V,22.5744,88.4323,18,24,540,405,0.944937,FRC5,False
2026-02-10T09:57:07.637513,EM_Bypass_North,22.5726,88.3639,23,23,141,141,1.0,FRC3,False
2026-02-10T09:57:08.791911,Park_Street,22.5535,88.3531,14,17,470,387,0.588079,FRC4,False
2026-02-10T09:57:09.957435,Howrah_Bridge,22.5851,88.3467,14,23,906,551,0.998375,FRC3,False
2026-02-10T09:57:11.113654,Gariahat,22.5189,88.3647,16,22,559,406,0.996573,FRC7,False
2026-02-10T09:57:12.272072,Salt_Lake_V,22.5744,88.4323,18,24,540,405,0.944937,FRC5,False
2026-02-10T09:58:13.529682,EM_Bypass_North,22.5726,88.3639,23,23,141,141,1.0,FRC3,False
2026-02-10T09:58:14.681953,Park_Street,22.5535,88.3531,14,17,470,387,0.586476,FRC4,False
2026-02-10T09:58:15.835350,Howrah_Bridge,22.5851,88.3467,14,24,906,528,0.998375,FRC3,False
2026-02-10T09:58:16.993055,Gariahat,22.5189,88.3647,17,22,526,406,0.996573,FRC7,False
2026-02-10T09:58:18.147603,Salt_Lake_V,22.5744,88.4323,17,25,572,389,0.944937,FRC5,False
2026-02-10T09:59:19.359004,EM_Bypass_North,22.5726,88.3639,23,23,141,141,1.0,FRC3,False
2026-02-10T09:59:20.522718,Park_Street,22.5535,88.3531,14,18,470,365,0.586476,FRC4,False
2026-02-10T09:59:21.676927,Howrah_Bridge,22.5851,88.3467,14,24,906,528,0.998934,FRC3,False
2026-02-10T09:59:22.831037,Gariahat,22.5189,88.3647,17,22,526,406,0.995716,FRC7,False
2026-02-10T09:59:23.982913,Salt_Lake_V,22.5744,88.4323,17,25,572,389,0.94179,FRC5,False
2026-02-10T10:00:25.192152,EM_Bypass_North,22.5726,88.3639,23,23,141,141,1.0,FRC3,False
2026-02-10T10:00:26.350171,Park_Street,22.5535,88.3531,14,17,470,387,0.596476,FRC4,False
2026-02-10T10:00:27.504376,Howrah_Bridge,22.5851,88.3467,15,24,846,528,0.998934,FRC3,False
2026-02-10T10:00:28.663847,Gariahat,22.5189,88.3647,16,22,559,406,0.995716,FRC7,False
2026-02-10T10:00:29.822730,Salt_Lake_V,22.5744,88.4323,17,24,572,405,0.938644,FRC5,False
2026-02-10T10:01:31.080141,EM_Bypass_North,22.5726,88.3639,23,23,141,141,1.0,FRC3,False
2026-02-10T10:01:32.241293,Park_Street,22.5535,88.3531,19,19,346,346,1.0,FRC4,False
2026-02-10T10:01:33.396413,Howrah_Bridge,22.5851,88.3467,16,24,793,528,0.998934,FRC3,False
2026-02-10T10:01:34.551428,Gariahat,22.5189,88.3647,16,21,559,426,0.996573,FRC7,False
2026-02-10T10:01:35.709493,Salt_Lake_V,22.5744,88.4323,18,24,540,405,0.938644,FRC5,False
2026-02-10T10:02:36.918329,EM_Bypass_North,22.5726,88.3639,23,23,141,141,1.0,FRC3,False
2026-02-10T10:02:38.082042,Park_Street,22.5535,88.3531,19,19,346,346,1.0,FRC4,False
2026-02-10T10:02:39.238233,Howrah_Bridge,22.5851,88.3467,14,24,906,528,0.998934,FRC3,False
2026-02-10T10:02:40.398106,Gariahat,22.5189,88.3647,16,22,559,406,0.996573,FRC7,False
2026-02-10T10:02:41.556701,Salt_Lake_V,22.5744,88.4323,19,24,511,405,0.937071,FRC5,False
2026-02-10T10:03:42.754693,EM_Bypass_North,22.5726,88.3639,23,23,141,141,1.0,FRC3,False
2026-02-10T10:03:43.915278,Park_Street,22.5535,88.3531,19,19,346,346,1.0,FRC4,False
2026-02-10T10:03:45.072393,Howrah_Bridge,22.5851,88.3467,14,24,906,528,0.998871,FRC3,False
2026-02-10T10:03:46.228711,Gariahat,22.5189,88.3647,16,22,559,406,0.995716,FRC7,False
2026-02-10T10:03:47.387111,Salt_Lake_V,22.5744,88.4323,20,24,486,405,0.935497,FRC5,False
2026-02-10T10:04:48.618367,EM_Bypass_North,22.5726,88.3639,23,23,141,141,1.0,FRC3,False
2026-02-10T10:04:49.778808,Park_Street,22.5535,88.3531,19,19,346,346,1.0,FRC4,False
2026-02-10T10:04:50.933377,Howrah_Bridge,22.5851,88.3467,13,24,976,528,0.998871,FRC3,False
2026-02-10T10:04:52.103540,Gariahat,22.5189,88.3647,15,22,596,406,0.996573,FRC7,False
2026-02-10T10:04:53.264866,Salt_Lake_V,22.5744,88.4323,24,24,405,405,1.0,FRC5,False
2026-02-10T10:05:54.466876,EM_Bypass_North,22.5726,88.3639,23,23,141,141,1.0,FRC3,False
2026-02-10T10:05:55.622146,Park_Street,22.5535,88.3531,19,19,346,346,1.0,FRC4,False
2026-02-10T10:05:56.781011,Howrah_Bridge,22.5851,88.3467,13,24,976,528,0.998871,FRC3,False
2026-02-10T10:05:57.937717,Gariahat,22.5189,88.3647,15,22,596,406,0.996573,FRC7,False
2026-02-10T10:05:59.096692,Salt_Lake_V,22.5744,88.4323,24,24,405,405,1.0,FRC5,False
2026-02-10T10:07:00.304984,EM_Bypass_North,22.5726,88.3639,23,23,141,141,1.0,FRC3,False
2026-02-10T10:07:01.456586,Park_Street,22.5535,88.3531,19,19,346,346,1.0,FRC4,False
2026-02-10T10:07:02.615259,Howrah_Bridge,22.5851,88.3467,13,24,976,528,0.998636,FRC3,False
2026-02-10T10:07:03.778557,Gariahat,22.5189,88.3647,14,22,639,406,1.0,FRC7,False
2026-02-10T10:07:04.933373,Salt_Lake_V,22.5744,88.4323,24,24,405,405,1.0,FRC5,False
2026-02-10T10:08:06.139851,EM_Bypass_North,22.5726,88.3639,23,23,141,141,1.0,FRC3,False
2026-02-10T10:08:07.314498,Park_Street,22.5535,88.3531,19,19,346,346,1.0,FRC4,False
2026-02-10T10:08:08.471199,Howrah_Bridge,22.5851,88.3467,13,23,976,551,0.998636,FRC3,False
2026-02-10T10:08:09.635537,Gariahat,22.5189,88.3647,14,21,639,426,1.0,FRC7,False
2026-02-10T10:08:10.795781,Salt_Lake_V,22.5744,88.4323,24,24,405,405,1.0,FRC5,False
2026-02-10T10:09:12.008663,EM_Bypass_North,22.5726,88.3639,23,23,141,141,1.0,FRC3,False
2026-02-10T10:09:13.170932,Park_Street,22.5535,88.3531,19,19,346,346,1.0,FRC4,False
2026-02-10T10:09:14.327438,Howrah_Bridge,22.5851,88.3467,12,23,1057,551,0.998622,FRC3,False
2026-02-10T10:09:15.485907,Gariahat,22.5189,88.3647,14,22,639,406,1.0,FRC7,False
2026-02-10T10:09:16.650528,Salt_Lake_V,22.5744,88.4323,24,24,405,405,1.0,FRC5,False
2026-02-10T10:10:17.917702,EM_Bypass_North,22.5726,88.3639,23,23,141,141,1.0,FRC3,False
2026-02-10T10:10:19.078312,Park_Street,22.5535,88.3531,19,19,346,346,1.0,FRC4,False
2026-02-10T10:10:20.236239,Howrah_Bridge,22.5851,88.3467,12,23,1057,551,1.0,FRC3,False
2026-02-10T10:10:21.393540,Gariahat,22.5189,88.3647,14,22,639,406,1.0,FRC7,False
2026-02-10T10:10:22.546923,Salt_Lake_V,22.5744,88.4323,24,24,405,405,1.0,FRC5,False
2026-02-10T10:11:23.811600,EM_Bypass_North,22.5726,88.3639,23,23,141,141,1.0,FRC3,False
2026-02-10T10:11:24.971736,Park_Street,22.5535,88.3531,19,19,346,346,1.0,FRC4,False
2026-02-10T10:11:26.125023,Howrah_Bridge,22.5851,88.3467,12,23,1057,551,0.998622,FRC3,False
2026-02-10T10:11:27.281427,Gariahat,22.5189,88.3647,13,22,688,406,1.0,FRC7,False
2026-02-10T10:11:28.436057,Salt_Lake_V,22.5744,88.4323,24,24,405,405,1.0,FRC5,False
2026-02-10T10:12:29.656439,EM_Bypass_North,22.5726,88.3639,23,23,141,141,1.0,FRC3,False
2026-02-10T10:12:30.812599,Park_Street,22.5535,88.3531,19,19,346,346,1.0,FRC4,False
2026-02-10T10:12:31.971951,Howrah_Bridge,22.5851,88.3467,12,24,1057,528,0.996444,FRC3,False
2026-02-10T10:12:33.136326,Gariahat,22.5189,88.3647,13,22,688,406,1.0,FRC7,False
2026-02-10T10:12:34.296787,Salt_Lake_V,22.5744,88.4323,24,24,405,405,1.0,FRC5,False
2026-02-10T10:13:35.507070,EM_Bypass_North,22.5726,88.3639,23,23,141,141,1.0,FRC3,False
2026-02-10T10:13:36.658039,Park_Street,22.5535,88.3531,19,19,346,346,1.0,FRC4,False
2026-02-10T10:13:37.814731,Howrah_Bridge,22.5851,88.3467,13,24,976,528,0.994714,FRC3,False
2026-02-10T10:13:38.968821,Gariahat,22.5189,88.3647,13,22,688,406,0.996573,FRC7,False
2026-02-10T10:13:40.132589,Salt_Lake_V,22.5744,88.4323,24,24,405,405,1.0,FRC5,False
2026-02-10T10:14:41.341853,EM_Bypass_North,22.5726,88.3639,23,23,141,141,1.0,FRC3,False
2026-02-10T10:14:42.502710,Park_Street,22.5535,88.3531,19,19,346,346,1.0,FRC4,False
2026-02-10T10:14:43.659150,Howrah_Bridge,22.5851,88.3467,13,24,976,528,0.995032,FRC3,False
2026-02-10T10:14:44.813834,Gariahat,22.5189,88.3647,14,22,639,406,0.996573,FRC7,False
2026-02-10T10:14:45.969489,Salt_Lake_V,22.5744,88.4323,20,24,486,405,0.933924,FRC5,False
2026-02-10T10:15:47.177943,EM_Bypass_North,22.5726,88.3639,23,23,141,141,1.0,FRC3,False
2026-02-10T10:15:48.336814,Park_Street,22.5535,88.3531,19,19,346,346,1.0,FRC4,False
2026-02-10T10:15:49.495109,Howrah_Bridge,22.5851,88.3467,13,24,976,528,0.995959,FRC3,False
2026-02-10T10:15:50.648979,Gariahat,22.5189,88.3647,13,22,688,406,0.995716,FRC7,False
2026-02-10T10:15:51.804739,Salt_Lake_V,22.5744,88.4323,19,24,511,405,0.935497,FRC5,False
2026-02-10T10:16:53.009847,EM_Bypass_North,22.5726,88.3639,23,23,141,141,1.0,FRC3,False
2026-02-10T10:16:54.170717,Park_Street,22.5535,88.3531,19,19,346,346,1.0,FRC4,False
2026-02-10T10:16:55.326496,Howrah_Bridge,22.5851,88.3467,12,24,1057,528,0.995959,FRC3,False
2026-02-10T10:16:56.487152,Gariahat,22.5189,88.3647,13,22,688,406,0.995716,FRC7,False
2026-02-10T10:16:57.647303,Salt_Lake_V,22.5744,88.4323,17,24,572,405,0.935497,FRC5,False
2026-02-10T10:17:58.847058,EM_Bypass_North,22.5726,88.3639,23,23,141,141,1.0,FRC3,False
2026-02-10T10:18:00.007096,Park_Street,22.5535,88.3531,19,19,346,346,1.0,FRC4,False
2026-02-10T10:18:01.166683,Howrah_Bridge,22.5851,88.3467,13,24,976,528,0.994924,FRC3,False
2026-02-10T10:18:02.322257,Gariahat,22.5189,88.3647,13,21,688,426,0.995716,FRC7,False
2026-02-10T10:18:03.479744,Salt_Lake_V,22.5744,88.4323,17,24,572,405,0.919265,FRC5,False
2026-02-10T10:19:04.744579,EM_Bypass_North,22.5726,88.3639,23,23,141,141,1.0,FRC3,False
2026-02-10T10:19:05.901323,Park_Street,22.5535,88.3531,19,19,346,346,1.0,FRC4,False
2026-02-10T10:19:07.058641,Howrah_Bridge,22.5851,88.3467,14,23,906,551,0.996211,FRC3,False
2026-02-10T10:19:08.216258,Gariahat,22.5189,88.3647,13,21,688,426,0.994859,FRC7,False
2026-02-10T10:19:09.374503,Salt_Lake_V,22.5744,88.4323,17,24,572,405,0.927239,FRC5,False
2026-02-10T10:20:10.642115,EM_Bypass_North,22.5726,88.3639,23,23,141,141,1.0,FRC3,False
2026-02-10T10:20:11.798025,Park_Street,22.5535,88.3531,19,19,346,346,1.0,FRC4,False
2026-02-10T10:20:12.957077,Howrah_Bridge,22.5851,88.3467,14,24,906,528,0.99698,FRC3,False
2026-02-10T10:20:14.113513,Gariahat,22.5189,88.3647,14,23,639,389,0.995716,FRC7,False
2026-02-10T10:20:15.269986,Salt_Lake_V,22.5744,88.4323,18,24,540,405,0.927239,FRC5,False
2026-02-10T10:21:16.526591,EM_Bypass_North,22.5726,88.3639,23,23,141,141,1.0,FRC3,False
2026-02-10T10:21:17.684522,Park_Street,22.5535,88.3531,19,19,346,346,1.0,FRC4,False
2026-02-10T10:21:18.842379,Howrah_Bridge,22.5851,88.3467,13,24,976,528,0.996917,FRC3,False
2026-02-10T10:21:20.000123,Gariahat,22.5189,88.3647,13,22,688,406,0.995716,FRC7,False
2026-02-10T10:21:21.158497,Salt_Lake_V,22.5744,88.4323,18,23,540,422,0.932436,FRC5,False
2026-02-10T10:22:22.424631,EM_Bypass_North,22.5726,88.3639,23,23,141,141,1.0,FRC3,False
2026-02-10T10:22:23.578388,Park_Street,22.5535,88.3531,19,19,346,346,1.0,FRC4,False
2026-02-10T10:22:24.736635,Howrah_Bridge,22.5851,88.3467,12,24,1057,528,0.996917,FRC3,False
2026-02-10T10:22:25.890102,Gariahat,22.5189,88.3647,15,23,596,389,0.994859,FRC7,False
2026-02-10T10:22:27.057177,Salt_Lake_V,22.5744,88.4323,17,24,572,405,0.927239,FRC5,False
2026-02-10T10:23:28.317193,EM_Bypass_North,22.5726,88.3639,23,23,141,141,1.0,FRC3,False
2026-02-10T10:23:29.477122,Park_Street,22.5535,88.3531,19,19,346,346,1.0,FRC4,False
2026-02-10T10:23:30.639047,Howrah_Bridge,22.5851,88.3467,12,23,1057,551,0.996481,FRC3,False
2026-02-10T10:23:31.800884,Gariahat,22.5189,88.3647,15,23,596,389,0.994859,FRC7,False
2026-02-10T10:23:32.967313,Salt_Lake_V,22.5744,88.4323,19,24,511,405,0.929205,FRC5,False
2026-02-10T10:24:34.219301,EM_Bypass_North,22.5726,88.3639,23,23,141,141,1.0,FRC3,False
2026-02-10T10:24:35.383605,Park_Street,22.5535,88.3531,19,19,346,346,1.0,FRC4,False
2026-02-10T10:24:36.551284,Howrah_Bridge,22.5851,88.3467,12,24,1057,528,0.996401,FRC3,False
2026-02-10T10:24:37.708219,Gariahat,22.5189,88.3647,16,22,559,406,0.994859,FRC7,False
2026-02-10T10:24:38.866355,Salt_Lake_V,22.5744,88.4323,19,24,511,405,0.927631,FRC5,False
2026-02-10T10:25:40.074177,EM_Bypass_North,22.5726,88.3639,23,23,141,141,1.0,FRC3,False
2026-02-10T10:25:41.235489,Park_Street,22.5535,88.3531,19,19,346,346,1.0,FRC4,False
2026-02-10T10:25:42.396164,Howrah_Bridge,22.5851,88.3467,13,23,976,551,0.996617,FRC3,False
2026-02-10T10:25:43.551115,Gariahat,22.5189,88.3647,15,21,596,426,0.996573,FRC7,False
2026-02-10T10:25:44.703004,Salt_Lake_V,22.5744,88.4323,19,24,511,405,0.927631,FRC5,False
2026-02-10T10:26:45.916470,EM_Bypass_North,22.5726,88.3639,23,23,141,141,1.0,FRC3,False
2026-02-10T10:26:47.074269,Park_Street,22.5535,88.3531,19,19,346,346,1.0,FRC4,False
2026-02-10T10:26:48.228711,Howrah_Bridge,22.5851,88.3467,12,22,1057,577,0.996427,FRC3,False
2026-02-10T10:26:49.385362,Gariahat,22.5189,88.3647,15,22,596,406,0.996573,FRC7,False
2026-02-10T10:26:50.548433,Salt_Lake_V,22.5744,88.4323,20,25,486,389,0.926058,FRC5,False
2026-02-10T10:27:51.751378,EM_Bypass_North,22.5726,88.3639,23,23,141,141,1.0,FRC3,False
2026-02-10T10:27:52.907658,Park_Street,22.5535,88.3531,19,19,346,346,1.0,FRC4,False
2026-02-10T10:27:54.073178,Howrah_Bridge,22.5851,88.3467,12,23,1057,551,0.996427,FRC3,False
2026-02-10T10:27:55.226443,Gariahat,22.5189,88.3647,15,21,596,426,0.996573,FRC7,False
2026-02-10T10:27:56.383065,Salt_Lake_V,22.5744,88.4323,18,24,540,405,0.924485,FRC5,False
2026-02-10T10:28:57.624614,EM_Bypass_North,22.5726,88.3639,23,23,141,141,1.0,FRC3,False
2026-02-10T10:28:58.776520,Park_Street,22.5535,88.3531,19,19,346,346,1.0,FRC4,False
2026-02-10T10:28:59.931749,Howrah_Bridge,22.5851,88.3467,12,23,1057,551,1.0,FRC3,False
2026-02-10T10:29:01.086820,Gariahat,22.5189,88.3647,14,22,639,406,0.996573,FRC7,False
2026-02-10T10:29:02.242333,Salt_Lake_V,22.5744,88.4323,17,24,572,405,0.932436,FRC5,False
2026-02-10T10:30:03.454610,EM_Bypass_North,22.5726,88.3639,23,23,141,141,1.0,FRC3,False
2026-02-10T10:30:04.613676,Park_Street,22.5535,88.3531,19,19,346,346,1.0,FRC4,False
2026-02-10T10:30:05.773065,Howrah_Bridge,22.5851,88.3467,11,24,1154,528,0.995877,FRC3,False
2026-02-10T10:30:06.932089,Gariahat,22.5189,88.3647,14,22,639,406,0.996573,FRC7,False
2026-02-10T10:30:08.084958,Salt_Lake_V,22.5744,88.4323,17,25,572,389,0.929205,FRC5,False
2026-02-10T10:31:09.319903,EM_Bypass_North,22.5726,88.3639,23,23,141,141,1.0,FRC3,False
2026-02-10T10:31:10.475648,Park_Street,22.5535,88.3531,19,19,346,346,1.0,FRC4,False
2026-02-10T10:31:11.634654,Howrah_Bridge,22.5851,88.3467,12,23,1057,551,0.999036,FRC3,False
2026-02-10T10:31:12.790443,Gariahat,22.5189,88.3647,15,22,596,406,0.995716,FRC7,False
2026-02-10T10:31:13.950172,Salt_Lake_V,22.5744,88.4323,16,24,607,405,0.919265,FRC5,False
2026-02-10T10:32:15.202148,EM_Bypass_North,22.5726,88.3639,23,23,141,141,1.0,FRC3,False
2026-02-10T10:32:16.365057,Park_Street,22.5535,88.3531,15,19,438,346,0.63,FRC4,False
2026-02-10T10:32:17.526631,Howrah_Bridge,22.5851,88.3467,13,24,976,528,1.0,FRC3,False
2026-02-10T10:32:18.687150,Gariahat,22.5189,88.3647,15,22,596,406,0.996573,FRC7,False
2026-02-10T10:32:19.841387,Salt_Lake_V,22.5744,88.4323,17,24,572,405,0.919265,FRC5,False
2026-02-10T10:33:21.057981,EM_Bypass_North,22.5726,88.3639,23,23,141,141,1.0,FRC3,False
2026-02-10T10:33:22.220262,Park_Street,22.5535,88.3531,15,19,438,346,0.63,FRC4,False
2026-02-10T10:33:23.381647,Howrah_Bridge,22.5851,88.3467,13,24,976,528,0.996691,FRC3,False
2026-02-10T10:33:24.534730,Gariahat,22.5189,88.3647,15,21,596,426,0.99743,FRC7,False
2026-02-10T10:33:25.713041,Salt_Lake_V,22.5744,88.4323,17,24,572,405,0.911192,FRC5,False
2026-02-10T10:34:26.933697,EM_Bypass_North,22.5726,88.3639,23,23,141,141,1.0,FRC3,False
2026-02-10T10:34:28.090922,Park_Street,22.5535,88.3531,15,19,438,346,0.63,FRC4,False
2026-02-10T10:34:29.244656,Howrah_Bridge,22.5851,88.3467,13,24,976,528,0.998245,FRC3,False
2026-02-10T10:34:30.401908,Gariahat,22.5189,88.3647,15,22,596,406,0.99817,FRC7,False
2026-02-10T10:34:31.556816,Salt_Lake_V,22.5744,88.4323,18,24,540,405,0.916844,FRC5,False
2026-02-10T10:35:32.768639,EM_Bypass_North,22.5726,88.3639,23,23,141,141,1.0,FRC3,False
2026-02-10T10:35:33.929513,Park_Street,22.5535,88.3531,15,19,438,346,0.63,FRC4,False
2026-02-10T10:35:35.088202,Howrah_Bridge,22.5851,88.3467,14,23,906,551,0.998245,FRC3,False
2026-02-10T10:35:36.245556,Gariahat,22.5189,88.3647,15,22,596,406,0.997325,FRC7,False
2026-02-10T10:35:37.431588,Salt_Lake_V,22.5744,88.4323,19,24,511,405,0.916844,FRC5,False
2026-02-10T10:36:38.705671,EM_Bypass_North,22.5726,88.3639,23,23,141,141,1.0,FRC3,False
2026-02-10T10:36:39.859511,Park_Street,22.5535,88.3531,15,19,438,346,0.63,FRC4,False
2026-02-10T10:36:41.015984,Howrah_Bridge,22.5851,88.3467,13,24,976,528,0.998245,FRC3,False
2026-02-10T10:36:42.190145,Gariahat,22.5189,88.3647,15,22,596,406,0.997325,FRC7,False
2026-02-10T10:36:43.351609,Salt_Lake_V,22.5744,88.4323,17,24,572,405,0.927631,FRC5,False
2026-02-10T10:37:44.557967,EM_Bypass_North,22.5726,88.3639,23,23,141,141,1.0,FRC3,False
2026-02-10T10:37:45.713186,Park_Street,22.5535,88.3531,15,19,438,346,0.63,FRC4,False
2026-02-10T10:37:46.867742,Howrah_Bridge,22.5851,88.3467,13,24,976,528,0.998871,FRC3,False
2026-02-10T10:37:48.029078,Gariahat,22.5189,88.3647,14,22,639,406,0.997325,FRC7,False
2026-02-10T10:37:49.180547,Salt_Lake_V,22.5744,88.4323,18,24,540,405,0.927631,FRC5,False
2026-02-10T10:38:50.438293,EM_Bypass_North,22.5726,88.3639,23,23,141,141,1.0,FRC3,False
2026-02-10T10:38:51.597027,Park_Street,22.5535,88.3531,15,19,438,346,0.63,FRC4,False
2026-02-10T10:38:52.751284,Howrah_Bridge,22.5851,88.3467,13,24,976,528,0.998871,FRC3,False
2026-02-10T10:38:53.908632,Gariahat,22.5189,88.3647,13,21,688,426,1.0,FRC7,False
2026-02-10T10:38:55.063711,Salt_Lake_V,22.5744,88.4323,17,24,572,405,0.927631,FRC5,False
2026-02-10T10:39:56.323182,EM_Bypass_North,22.5726,88.3639,23,23,141,141,1.0,FRC3,False
2026-02-10T10:39:57.478299,Park_Street,22.5535,88.3531,15,19,438,346,0.63,FRC4,False
2026-02-10T10:39:58.632552,Howrah_Bridge,22.5851,88.3467,12,24,1057,528,0.998871,FRC3,False
2026-02-10T10:39:59.788808,Gariahat,22.5189,88.3647,14,22,639,406,0.996573,FRC7,False
2026-02-10T10:40:00.952664,Salt_Lake_V,22.5744,88.4323,18,24,540,405,0.927631,FRC5,False
2026-02-10T10:41:02.203691,EM_Bypass_North,22.5726,88.3639,23,23,141,141,1.0,FRC3,False
2026-02-10T10:41:03.359640,Park_Street,22.5535,88.3531,14,18,470,365,0.64,FRC4,False
2026-02-10T10:41:04.515444,Howrah_Bridge,22.5851,88.3467,14,24,906,528,0.999549,FRC3,False
2026-02-10T10:41:05.679209,Gariahat,22.5189,88.3647,14,22,639,406,0.996573,FRC7,False
2026-02-10T10:41:06.839103,Salt_Lake_V,22.5744,88.4323,18,24,540,405,0.911647,FRC5,False
2026-02-10T10:42:08.045744,EM_Bypass_North,22.5726,88.3639,23,23,141,141,1.0,FRC3,False
2026-02-10T10:42:09.200143,Park_Street,22.5535,88.3531,14,18,470,365,0.64,FRC4,False
2026-02-10T10:42:10.358979,Howrah_Bridge,22.5851,88.3467,12,24,1057,528,0.998871,FRC3,False
2026-02-10T10:42:11.517810,Gariahat,22.5189,88.3647,14,23,639,389,0.996573,FRC7,False
2026-02-10T10:42:12.680349,Salt_Lake_V,22.5744,88.4323,19,24,511,405,0.927631,FRC5,False
2026-02-10T10:43:13.889136,EM_Bypass_North,22.5726,88.3639,23,23,141,141,1.0,FRC3,False
2026-02-10T10:43:15.040232,Park_Street,22.5535,88.3531,14,18,470,365,0.64,FRC4,False
2026-02-10T10:43:16.196519,Howrah_Bridge,22.5851,88.3467,12,24,1057,528,0.999549,FRC3,False
2026-02-10T10:43:17.349479,Gariahat,22.5189,88.3647,14,23,639,389,0.996573,FRC7,False
2026-02-10T10:43:18.507259,Salt_Lake_V,22.5744,88.4323,20,24,486,405,0.927631,FRC5,False
2026-02-10T10:44:19.715061,EM_Bypass_North,22.5726,88.3639,23,23,141,141,1.0,FRC3,False
2026-02-10T10:44:20.871957,Park_Street,22.5535,88.3531,14,18,470,365,0.64,FRC4,False
2026-02-10T10:44:22.030124,Howrah_Bridge,22.5851,88.3467,13,24,976,528,0.999549,FRC3,False
2026-02-10T10:44:23.185128,Gariahat,22.5189,88.3647,16,22,559,406,0.995716,FRC7,False
2026-02-10T10:44:24.340232,Salt_Lake_V,22.5744,88.4323,19,24,511,405,0.927631,FRC5,False
2026-02-10T10:45:25.549771,EM_Bypass_North,22.5726,88.3639,23,23,141,141,1.0,FRC3,False
2026-02-10T10:45:26.704595,Park_Street,22.5535,88.3531,14,19,470,346,0.64,FRC4,False
2026-02-10T10:45:27.859927,Howrah_Bridge,22.5851,88.3467,13,23,976,551,0.99816,FRC3,False
2026-02-10T10:45:29.015151,Gariahat,22.5189,88.3647,16,22,559,406,0.995716,FRC7,False
2026-02-10T10:45:30.175899,Salt_Lake_V,22.5744,88.4323,17,24,572,405,0.927631,FRC5,False
2026-02-10T10:46:31.386768,EM_Bypass_North,22.5726,88.3639,23,23,141,141,1.0,FRC3,False
2026-02-10T10:46:32.545133,Park_Street,22.5535,88.3531,14,18,470,365,0.63,FRC4,False
2026-02-10T10:46:33.698028,Howrah_Bridge,22.5851,88.3467,12,25,1057,507,0.99816,FRC3,False
2026-02-10T10:46:34.853915,Gariahat,22.5189,88.3647,17,22,526,406,0.996573,FRC7,False
2026-02-10T10:46:36.008560,Salt_Lake_V,22.5744,88.4323,17,24,572,405,0.927631,FRC5,False
2026-02-10T10:47:37.207021,EM_Bypass_North,22.5726,88.3639,23,23,141,141,1.0,FRC3,False
2026-02-10T10:47:38.366053,Park_Street,22.5535,88.3531,14,19,470,346,0.63,FRC4,False
2026-02-10T10:47:39.524242,Howrah_Bridge,22.5851,88.3467,12,24,1057,528,0.99816,FRC3,False
2026-02-10T10:47:40.686138,Gariahat,22.5189,88.3647,17,22,526,406,0.996573,FRC7,False
2026-02-10T10:47:41.840421,Salt_Lake_V,22.5744,88.4323,18,24,540,405,0.929205,FRC5,False
2026-02-10T10:48:43.046413,EM_Bypass_North,22.5726,88.3639,23,23,141,141,1.0,FRC3,False
2026-02-10T10:48:44.210568,Park_Street,22.5535,88.3531,14,19,470,346,0.62,FRC4,False
2026-02-10T10:48:45.370385,Howrah_Bridge,22.5851,88.3467,12,23,1057,551,0.998871,FRC3,False
2026-02-10T10:48:46.524838,Gariahat,22.5189,88.3647,17,22,526,406,0.996573,FRC7,False
2026-02-10T10:48:47.677932,Salt_Lake_V,22.5744,88.4323,20,24,486,405,0.929205,FRC5,False
2026-02-10T10:49:48.905033,EM_Bypass_North,22.5726,88.3639,23,23,141,141,1.0,FRC3,False
2026-02-10T10:49:50.058413,Park_Street,22.5535,88.3531,14,19,470,346,0.62,FRC4,False
2026-02-10T10:49:51.216173,Howrah_Bridge,22.5851,88.3467,12,24,1057,528,0.997743,FRC3,False
2026-02-10T10:49:52.379949,Gariahat,22.5189,88.3647,16,22,559,406,0.996573,FRC7,False
2026-02-10T10:49:53.531776,Salt_Lake_V,22.5744,88.4323,20,24,486,405,0.929205,FRC5,False
2026-02-10T10:50:54.793057,EM_Bypass_North,22.5726,88.3639,23,23,141,141,1.0,FRC3,False
2026-02-10T10:50:55.949560,Park_Street,22.5535,88.3531,14,19,470,346,0.62,FRC4,False
2026-02-10T10:50:57.106568,Howrah_Bridge,22.5851,88.3467,13,24,976,528,0.997743,FRC3,False
2026-02-10T10:50:58.267364,Gariahat,22.5189,88.3647,16,21,559,426,0.996573,FRC7,False
2026-02-10T10:50:59.422682,Salt_Lake_V,22.5744,88.4323,19,24,511,405,0.929205,FRC5,False
2026-02-10T10:52:00.629782,EM_Bypass_North,22.5726,88.3639,23,23,141,141,1.0,FRC3,False
2026-02-10T10:52:01.791628,Park_Street,22.5535,88.3531,14,19,470,346,0.58,FRC4,False
2026-02-10T10:52:02.943226,Howrah_Bridge,22.5851,88.3467,12,24,1057,528,0.997743,FRC3,False
2026-02-10T10:52:04.102497,Gariahat,22.5189,88.3647,14,23,639,389,0.996573,FRC7,False
2026-02-10T10:52:05.258872,Salt_Lake_V,22.5744,88.4323,19,24,511,405,0.929205,FRC5,False
2026-02-10T10:53:06.457973,EM_Bypass_North,22.5726,88.3639,23,23,141,141,1.0,FRC3,False
2026-02-10T10:53:07.619722,Park_Street,22.5535,88.3531,14,18,470,365,0.56,FRC4,False
2026-02-10T10:53:08.780247,Howrah_Bridge,22.5851,88.3467,12,24,1057,528,0.997709,FRC3,False
2026-02-10T10:53:09.939372,Gariahat,22.5189,88.3647,14,22,639,406,0.996573,FRC7,False
2026-02-10T10:53:11.096533,Salt_Lake_V,22.5744,88.4323,19,24,511,405,0.929205,FRC5,False
2026-02-10T10:54:12.310825,EM_Bypass_North,22.5726,88.3639,23,23,141,141,1.0,FRC3,False
2026-02-10T10:54:13.467070,Park_Street,22.5535,88.3531,14,18,470,365,0.56,FRC4,False
2026-02-10T10:54:14.623812,Howrah_Bridge,22.5851,88.3467,14,24,906,528,0.998307,FRC3,False
2026-02-10T10:54:15.779391,Gariahat,22.5189,88.3647,14,22,639,406,0.996573,FRC7,False
2026-02-10T10:54:16.940146,Salt_Lake_V,22.5744,88.4323,20,25,486,389,0.926058,FRC5,False
2026-02-10T10:55:18.141905,EM_Bypass_North,22.5726,88.3639,23,23,141,141,1.0,FRC3,False
2026-02-10T10:55:19.295005,Park_Street,22.5535,88.3531,11,18,598,365,0.56,FRC4,False
2026-02-10T10:55:20.452891,Howrah_Bridge,22.5851,88.3467,14,24,906,528,0.997743,FRC3,False
2026-02-10T10:55:21.607589,Gariahat,22.5189,88.3647,14,22,639,406,0.996573,FRC7,False
2026-02-10T10:55:22.766058,Salt_Lake_V,22.5744,88.4323,20,25,486,389,0.924485,FRC5,False
2026-02-10T10:56:24.030543,EM_Bypass_North,22.5726,88.3639,23,23,141,141,1.0,FRC3,False
2026-02-10T10:56:25.185556,Park_Street,22.5535,88.3531,11,18,598,365,0.58,FRC4,False
2026-02-10T10:56:26.341396,Howrah_Bridge,22.5851,88.3467,13,24,976,528,0.996614,FRC3,False
2026-02-10T10:56:27.495384,Gariahat,22.5189,88.3647,14,21,639,426,0.996573,FRC7,False
2026-02-10T10:56:28.657324,Salt_Lake_V,22.5744,88.4323,24,24,405,405,1.0,FRC5,False
2026-02-10T10:57:29.916139,EM_Bypass_North,22.5726,88.3639,23,23,141,141,1.0,FRC3,False
2026-02-10T10:57:31.070725,Park_Street,22.5535,88.3531,11,18,598,365,0.58,FRC4,False
2026-02-10T10:57:32.230059,Howrah_Bridge,22.5851,88.3467,13,24,976,528,0.993812,FRC3,False
2026-02-10T10:57:33.387850,Gariahat,22.5189,88.3647,14,21,639,426,0.996573,FRC7,False
2026-02-10T10:57:34.542032,Salt_Lake_V,22.5744,88.4323,21,24,463,405,0.924485,FRC5,False
2026-02-10T10:58:35.749230,EM_Bypass_North,22.5726,88.3639,23,23,141,141,1.0,FRC3,False
2026-02-10T10:58:36.907690,Park_Street,22.5535,88.3531,11,18,598,365,0.58,FRC4,False
2026-02-10T10:58:38.062695,Howrah_Bridge,22.5851,88.3467,13,24,976,528,0.994462,FRC3,False
2026-02-10T10:58:39.224396,Gariahat,22.5189,88.3647,14,22,639,406,0.996573,FRC7,False
2026-02-10T10:58:40.382648,Salt_Lake_V,22.5744,88.4323,21,24,463,405,0.916844,FRC5,False
2026-02-10T10:59:41.645551,EM_Bypass_North,22.5726,88.3639,23,23,141,141,1.0,FRC3,False
2026-02-10T10:59:42.799675,Park_Street,22.5535,88.3531,11,18,598,365,0.58,FRC4,False
2026-02-10T10:59:43.951416,Howrah_Bridge,22.5851,88.3467,14,23,906,551,0.994464,FRC3,False
2026-02-10T10:59:45.105660,Gariahat,22.5189,88.3647,15,23,596,389,0.996573,FRC7,False
2026-02-10T10:59:46.265234,Salt_Lake_V,22.5744,88.4323,20,24,486,405,0.922042,FRC5,False
2026-02-10T11:00:47.520222,EM_Bypass_North,22.5726,88.3639,23,23,141,141,1.0,FRC3,False
2026-02-10T11:00:48.677522,Park_Street,22.5535,88.3531,11,18,598,365,0.58,FRC4,False
2026-02-10T11:00:49.840118,Howrah_Bridge,22.5851,88.3467,14,24,906,528,0.995888,FRC3,False
2026-02-10T11:00:50.999349,Gariahat,22.5189,88.3647,14,22,639,406,0.996573,FRC7,False
2026-02-10T11:00:52.154255,Salt_Lake_V,22.5744,88.4323,18,24,540,405,0.932436,FRC5,False
2026-02-10T11:01:53.402204,EM_Bypass_North,22.5726,88.3639,23,23,141,141,1.0,FRC3,False
2026-02-10T11:01:54.557770,Park_Street,22.5535,88.3531,11,18,598,365,0.58,FRC4,False
2026-02-10T11:01:55.717825,Howrah_Bridge,22.5851,88.3467,13,24,976,528,0.995888,FRC3,False
2026-02-10T11:01:56.872022,Gariahat,22.5189,88.3647,14,22,639,406,0.99743,FRC7,False
2026-02-10T11:01:58.031114,Salt_Lake_V,22.5744,88.4323,18,24,540,405,0.932436,FRC5,False
2026-02-10T11:02:59.277526,EM_Bypass_North,22.5726,88.3639,23,23,141,141,1.0,FRC3,False
2026-02-10T11:03:00.431512,Park_Street,22.5535,88.3531,11,19,598,346,0.6,FRC4,False
2026-02-10T11:03:01.595625,Howrah_Bridge,22.5851,88.3467,12,23,1057,551,0.995789,FRC3,False
2026-02-10T11:03:02.750362,Gariahat,22.5189,88.3647,14,22,639,406,0.99743,FRC7,False
2026-02-10T11:03:03.905333,Salt_Lake_V,22.5744,88.4323,18,24,540,405,0.924485,FRC5,False
2026-02-10T11:04:05.175165,EM_Bypass_North,22.5726,88.3639,23,23,141,141,1.0,FRC3,False
2026-02-10T11:04:06.342524,Park_Street,22.5535,88.3531,11,19,598,346,0.59,FRC4,False
2026-02-10T11:04:07.494538,Howrah_Bridge,22.5851,88.3467,13,24,976,528,0.995638,FRC3,False
2026-02-10T11:04:08.657996,Gariahat,22.5189,88.3647,14,22,639,406,0.99743,FRC7,False
2026-02-10T11:04:09.818921,Salt_Lake_V,22.5744,88.4323,17,24,572,405,0.932436,FRC5,False
2026-02-10T11:05:11.021211,EM_Bypass_North,22.5726,88.3639,23,23,141,141,1.0,FRC3,False
2026-02-10T11:05:12.176550,Park_Street,22.5535,88.3531,11,19,598,346,0.59,FRC4,False
2026-02-10T11:05:13.336366,Howrah_Bridge,22.5851,88.3467,14,24,906,528,0.995638,FRC3,False
2026-02-10T11:05:14.489897,Gariahat,22.5189,88.3647,14,22,639,406,0.99743,FRC7,False
2026-02-10T11:05:15.649416,Salt_Lake_V,22.5744,88.4323,18,24,540,405,0.932436,FRC5,False
2026-02-10T11:06:16.855965,EM_Bypass_North,22.5726,88.3639,23,23,141,141,1.0,FRC3,False
2026-02-10T11:06:18.013227,Park_Street,22.5535,88.3531,11,19,598,346,0.59,FRC4,False
2026-02-10T11:06:19.164655,Howrah_Bridge,22.5851,88.3467,14,23,906,551,0.99356,FRC3,False
2026-02-10T11:06:20.323681,Gariahat,22.5189,88.3647,14,21,639,426,0.99743,FRC7,False
2026-02-10T11:06:21.486620,Salt_Lake_V,22.5744,88.4323,20,24,486,405,0.932436,FRC5,False
2026-02-10T11:07:22.694495,EM_Bypass_North,22.5726,88.3639,23,23,141,141,1.0,FRC3,False
2026-02-10T11:07:23.859443,Park_Street,22.5535,88.3531,11,19,598,346,0.59,FRC4,False
2026-02-10T11:07:25.025493,Howrah_Bridge,22.5851,88.3467,13,24,976,528,0.994379,FRC3,False
2026-02-10T11:07:26.184596,Gariahat,22.5189,88.3647,15,22,596,406,0.99743,FRC7,False
2026-02-10T11:07:27.345440,Salt_Lake_V,22.5744,88.4323,20,24,486,405,0.932436,FRC5,False
2026-02-10T11:08:28.557289,EM_Bypass_North,22.5726,88.3639,23,23,141,141,1.0,FRC3,False
2026-02-10T11:08:29.717486,Park_Street,22.5535,88.3531,11,19,598,346,0.59,FRC4,False
2026-02-10T11:08:30.885853,Howrah_Bridge,22.5851,88.3467,14,24,906,528,0.991881,FRC3,False
2026-02-10T11:08:32.049613,Gariahat,22.5189,88.3647,14,22,639,406,0.99743,FRC7,False
2026-02-10T11:08:33.206364,Salt_Lake_V,22.5744,88.4323,18,24,540,405,0.926058,FRC5,False
2026-02-10T11:09:34.423199,EM_Bypass_North,22.5726,88.3639,23,23,141,141,1.0,FRC3,False
2026-02-10T11:09:35.579073,Park_Street,22.5535,88.3531,11,19,598,346,0.59,FRC4,False
2026-02-10T11:09:36.735573,Howrah_Bridge,22.5851,88.3467,14,24,906,528,0.991651,FRC3,False
2026-02-10T11:09:37.893200,Gariahat,22.5189,88.3647,13,21,688,426,0.99743,FRC7,False
2026-02-10T11:09:39.053642,Salt_Lake_V,22.5744,88.4323,17,24,572,405,0.926058,FRC5,False
2026-02-10T11:10:40.293644,EM_Bypass_North,22.5726,88.3639,23,23,141,141,1.0,FRC3,False
2026-02-10T11:10:41.452152,Park_Street,22.5535,88.3531,11,18,598,365,0.63,FRC4,False
2026-02-10T11:10:42.609202,Howrah_Bridge,22.5851,88.3467,12,24,1057,528,0.993455,FRC3,False
2026-02-10T11:10:43.767721,Gariahat,22.5189,88.3647,13,22,688,406,0.99743,FRC7,False
2026-02-10T11:10:44.923534,Salt_Lake_V,22.5744,88.4323,16,23,607,422,0.927339,FRC5,False
2026-02-10T11:11:46.145476,EM_Bypass_North,22.5726,88.3639,23,23,141,141,1.0,FRC3,False
2026-02-10T11:11:47.302675,Park_Street,22.5535,88.3531,11,18,598,365,0.63,FRC4,False
2026-02-10T11:11:48.466797,Howrah_Bridge,22.5851,88.3467,12,24,1057,528,0.993117,FRC3,False
2026-02-10T11:11:49.619870,Gariahat,22.5189,88.3647,12,22,745,406,0.99743,FRC7,False
2026-02-10T11:11:50.774666,Salt_Lake_V,22.5744,88.4323,17,25,572,389,0.926058,FRC5,False
2026-02-10T11:12:52.028874,EM_Bypass_North,22.5726,88.3639,23,23,141,141,1.0,FRC3,False
2026-02-10T11:12:53.182374,Park_Street,22.5535,88.3531,11,19,598,346,0.62,FRC4,False
2026-02-10T11:12:54.339057,Howrah_Bridge,22.5851,88.3467,12,23,1057,551,0.991504,FRC3,False
2026-02-10T11:12:55.498280,Gariahat,22.5189,88.3647,13,22,688,406,0.998134,FRC7,False
2026-02-10T11:12:56.655977,Salt_Lake_V,22.5744,88.4323,17,25,572,389,0.926058,FRC5,False
2026-02-10T11:13:57.867639,EM_Bypass_North,22.5726,88.3639,23,23,141,141,1.0,FRC3,False
2026-02-10T11:13:59.022390,Park_Street,22.5535,88.3531,11,18,598,365,0.63,FRC4,False
2026-02-10T11:14:00.186742,Howrah_Bridge,22.5851,88.3467,12,24,1057,528,0.990134,FRC3,False
2026-02-10T11:14:01.341831,Gariahat,22.5189,88.3647,13,22,688,406,0.998134,FRC7,False
2026-02-10T11:14:02.502249,Salt_Lake_V,22.5744,88.4323,18,25,540,389,0.926058,FRC5,False
2026-02-10T11:15:03.720486,EM_Bypass_North,22.5726,88.3639,23,23,141,141,1.0,FRC3,False
2026-02-10T11:15:04.879745,Park_Street,22.5535,88.3531,11,18,598,365,0.65,FRC4,False
2026-02-10T11:15:06.043069,Howrah_Bridge,22.5851,88.3467,13,24,976,528,0.988699,FRC3,False
2026-02-10T11:15:07.199231,Gariahat,22.5189,88.3647,12,21,745,426,0.998134,FRC7,False
2026-02-10T11:15:08.353198,Salt_Lake_V,22.5744,88.4323,18,23,540,422,0.927235,FRC5,False
2026-02-10T11:16:09.614158,EM_Bypass_North,22.5726,88.3639,23,23,141,141,1.0,FRC3,False
2026-02-10T11:16:10.768716,Park_Street,22.5535,88.3531,11,18,598,365,0.66,FRC4,False
2026-02-10T11:16:11.923947,Howrah_Bridge,22.5851,88.3467,13,24,976,528,0.991577,FRC3,False
2026-02-10T11:16:13.079165,Gariahat,22.5189,88.3647,13,22,688,406,0.998286,FRC7,False
2026-02-10T11:16:14.236186,Salt_Lake_V,22.5744,88.4323,18,24,540,405,0.927235,FRC5,False
2026-02-10T11:17:15.480671,EM_Bypass_North,22.5726,88.3639,23,23,141,141,1.0,FRC3,False
2026-02-10T11:17:16.638418,Park_Street,22.5535,88.3531,11,18,598,365,0.66,FRC4,False
2026-02-10T11:17:17.801040,Howrah_Bridge,22.5851,88.3467,13,25,976,507,0.989623,FRC3,False
2026-02-10T11:17:18.956182,Gariahat,22.5189,88.3647,13,22,688,406,0.999143,FRC7,False
2026-02-10T11:17:20.125243,Salt_Lake_V,22.5744,88.4323,18,24,540,405,0.93385,FRC5,False
2026-02-10T11:18:21.337862,EM_Bypass_North,22.5726,88.3639,23,23,141,141,1.0,FRC3,False
2026-02-10T11:18:22.490461,Park_Street,22.5535,88.3531,11,19,598,346,0.66,FRC4,False
2026-02-10T11:18:23.646127,Howrah_Bridge,22.5851,88.3467,12,24,1057,528,0.990131,FRC3,False
2026-02-10T11:18:24.819118,Gariahat,22.5189,88.3647,14,22,639,406,0.998286,FRC7,False
2026-02-10T11:18:25.976579,Salt_Lake_V,22.5744,88.4323,18,24,540,405,0.93385,FRC5,False
2026-02-10T11:19:27.249441,EM_Bypass_North,22.5726,88.3639,23,23,141,141,1.0,FRC3,False
2026-02-10T11:19:28.400667,Park_Street,22.5535,88.3531,11,19,598,346,0.66,FRC4,False
2026-02-10T11:19:29.557186,Howrah_Bridge,22.5851,88.3467,14,23,906,551,0.990449,FRC3,False
2026-02-10T11:19:30.710943,Gariahat,22.5189,88.3647,15,22,596,406,0.99743,FRC7,False
2026-02-10T11:19:31.868870,Salt_Lake_V,22.5744,88.4323,19,24,511,405,0.927235,FRC5,False
2026-02-10T11:20:33.081551,EM_Bypass_North,22.5726,88.3639,23,23,141,141,1.0,FRC3,False
2026-02-10T11:20:34.246268,Park_Street,22.5535,88.3531,11,18,598,365,0.67,FRC4,False
2026-02-10T11:20:35.404923,Howrah_Bridge,22.5851,88.3467,13,24,976,528,0.990449,FRC3,False
2026-02-10T11:20:36.561350,Gariahat,22.5189,88.3647,15,21,596,426,0.99743,FRC7,False
2026-02-10T11:20:37.723821,Salt_Lake_V,22.5744,88.4323,19,24,511,405,0.932436,FRC5,False
2026-02-10T11:21:38.933504,EM_Bypass_North,22.5726,88.3639,23,23,141,141,1.0,FRC3,False
2026-02-10T11:21:40.096283,Park_Street,22.5535,88.3531,11,18,598,365,0.67,FRC4,False
2026-02-10T11:21:41.265269,Howrah_Bridge,22.5851,88.3467,13,24,976,528,0.990449,FRC3,False
2026-02-10T11:21:42.425608,Gariahat,22.5189,88.3647,13,22,688,406,0.99743,FRC7,False
2026-02-10T11:21:43.579732,Salt_Lake_V,22.5744,88.4323,19,24,511,405,0.927235,FRC5,False
2026-02-10T11:22:44.791810,EM_Bypass_North,22.5726,88.3639,23,23,141,141,1.0,FRC3,False
2026-02-10T11:22:45.946472,Park_Street,22.5535,88.3531,11,19,598,346,0.67,FRC4,False
2026-02-10T11:22:47.100617,Howrah_Bridge,22.5851,88.3467,13,24,976,528,0.991938,FRC3,False
2026-02-10T11:22:48.267852,Gariahat,22.5189,88.3647,13,22,688,406,0.99743,FRC7,False
2026-02-10T11:22:49.430678,Salt_Lake_V,22.5744,88.4323,20,24,486,405,0.92062,FRC5,False
2026-02-10T11:23:50.643193,EM_Bypass_North,22.5726,88.3639,23,23,141,141,1.0,FRC3,False
2026-02-10T11:23:51.808093,Park_Street,22.5535,88.3531,11,18,598,365,0.65,FRC4,False
2026-02-10T11:23:52.962107,Howrah_Bridge,22.5851,88.3467,13,24,976,528,0.992556,FRC3,False
2026-02-10T11:23:54.120278,Gariahat,22.5189,88.3647,13,22,688,406,0.99743,FRC7,False
2026-02-10T11:23:55.273776,Salt_Lake_V,22.5744,88.4323,20,24,486,405,0.922912,FRC5,False
2026-02-10T11:24:56.477350,EM_Bypass_North,22.5726,88.3639,23,23,141,141,1.0,FRC3,False
2026-02-10T11:24:57.640957,Park_Street,22.5535,88.3531,11,18,598,365,0.65,FRC4,False
2026-02-10T11:24:58.798610,Howrah_Bridge,22.5851,88.3467,12,24,1057,528,0.992556,FRC3,False
2026-02-10T11:24:59.951323,Gariahat,22.5189,88.3647,13,22,688,406,0.99743,FRC7,False
2026-02-10T11:25:01.103333,Salt_Lake_V,22.5744,88.4323,19,25,511,389,0.922912,FRC5,False
2026-02-10T11:26:02.314899,EM_Bypass_North,22.5726,88.3639,23,23,141,141,1.0,FRC3,False
2026-02-10T11:26:03.471090,Park_Street,22.5535,88.3531,10,19,658,346,0.65,FRC4,False
2026-02-10T11:26:04.624140,Howrah_Bridge,22.5851,88.3467,12,24,1057,528,0.991586,FRC3,False
2026-02-10T11:26:05.784324,Gariahat,22.5189,88.3647,14,22,639,406,0.99743,FRC7,False
2026-02-10T11:26:06.945741,Salt_Lake_V,22.5744,88.4323,20,25,486,389,0.922912,FRC5,False
2026-02-10T11:27:08.157941,EM_Bypass_North,22.5726,88.3639,23,23,141,141,1.0,FRC3,False
2026-02-10T11:27:09.317114,Park_Street,22.5535,88.3531,11,19,598,346,0.65,FRC4,False
2026-02-10T11:27:10.477315,Howrah_Bridge,22.5851,88.3467,13,24,976,528,0.99278,FRC3,False
2026-02-10T11:27:11.635744,Gariahat,22.5189,88.3647,13,22,688,406,0.99743,FRC7,False
2026-02-10T11:27:12.791871,Salt_Lake_V,22.5744,88.4323,20,24,486,405,0.922912,FRC5,False
2026-02-10T11:28:14.041427,EM_Bypass_North,22.5726,88.3639,23,23,141,141,1.0,FRC3,False
2026-02-10T11:28:15.199633,Park_Street,22.5535,88.3531,11,19,598,346,0.65,FRC4,False
2026-02-10T11:28:16.355580,Howrah_Bridge,22.5851,88.3467,13,24,976,528,0.993435,FRC3,False
2026-02-10T11:28:17.513519,Gariahat,22.5189,88.3647,14,22,639,406,0.99743,FRC7,False
2026-02-10T11:28:18.663669,Salt_Lake_V,22.5744,88.4323,19,24,511,405,0.922912,FRC5,False
2026-02-10T11:29:19.927511,EM_Bypass_North,22.5726,88.3639,23,23,141,141,1.0,FRC3,False
2026-02-10T11:29:21.086541,Park_Street,22.5535,88.3531,11,19,598,346,0.65,FRC4,False
2026-02-10T11:29:22.252315,Howrah_Bridge,22.5851,88.3467,12,23,1057,551,0.992706,FRC3,False
2026-02-10T11:29:23.406620,Gariahat,22.5189,88.3647,14,22,639,406,0.99743,FRC7,False
2026-02-10T11:29:24.561874,Salt_Lake_V,22.5744,88.4323,19,24,511,405,0.922912,FRC5,False
2026-02-10T11:30:25.774695,EM_Bypass_North,22.5726,88.3639,23,23,141,141,1.0,FRC3,False
2026-02-10T11:30:26.935687,Park_Street,22.5535,88.3531,11,19,598,346,0.64,FRC4,False
2026-02-10T11:30:28.093805,Howrah_Bridge,22.5851,88.3467,12,24,1057,528,0.992306,FRC3,False
2026-02-10T11:30:29.247896,Gariahat,22.5189,88.3647,12,23,745,389,0.99743,FRC7,False
2026-02-10T11:30:30.404966,Salt_Lake_V,22.5744,88.4323,19,24,511,405,0.922912,FRC5,False
2026-02-10T11:31:31.618166,EM_Bypass_North,22.5726,88.3639,23,23,141,141,1.0,FRC3,False
2026-02-10T11:31:32.779078,Park_Street,22.5535,88.3531,11,19,598,346,0.64,FRC4,False
2026-02-10T11:31:33.932555,Howrah_Bridge,22.5851,88.3467,14,23,906,551,0.993398,FRC3,False
2026-02-10T11:31:35.094363,Gariahat,22.5189,88.3647,14,22,639,406,0.99743,FRC7,False
2026-02-10T11:31:36.258498,Salt_Lake_V,22.5744,88.4323,19,23,511,422,0.93385,FRC5,False
2026-02-10T11:32:37.476649,EM_Bypass_North,22.5726,88.3639,23,23,141,141,1.0,FRC3,False
2026-02-10T11:32:38.633445,Park_Street,22.5535,88.3531,11,19,598,346,0.65,FRC4,False
2026-02-10T11:32:39.793473,Howrah_Bridge,22.5851,88.3467,14,24,906,528,0.994978,FRC3,False
2026-02-10T11:32:40.950614,Gariahat,22.5189,88.3647,16,23,559,389,0.996573,FRC7,False
2026-02-10T11:32:42.127207,Salt_Lake_V,22.5744,88.4323,18,24,540,405,0.93385,FRC5,False
2026-02-10T11:33:43.340545,EM_Bypass_North,22.5726,88.3639,23,23,141,141,1.0,FRC3,False
2026-02-10T11:33:44.499394,Park_Street,22.5535,88.3531,11,19,598,346,0.65,FRC4,False
2026-02-10T11:33:45.659452,Howrah_Bridge,22.5851,88.3467,13,24,976,528,0.996013,FRC3,False
2026-02-10T11:33:46.827376,Gariahat,22.5189,88.3647,15,23,596,389,0.996573,FRC7,False
2026-02-10T11:33:47.996917,Salt_Lake_V,22.5744,88.4323,18,24,540,405,0.93385,FRC5,False
2026-02-10T11:34:49.215571,EM_Bypass_North,22.5726,88.3639,23,23,141,141,1.0,FRC3,False
2026-02-10T11:34:50.370815,Park_Street,22.5535,88.3531,11,19,598,346,0.65,FRC4,False
2026-02-10T11:34:51.534248,Howrah_Bridge,22.5851,88.3467,12,23,1057,551,0.995117,FRC3,False
2026-02-10T11:34:52.689999,Gariahat,22.5189,88.3647,15,22,596,406,0.996573,FRC7,False
2026-02-10T11:34:53.870090,Salt_Lake_V,22.5744,88.4323,18,24,540,405,0.927235,FRC5,False
2026-02-10T11:35:55.142986,EM_Bypass_North,22.5726,88.3639,23,23,141,141,1.0,FRC3,False
2026-02-10T11:35:56.297922,Park_Street,22.5535,88.3531,11,19,598,346,0.65,FRC4,False
2026-02-10T11:35:57.454476,Howrah_Bridge,22.5851,88.3467,12,23,1057,551,0.995117,FRC3,False
2026-02-10T11:35:58.612449,Gariahat,22.5189,88.3647,14,22,639,406,0.996573,FRC7,False
2026-02-10T11:35:59.768066,Salt_Lake_V,22.5744,88.4323,18,24,540,405,0.927235,FRC5,False
2026-02-10T11:37:00.981390,EM_Bypass_North,22.5726,88.3639,23,23,141,141,1.0,FRC3,False
2026-02-10T11:37:02.135540,Park_Street,22.5535,88.3531,11,18,598,365,0.63,FRC4,False
2026-02-10T11:37:03.294501,Howrah_Bridge,22.5851,88.3467,14,24,906,528,0.995426,FRC3,False
2026-02-10T11:37:04.453203,Gariahat,22.5189,88.3647,14,22,639,406,0.99743,FRC7,False
2026-02-10T11:37:05.607728,Salt_Lake_V,22.5744,88.4323,16,24,607,405,0.927631,FRC5,False
2026-02-10T11:38:06.812937,EM_Bypass_North,22.5726,88.3639,23,23,141,141,1.0,FRC3,False
2026-02-10T11:38:07.965956,Park_Street,22.5535,88.3531,11,18,598,365,0.62,FRC4,False
2026-02-10T11:38:09.121374,Howrah_Bridge,22.5851,88.3467,14,24,906,528,0.995533,FRC3,False
2026-02-10T11:38:10.273130,Gariahat,22.5189,88.3647,14,22,639,406,0.99743,FRC7,False
2026-02-10T11:38:11.426425,Salt_Lake_V,22.5744,88.4323,16,24,607,405,0.927631,FRC5,False
2026-02-10T11:39:12.625414,EM_Bypass_North,22.5726,88.3639,23,23,141,141,1.0,FRC3,False
2026-02-10T11:39:13.781608,Park_Street,22.5535,88.3531,11,18,598,365,0.61,FRC4,False
2026-02-10T11:39:14.938237,Howrah_Bridge,22.5851,88.3467,14,24,906,528,0.995533,FRC3,False
2026-02-10T11:39:16.094041,Gariahat,22.5189,88.3647,15,22,596,406,0.99743,FRC7,False
2026-02-10T11:39:17.252326,Salt_Lake_V,22.5744,88.4323,17,24,572,405,0.924485,FRC5,False
2026-02-10T11:40:18.518598,EM_Bypass_North,22.5726,88.3639,23,23,141,141,1.0,FRC3,False
2026-02-10T11:40:19.675075,Park_Street,22.5535,88.3531,13,19,506,346,0.61,FRC4,False
2026-02-10T11:40:20.834210,Howrah_Bridge,22.5851,88.3467,14,23,906,551,0.996013,FRC3,False
2026-02-10T11:40:21.986653,Gariahat,22.5189,88.3647,14,21,639,426,0.99743,FRC7,False
2026-02-10T11:40:23.139121,Salt_Lake_V,22.5744,88.4323,16,24,607,405,0.924485,FRC5,False
2026-02-10T11:41:24.433802,EM_Bypass_North,22.5726,88.3639,23,23,141,141,1.0,FRC3,False
2026-02-10T11:41:25.591550,Park_Street,22.5535,88.3531,13,19,506,346,0.61,FRC4,False
2026-02-10T11:41:26.747366,Howrah_Bridge,22.5851,88.3467,14,24,906,528,0.995948,FRC3,False
2026-02-10T11:41:27.905863,Gariahat,22.5189,88.3647,14,22,639,406,0.99743,FRC7,False
2026-02-10T11:41:29.068087,Salt_Lake_V,22.5744,88.4323,16,24,607,405,0.922912,FRC5,False
2026-02-10T11:42:30.276070,EM_Bypass_North,22.5726,88.3639,23,23,141,141,1.0,FRC3,False
2026-02-10T11:42:31.428610,Park_Street,22.5535,88.3531,13,19,506,346,0.57,FRC4,False
2026-02-10T11:42:32.590322,Howrah_Bridge,22.5851,88.3467,14,24,906,528,0.996815,FRC3,False
2026-02-10T11:42:33.749257,Gariahat,22.5189,88.3647,14,22,639,406,0.998286,FRC7,False
2026-02-10T11:42:34.901836,Salt_Lake_V,22.5744,88.4323,17,25,572,389,0.922912,FRC5,False
2026-02-10T11:43:36.103012,EM_Bypass_North,22.5726,88.3639,23,23,141,141,1.0,FRC3,False
2026-02-10T11:43:37.263828,Park_Street,22.5535,88.3531,13,19,506,346,0.57,FRC4,False
2026-02-10T11:43:38.424184,Howrah_Bridge,22.5851,88.3467,12,24,1057,528,0.996872,FRC3,False
2026-02-10T11:43:39.583271,Gariahat,22.5189,88.3647,14,22,639,406,0.998286,FRC7,False
2026-02-10T11:43:40.740587,Salt_Lake_V,22.5744,88.4323,17,25,572,389,0.922912,FRC5,False
2026-02-10T11:44:41.948391,EM_Bypass_North,22.5726,88.3639,23,23,141,141,1.0,FRC3,False
2026-02-10T11:44:43.100521,Park_Street,22.5535,88.3531,11,18,598,365,0.57,FRC4,False
2026-02-10T11:44:44.258210,Howrah_Bridge,22.5851,88.3467,13,24,976,528,0.99694,FRC3,False
2026-02-10T11:44:45.413254,Gariahat,22.5189,88.3647,13,22,688,406,0.998391,FRC7,False
2026-02-10T11:44:46.584417,Salt_Lake_V,22.5744,88.4323,17,25,572,389,0.922912,FRC5,False
2026-02-10T11:45:47.800635,EM_Bypass_North,22.5726,88.3639,23,23,141,141,1.0,FRC3,False
2026-02-10T11:45:48.953534,Park_Street,22.5535,88.3531,11,19,598,346,0.581687,FRC4,False
2026-02-10T11:45:50.107679,Howrah_Bridge,22.5851,88.3467,14,24,906,528,0.998006,FRC3,False
2026-02-10T11:45:51.260164,Gariahat,22.5189,88.3647,13,21,688,426,0.997989,FRC7,False
2026-02-10T11:45:52.413997,Salt_Lake_V,22.5744,88.4323,18,25,540,389,0.922912,FRC5,False
2026-02-10T11:46:53.694578,EM_Bypass_North,22.5726,88.3639,23,23,141,141,1.0,FRC3,False
2026-02-10T11:46:54.857012,Park_Street,22.5535,88.3531,11,19,598,346,0.581687,FRC4,False
2026-02-10T11:46:56.020423,Howrah_Bridge,22.5851,88.3467,14,24,906,528,0.998006,FRC3,False
2026-02-10T11:46:57.182277,Gariahat,22.5189,88.3647,13,21,688,426,0.997586,FRC7,False
2026-02-10T11:46:58.338576,Salt_Lake_V,22.5744,88.4323,18,25,540,389,0.922912,FRC5,False
2026-02-10T11:47:59.595819,EM_Bypass_North,22.5726,88.3639,23,23,141,141,1.0,FRC3,False
2026-02-10T11:48:00.752645,Park_Street,22.5535,88.3531,12,19,548,346,0.584044,FRC4,False
2026-02-10T11:48:01.905966,Howrah_Bridge,22.5851,88.3467,15,24,846,528,0.997961,FRC3,False
2026-02-10T11:48:03.059377,Gariahat,22.5189,88.3647,12,21,745,426,1.0,FRC7,False
2026-02-10T11:48:04.212152,Salt_Lake_V,22.5744,88.4323,18,24,540,405,0.922912,FRC5,False
2026-02-10T11:49:05.479878,EM_Bypass_North,22.5726,88.3639,23,23,141,141,1.0,FRC3,False
2026-02-10T11:49:06.636545,Park_Street,22.5535,88.3531,12,19,548,346,0.582053,FRC4,False
2026-02-10T11:49:07.798195,Howrah_Bridge,22.5851,88.3467,14,24,906,528,0.996895,FRC3,False
2026-02-10T11:49:08.956561,Gariahat,22.5189,88.3647,12,21,745,426,1.0,FRC7,False
2026-02-10T11:49:10.114532,Salt_Lake_V,22.5744,88.4323,18,24,540,405,0.922912,FRC5,False
2026-02-10T11:50:11.322700,EM_Bypass_North,22.5726,88.3639,23,23,141,141,1.0,FRC3,False
2026-02-10T11:50:12.477435,Park_Street,22.5535,88.3531,10,19,658,346,0.600261,FRC4,False
2026-02-10T11:50:13.638738,Howrah_Bridge,22.5851,88.3467,14,23,906,551,0.996895,FRC3,False
2026-02-10T11:50:14.794959,Gariahat,22.5189,88.3647,13,22,688,406,1.0,FRC7,False
2026-02-10T11:50:15.950188,Salt_Lake_V,22.5744,88.4323,19,25,511,389,0.924337,FRC5,False
2026-02-10T05:18:16.663511,EM_Bypass_North,22.5726,88.3639,23,23,141,141,1.0,FRC3,False
2026-02-10T05:18:17.827750,Park_Street,22.5535,88.3531,13,18,506,365,0.995192,FRC4,False
2026-02-10T05:18:18.992168,Howrah_Bridge,22.5851,88.3467,16,24,793,528,1.0,FRC3,False
2026-02-10T05:18:20.162092,Gariahat,22.5189,88.3647,19,23,471,389,0.99743,FRC7,False
2026-02-10T05:18:21.318949,Salt_Lake_V,22.5744,88.4323,17,25,572,389,0.923241,FRC5,False
2026-02-10T05:19:22.617572,EM_Bypass_North,22.5726,88.3639,23,23,141,141,1.0,FRC3,False
2026-02-10T05:19:23.777677,Park_Street,22.5535,88.3531,13,19,506,346,0.99,FRC4,False
2026-02-10T05:19:24.937349,Howrah_Bridge,22.5851,88.3467,16,23,793,551,1.0,FRC3,False
2026-02-10T05:19:26.097717,Gariahat,22.5189,88.3647,18,22,497,406,0.99817,FRC7,False
2026-02-10T05:19:27.257981,Salt_Lake_V,22.5744,88.4323,15,25,648,389,0.927631,FRC5,False
2026-02-10T05:20:28.527552,EM_Bypass_North,22.5726,88.3639,23,23,141,141,1.0,FRC3,False
2026-02-10T05:20:29.683494,Park_Street,22.5535,88.3531,11,18,598,365,0.99,FRC4,False
2026-02-10T05:20:30.840104,Howrah_Bridge,22.5851,88.3467,17,23,746,551,1.0,FRC3,False
2026-02-10T05:20:31.994107,Gariahat,22.5189,88.3647,18,21,497,426,0.99743,FRC7,False
2026-02-10T05:20:33.151933,Salt_Lake_V,22.5744,88.4323,17,24,572,405,0.927631,FRC5,False
2026-02-10T05:21:34.431365,EM_Bypass_North,22.5726,88.3639,23,23,141,141,1.0,FRC3,False
2026-02-10T05:21:35.591606,Park_Street,22.5535,88.3531,13,19,506,346,0.99,FRC4,False
2026-02-10T05:21:36.751570,Howrah_Bridge,22.5851,88.3467,18,24,705,528,1.0,FRC3,False
2026-02-10T05:21:37.905748,Gariahat,22.5189,88.3647,18,23,497,389,0.996573,FRC7,False
2026-02-10T05:21:39.072374,Salt_Lake_V,22.5744,88.4323,15,24,648,405,0.925869,FRC5,False
2026-02-10T05:22:40.367224,EM_Bypass_North,22.5726,88.3639,23,23,141,141,1.0,FRC3,False
2026-02-10T05:22:41.535745,Park_Street,22.5535,88.3531,14,18,470,365,0.993589,FRC4,False
2026-02-10T05:22:42.687438,Howrah_Bridge,22.5851,88.3467,18,24,705,528,1.0,FRC3,False
2026-02-10T05:22:43.855676,Gariahat,22.5189,88.3647,18,22,497,406,0.996573,FRC7,False
2026-02-10T05:22:45.018073,Salt_Lake_V,22.5744,88.4323,16,24,607,405,0.923689,FRC5,False
2026-02-10T05:23:46.267607,EM_Bypass_North,22.5726,88.3639,23,23,141,141,1.0,FRC3,False
2026-02-10T05:23:47.421053,Park_Street,22.5535,88.3531,14,18,470,365,0.993589,FRC4,False
2026-02-10T05:23:48.588170,Howrah_Bridge,22.5851,88.3467,19,24,668,528,1.0,FRC3,False
2026-02-10T05:23:49.745322,Gariahat,22.5189,88.3647,17,22,526,406,0.996573,FRC7,False
2026-02-10T05:23:50.907266,Salt_Lake_V,22.5744,88.4323,18,24,540,405,0.92805,FRC5,False
2026-02-10T05:24:52.213430,EM_Bypass_North,22.5726,88.3639,23,23,141,141,1.0,FRC3,False
2026-02-10T05:24:53.370840,Park_Street,22.5535,88.3531,13,18,506,365,0.99,FRC4,False
2026-02-10T05:24:54.533201,Howrah_Bridge,22.5851,88.3467,18,24,705,528,1.0,FRC3,False
2026-02-10T05:24:55.687233,Gariahat,22.5189,88.3647,16,23,559,389,0.99817,FRC7,False
2026-02-10T05:24:56.844589,Salt_Lake_V,22.5744,88.4323,17,24,572,405,0.923689,FRC5,False
2026-02-10T05:25:58.123645,EM_Bypass_North,22.5726,88.3639,23,23,141,141,1.0,FRC3,False
2026-02-10T05:25:59.294245,Park_Street,22.5535,88.3531,14,19,470,346,0.99,FRC4,False
2026-02-10T05:26:00.450507,Howrah_Bridge,22.5851,88.3467,16,23,793,551,1.0,FRC3,False
2026-02-10T05:26:01.607040,Gariahat,22.5189,88.3647,15,22,596,406,0.99817,FRC7,False
2026-02-10T05:26:02.759188,Salt_Lake_V,22.5744,88.4323,16,24,607,405,0.923689,FRC5,False
2026-02-10T05:27:04.032673,EM_Bypass_North,22.5726,88.3639,23,23,141,141,1.0,FRC3,False
2026-02-10T05:27:05.187581,Park_Street,22.5535,88.3531,14,19,470,346,0.99,FRC4,False
2026-02-10T05:27:06.347038,Howrah_Bridge,22.5851,88.3467,16,23,793,551,1.0,FRC3,False
2026-02-10T05:27:07.508263,Gariahat,22.5189,88.3647,15,22,596,406,0.99817,FRC7,False
2026-02-10T05:27:08.668196,Salt_Lake_V,22.5744,88.4323,16,25,607,389,0.927631,FRC5,False
2026-02-10T05:28:09.878509,EM_Bypass_North,22.5726,88.3639,19,22,170,147,0.506175,FRC3,False
2026-02-10T05:28:11.037947,Park_Street,22.5535,88.3531,13,18,506,365,0.99,FRC4,False
2026-02-10T05:28:12.197263,Howrah_Bridge,22.5851,88.3467,17,24,746,528,1.0,FRC3,False
2026-02-10T05:28:13.355454,Gariahat,22.5189,88.3647,15,22,596,406,0.99743,FRC7,False
2026-02-10T05:28:14.507727,Salt_Lake_V,22.5744,88.4323,17,24,572,405,0.927631,FRC5,False
2026-02-10T05:29:15.802256,EM_Bypass_North,22.5726,88.3639,19,22,170,147,0.506175,FRC3,False
2026-02-10T05:29:16.958446,Park_Street,22.5535,88.3531,11,18,598,365,0.99,FRC4,False
2026-02-10T05:29:18.127106,Howrah_Bridge,22.5851,88.3467,18,23,705,551,1.0,FRC3,False
2026-02-10T05:29:19.293837,Gariahat,22.5189,88.3647,15,23,596,389,0.99743,FRC7,False
2026-02-10T05:29:20.453682,Salt_Lake_V,22.5744,88.4323,18,24,540,405,0.927631,FRC5,False
2026-02-10T05:30:21.727130,EM_Bypass_North,22.5726,88.3639,19,22,170,147,0.506175,FRC3,False
2026-02-10T05:30:22.885467,Park_Street,22.5535,88.3531,11,18,598,365,0.99,FRC4,False
2026-02-10T05:30:24.043841,Howrah_Bridge,22.5851,88.3467,16,23,793,551,1.0,FRC3,False
2026-02-10T05:30:25.213655,Gariahat,22.5189,88.3647,15,22,596,406,0.99743,FRC7,False
2026-02-10T05:30:26.371949,Salt_Lake_V,22.5744,88.4323,16,24,607,405,0.927631,FRC5,False
2026-02-10T05:31:27.663174,EM_Bypass_North,22.5726,88.3639,19,22,170,147,0.506175,FRC3,False
2026-02-10T05:31:28.820647,Park_Street,22.5535,88.3531,11,19,598,346,0.99,FRC4,False
2026-02-10T05:31:29.977706,Howrah_Bridge,22.5851,88.3467,17,24,746,528,1.0,FRC3,False
2026-02-10T05:31:31.131042,Gariahat,22.5189,88.3647,15,22,596,406,0.99743,FRC7,False
2026-02-10T05:31:32.285875,Salt_Lake_V,22.5744,88.4323,14,24,694,405,0.927631,FRC5,False
2026-02-10T05:32:33.566442,EM_Bypass_North,22.5726,88.3639,19,22,170,147,0.506175,FRC3,False
2026-02-10T05:32:34.727098,Park_Street,22.5535,88.3531,10,17,658,387,0.995192,FRC4,False
2026-02-10T05:32:35.882843,Howrah_Bridge,22.5851,88.3467,16,24,793,528,1.0,FRC3,False
2026-02-10T05:32:37.040946,Gariahat,22.5189,88.3647,15,22,596,406,0.99817,FRC7,False
2026-02-10T05:32:38.194318,Salt_Lake_V,22.5744,88.4323,14,24,694,405,0.924929,FRC5,False
2026-02-10T05:33:39.481331,EM_Bypass_North,22.5726,88.3639,23,23,141,141,1.0,FRC3,False
2026-02-10T05:33:40.635884,Park_Street,22.5535,88.3531,10,18,658,365,0.995192,FRC4,False
2026-02-10T05:33:41.793544,Howrah_Bridge,22.5851,88.3467,16,23,793,551,1.0,FRC3,False
2026-02-10T05:33:42.949702,Gariahat,22.5189,88.3647,15,22,596,406,0.996573,FRC7,False
2026-02-10T05:33:44.104555,Salt_Lake_V,22.5744,88.4323,16,24,607,405,0.925373,FRC5,False
2026-02-10T05:34:45.384825,EM_Bypass_North,22.5726,88.3639,23,23,141,141,1.0,FRC3,False
2026-02-10T05:34:46.544206,Park_Street,22.5535,88.3531,10,17,658,387,0.995192,FRC4,False
2026-02-10T05:34:47.702093,Howrah_Bridge,22.5851,88.3467,17,24,746,528,1.0,FRC3,False
2026-02-10T05:34:48.855564,Gariahat,22.5189,88.3647,15,23,596,389,0.996573,FRC7,False
2026-02-10T05:34:50.013786,Salt_Lake_V,22.5744,88.4323,15,24,648,405,0.93177,FRC5,False
2026-02-10T05:35:51.225312,EM_Bypass_North,22.5726,88.3639,23,23,141,141,1.0,FRC3,False
2026-02-10T05:35:52.381531,Park_Street,22.5535,88.3531,10,17,658,387,0.995192,FRC4,False
2026-02-10T05:35:53.536781,Howrah_Bridge,22.5851,88.3467,17,23,746,551,1.0,FRC3,False
2026-02-10T05:35:54.691169,Gariahat,22.5189,88.3647,15,22,596,406,0.996573,FRC7,False
2026-02-10T05:35:55.844424,Salt_Lake_V,22.5744,88.4323,16,24,607,405,0.92805,FRC5,False
2026-02-10T05:36:57.127944,EM_Bypass_North,22.5726,88.3639,23,23,141,141,1.0,FRC3,False
2026-02-10T05:36:58.283346,Park_Street,22.5535,88.3531,10,18,658,365,0.996795,FRC4,False
2026-02-10T05:36:59.440552,Howrah_Bridge,22.5851,88.3467,17,23,746,551,1.0,FRC3,False
2026-02-10T05:37:00.598836,Gariahat,22.5189,88.3647,15,23,596,389,0.996573,FRC7,False
2026-02-10T05:37:01.756610,Salt_Lake_V,22.5744,88.4323,17,25,572,389,0.927631,FRC5,False
2026-02-10T05:38:02.963035,EM_Bypass_North,22.5726,88.3639,23,23,141,141,1.0,FRC3,False
2026-02-10T05:38:04.119736,Park_Street,22.5535,88.3531,11,19,598,346,0.99,FRC4,False
2026-02-10T05:38:05.276869,Howrah_Bridge,22.5851,88.3467,17,23,746,551,1.0,FRC3,False
2026-02-10T05:38:06.434034,Gariahat,22.5189,88.3647,17,23,526,389,0.995716,FRC7,False
2026-02-10T05:38:07.595030,Salt_Lake_V,22.5744,88.4323,16,24,607,405,0.927631,FRC5,False
2026-02-10T05:39:08.809254,EM_Bypass_North,22.5726,88.3639,23,23,141,141,1.0,FRC3,False
2026-02-10T05:39:09.963875,Park_Street,22.5535,88.3531,11,18,598,365,0.99,FRC4,False
2026-02-10T05:39:11.116856,Howrah_Bridge,22.5851,88.3467,17,24,746,528,1.0,FRC3,False
2026-02-10T05:39:12.268422,Gariahat,22.5189,88.3647,17,22,526,406,0.995716,FRC7,False
2026-02-10T05:39:13.427669,Salt_Lake_V,22.5744,88.4323,16,25,607,389,0.931215,FRC5,False
2026-02-10T05:40:14.702536,EM_Bypass_North,22.5726,88.3639,23,23,141,141,1.0,FRC3,False
2026-02-10T05:40:15.861687,Park_Street,22.5535,88.3531,11,19,598,346,0.99,FRC4,False
2026-02-10T05:40:17.022120,Howrah_Bridge,22.5851,88.3467,17,23,746,551,1.0,FRC3,False
2026-02-10T05:40:18.189536,Gariahat,22.5189,88.3647,17,23,526,389,0.995716,FRC7,False
2026-02-10T05:40:19.345497,Salt_Lake_V,22.5744,88.4323,16,25,607,389,0.931215,FRC5,False
2026-02-10T05:41:20.555647,EM_Bypass_North,22.5726,88.3639,18,22,180,147,0.512349,FRC3,False
2026-02-10T05:41:21.710456,Park_Street,22.5535,88.3531,11,18,598,365,0.99,FRC4,False
2026-02-10T05:41:22.869193,Howrah_Bridge,22.5851,88.3467,17,23,746,551,1.0,FRC3,False
2026-02-10T05:41:24.024918,Gariahat,22.5189,88.3647,17,22,526,406,0.995716,FRC7,False
2026-02-10T05:41:25.181296,Salt_Lake_V,22.5744,88.4323,15,25,648,389,0.927631,FRC5,False
2026-02-10T05:42:26.382361,EM_Bypass_North,22.5726,88.3639,18,22,180,147,0.512349,FRC3,False
2026-02-10T05:42:27.540436,Park_Street,22.5535,88.3531,11,19,598,346,0.99,FRC4,False
2026-02-10T05:42:28.693333,Howrah_Bridge,22.5851,88.3467,17,24,746,528,1.0,FRC3,False
2026-02-10T05:42:29.845491,Gariahat,22.5189,88.3647,17,22,526,406,0.996573,FRC7,False
2026-02-10T05:42:31.002667,Salt_Lake_V,22.5744,88.4323,14,23,694,422,0.927631,FRC5,False
2026-02-10T05:43:32.213822,EM_Bypass_North,22.5726,88.3639,18,22,180,147,0.512349,FRC3,False
2026-02-10T05:43:33.372680,Park_Street,22.5535,88.3531,13,19,506,346,0.99,FRC4,False
2026-02-10T05:43:34.532060,Howrah_Bridge,22.5851,88.3467,16,24,793,528,1.0,FRC3,False
2026-02-10T05:43:35.687391,Gariahat,22.5189,88.3647,18,22,497,406,0.996573,FRC7,False
2026-02-10T05:43:36.858123,Salt_Lake_V,22.5744,88.4323,16,24,607,405,0.942431,FRC5,False
